"source","category_code","category_path","unmapped_products_count"
kaspi_nonfood,c/stuffed-toys,c/stuffed-toys,1676212
kaspi_nonfood,Sofas,Sofas,1490353
kaspi_nonfood,c/construction-sets,c/construction-sets,1226322
kaspi_nonfood,c/usb-flash-drives,c/usb-flash-drives,713404
kaspi_nonfood,Bedroom mattresses,Bedroom mattresses,641390
kaspi_nonfood,Kitchen sets,Kitchen sets,636938
kaspi_nonfood,c/wireless-equipment,c/wireless-equipment,635431
kaspi_nonfood,c/smart-watches,c/smart-watches,567560
kaspi_nonfood,Faucets,Faucets,561314
kaspi_nonfood,c/fiction,c/fiction,516725
kaspi_nonfood,Table cloths and serving mats,Table cloths and serving mats,431453
kaspi_nonfood,c/tablets,c/tablets,411313
kaspi_nonfood,c/sports-balls,c/sports-balls,410977
kaspi_nonfood,c/headphones,c/headphones,395801
kaspi_nonfood,Beds,Beds,377781
kaspi_nonfood,Watches,Watches,370840
kaspi_nonfood,c/art-paper,c/art-paper,344870
kaspi_nonfood,Draperies and curtains,Draperies and curtains,341900
kaspi_nonfood,c/notebooks,c/notebooks,329198
kaspi_nonfood,c/hair-dryers,c/hair-dryers,329111
kaspi_nonfood,c/exercise-notebooks,c/exercise-notebooks,328653
kaspi_nonfood,c/indoor-house-plants,c/indoor-house-plants,326005
kaspi_nonfood,c/office-paper,c/office-paper,306271
kaspi_nonfood,c/dry-cat-food,c/dry-cat-food,301702
kaspi_nonfood,c/game-consoles,c/game-consoles,264677
kaspi_nonfood,c/flowers,c/flowers,258447
kaspi_nonfood,c/smartphones,c/smartphones,252955
kaspi_nonfood,c/roller-skates,c/roller-skates,249646
kaspi_nonfood,Interior mirrors,Interior mirrors,244629
kaspi_nonfood,c/snow-tubes,c/snow-tubes,243029
kaspi_nonfood,c/drawing-colored-pencils,c/drawing-colored-pencils,231760
kaspi_nonfood,Bedding sets,Bedding sets,230967
kaspi_nonfood,c/pens,c/pens,229061
kaspi_nonfood,Women swimwear,Одежда > Женщинам > Женская пляжная одежда,226300
kaspi_nonfood,Kitchen chairs,Kitchen chairs,208140
kaspi_nonfood,Wallpapers,Wallpapers,187355
kaspi_nonfood,Tulles and curtains,Tulles and curtains,180860
kaspi_nonfood,Chandeliers,Chandeliers,177806
kaspi_nonfood,Towels,Towels,168421
kaspi_nonfood,Cutlery sets,Cutlery sets,134139
kaspi_nonfood,Bed blankets,Bed blankets,133555
kaspi_nonfood,Bed pillows,Bed pillows,132383
kaspi_nonfood,c/photo-cameras,c/photo-cameras,119366
kaspi_nonfood,Kitchen knives,Kitchen knives,117813
kaspi_nonfood,Women tanks and camis,Одежда > Женщинам > Женские топы и майки,117720
kaspi_nonfood,c/tvs,c/tvs,113535
kaspi_nonfood,c/chargers,c/chargers,104767
kaspi_nonfood,Computer desks,Computer desks,101713
kaspi_nonfood,Blinds,Blinds,99332
kaspi_nonfood,Dinnerware sets,Dinnerware sets,96838
kaspi_nonfood,Glasswares and drinkwares,Glasswares and drinkwares,96098
kaspi_nonfood,Women hoodies,Одежда > Женщинам > Женские толстовки и свитшоты,92615
kaspi_nonfood,Contact lenses,Contact lenses,86744
kaspi_nonfood,Rags and sponges,Rags and sponges,81623
kaspi_nonfood,Suitcases,Suitcases,81208
kaspi_nonfood,Umbrellas,Umbrellas,75267
kaspi_nonfood,Girl clothing sets,Одежда > Девочкам > Комплекты одежды для девочек,70501
kaspi_nonfood,Women shorts,Одежда > Женщинам > Женские шорты,68341
kaspi_nonfood,Rubbish bins,Rubbish bins,64013
kaspi_nonfood,Air conditioners,Air conditioners,62438
kaspi_nonfood,Girl pants,Одежда > Девочкам > Брюки для девочек,56694
kaspi_nonfood,Men shorts,Одежда > Мужчинам > Мужские шорты,54240
kaspi_nonfood,Boy clothing sets,Одежда > Мальчикам > Комплекты одежды для мальчиков,53754
kaspi_nonfood,Desk lamps,Desk lamps,50931
kaspi_nonfood,Maternity clothes,Одежда > Женщинам > Одежда для беременных и кормящих,50575
kaspi_nonfood,Heaters,Heaters,49266
kaspi_nonfood,Women workwear,Одежда > Женщинам > Спецодежда для женщин,44578
kaspi_nonfood,Workwear,Одежда > Мужчинам > Спецодежда для мужчин,41497
kaspi_nonfood,Pans,Pans,40779
kaspi_nonfood,Washing gels and liquids,Washing gels and liquids,37935
kaspi_nonfood,Girl leisurewear,Одежда > Девочкам > Домашняя одежда для девочек,37287
kaspi_nonfood,Shoe cleaners,Shoe cleaners,36546
kaspi_nonfood,Paints,Paints,36086
kaspi_nonfood,Girl swimwear,Одежда > Девочкам > Пляжная одежда для девочек,33683
kaspi_nonfood,Light bulbs,Light bulbs,32174
kaspi_nonfood,Women jumpsuits,Одежда > Женщинам > Женские комбинезоны,31255
kaspi_nonfood,Hammers and sledgehammers,Hammers and sledgehammers,30266
kaspi_nonfood,Women bodysuits,Одежда > Женщинам > Женские боди и корсеты,29869
kaspi_nonfood,Cauldrons,Cauldrons,29033
kaspi_nonfood,Powder detergents,Powder detergents,28754
kaspi_nonfood,Dishwashing detergents,Dishwashing detergents,27486
kaspi_nonfood,Girl costumes,Одежда > Девочкам > Карнавальные костюмы для девочек,27031
kaspi_nonfood,Boy shorts,Одежда > Мальчикам > Шорты для мальчиков,26018
kaspi_nonfood,Men swim briefs and shorts,Одежда > Мужчинам > Мужские плавки и шорты для плавания,25225
kaspi_nonfood,Fittings for boiler rooms and heating points,Fittings for boiler rooms and heating points,23753
kaspi_nonfood,Women dresses for namaz,Одежда > Женщинам > Женские намазники,23294
kaspi_nonfood,Girl shorts,Одежда > Девочкам > Шорты для девочек,22893
kaspi_nonfood,Boy costumes,Одежда > Мальчикам > Карнавальные костюмы для мальчиков,21988
kaspi_nonfood,Plumbing detergents,Plumbing detergents,21708
kaspi_nonfood,Women national costumes,Одежда > Женщинам > Женские национальные костюмы,21396
kaspi_nonfood,Boy swim briefs and shorts,Одежда > Мальчикам > Купальные костюмы и плавки для мальчиков,21093
kaspi_nonfood,Power tool nozzles,Power tool nozzles,20613
kaspi_nonfood,Pots,Pots,20358
kaspi_nonfood,Laminate,Laminate,19778
kaspi_nonfood,Tea bowl,Tea bowl,18301
kaspi_nonfood,Girl jeans,Одежда > Девочкам > Джинсы для девочек,17470
kaspi_nonfood,Vacuum cleaners,Vacuum cleaners,17001
kaspi_nonfood,Boy shirts,Одежда > Мальчикам > Рубашки для мальчиков,15610
wolt,БЕЗАЛКОГОЛЬНЫЕ НАПИТКИ🥤 / НАПИТКИ,БЕЗАЛКОГОЛЬНЫЕ НАПИТКИ🥤 / НАПИТКИ,14916
kaspi_nonfood,Kettles,Kettles,14832
wolt,ЗАКУСКИ / ЧИПСЫ ФАСОВАННЫЕ,ЗАКУСКИ / ЧИПСЫ ФАСОВАННЫЕ,14765
wolt,"Готовая еда / Готовые к разогреву, Наборы","Готовая еда / Готовые к разогреву, Наборы",14535
wolt,АЛКОГОЛЬНЫЕ НАПИТКИ🥂 / ВИСКИ🥃,АЛКОГОЛЬНЫЕ НАПИТКИ🥂 / ВИСКИ🥃,14498
kaspi_nonfood,Girl shirts and blouses,Одежда > Девочкам > Рубашки и блузки для девочек,12627
kaspi_nonfood,Men national costumes,Одежда > Мужчинам > Мужские национальные костюмы,12523
wolt,"Молоко, яйца / Йогурты и десерты","Молоко, яйца / Йогурты и десерты",12496
wolt,Бакалея / Консервы и соленья,Бакалея / Консервы и соленья,12474
wolt,Бакалея / Быстро приготовить,Бакалея / Быстро приготовить,12470
wolt,Заморозка / Мороженое и десерты,Заморозка / Мороженое и десерты,12443
kaspi_nonfood,Drying racks,Drying racks,12358
wolt,"Сладости и снеки / Мармелад, зефир, пастила","Сладости и снеки / Мармелад, зефир, пастила",12341
wolt,Красота и гигиена / Личная гигиена ,Красота и гигиена / Личная гигиена ,12328
wolt,Красота и гигиена / Для волос,Красота и гигиена / Для волос,12319
wolt,Красота и гигиена / Бумага и салфетки,Красота и гигиена / Бумага и салфетки,12231
wolt,Красота и гигиена / Для лица,Красота и гигиена / Для лица,12189
wolt,Красота и гигиена / Для ванны и душа,Красота и гигиена / Для ванны и душа,12141
wolt,Вода и напитки / Холодный чай и кофе,Вода и напитки / Холодный чай и кофе,11997
wolt,Красота и гигиена / Гигиена полости рта,Красота и гигиена / Гигиена полости рта,11982
wolt,Для детей / Гигиена и уход,Для детей / Гигиена и уход,11838
wolt,Стирка и уборка / Средства для стирки,Стирка и уборка / Средства для стирки,11796
wolt,Стирка и уборка / Чистящие средства,Стирка и уборка / Чистящие средства,11541
kaspi_nonfood,Cooktops,Cooktops,11535
wolt,Товары для животных / Для кошек,Товары для животных / Для кошек,11471
wolt,"Стирка и уборка / Освежители, ароматизаторы","Стирка и уборка / Освежители, ароматизаторы",11097
kaspi_nonfood,Blenders,Blenders,11033
wolt,Стирка и уборка / Инвентарь для уборки,Стирка и уборка / Инвентарь для уборки,10883
kaspi_nonfood,Boy jeans,Одежда > Мальчикам > Джинсы для мальчиков,10752
wolt,"Чистящие средства / Уборка, Дезинфекция","Чистящие средства / Уборка, Дезинфекция",10640
wolt,"Сладости и снеки / Мед, варенье, паста","Сладости и снеки / Мед, варенье, паста",10472
wolt,Кофе и чай / Растворимые порции,Кофе и чай / Растворимые порции,10395
kaspi_nonfood,Girl national costumes,Одежда > Девочкам > Национальные костюмы для девочек,10321
wolt,Чистящие средства / Бумага и рулоны,Чистящие средства / Бумага и рулоны,9891
wolt,Стирка и уборка / Мытье посуды,Стирка и уборка / Мытье посуды,9651
wolt,СЛАДОСТИ / ШОКОЛАД🍫,СЛАДОСТИ / ШОКОЛАД🍫,9578
kaspi_nonfood,Water filter jugs,Water filter jugs,9450
wolt,ВОДА И НАПИТКИ🥤 / Напитки,ВОДА И НАПИТКИ🥤 / Напитки,9023
wolt,БЕЗАЛКОГОЛЬНЫЕ НАПИТКИ🥤 / ВОДА,БЕЗАЛКОГОЛЬНЫЕ НАПИТКИ🥤 / ВОДА,8602
kaspi_nonfood,Porcelain tile,Porcelain tile,8601
wolt,ПОСУДА🍽 / КРУЖКИ,ПОСУДА🍽 / КРУЖКИ,8558
wolt,Заморозка / Овощи и фрукты,Заморозка / Овощи и фрукты,8524
wolt,"Дом, дача, авто / Посуда","Дом, дача, авто / Посуда",8506
kaspi_nonfood,Building grout,Building grout,8478
kaspi_nonfood,Refrigerators,Refrigerators,8140
wolt,Дом и офис / Товары для дома,Дом и офис / Товары для дома,8048
arbuz,"224645-zdorovoe_pitanie","224645-zdorovoe_pitanie",7825
wolt,Красота и гигиена / Для тела,Красота и гигиена / Для тела,7811
wolt,АЛКОГОЛЬНЫЕ НАПИТКИ🥂 / ЛИКЁР,АЛКОГОЛЬНЫЕ НАПИТКИ🥂 / ЛИКЁР,7439
wolt,ЗАМОРОЖЕННЫЕ ПРОДУКТЫ🍤 / Мороженое и лед,ЗАМОРОЖЕННЫЕ ПРОДУКТЫ🍤 / Мороженое и лед,7344
wolt,ТОВАРЫ ДЛЯ БАНИ🧖 / ШАПКИ,ТОВАРЫ ДЛЯ БАНИ🧖 / ШАПКИ,7180
kaspi_nonfood,Girl jumpsuits,Одежда > Девочкам > Комбинезоны для девочек,7113
kaspi_nonfood,Ironing boards,Ironing boards,6826
wolt,АЛКОГОЛЬНЫЕ НАПИТКИ🥂 / ДЖИН-ТОНИК,АЛКОГОЛЬНЫЕ НАПИТКИ🥂 / ДЖИН-ТОНИК,6605
wolt,"Табачные изделия / Табак, табачные изделия","Табачные изделия / Табак, табачные изделия",6518
wolt,АЛКОГОЛЬНЫЕ НАПИТКИ🥂 / РОМ🍹,АЛКОГОЛЬНЫЕ НАПИТКИ🥂 / РОМ🍹,6311
wolt,"МАСЛО,СЫР, ЯЙЦА🧈 / Сыры","МАСЛО,СЫР, ЯЙЦА🧈 / Сыры",6140
wolt,БЕЗАЛКОГОЛЬНЫЕ НАПИТКИ🥤 / ХОЛОДНЫЙ ЧАЙ,БЕЗАЛКОГОЛЬНЫЕ НАПИТКИ🥤 / ХОЛОДНЫЙ ЧАЙ,6044
kaspi_nonfood,Boy national costumes,Одежда > Мальчикам > Национальные костюмы для мальчиков,6012
kaspi_nonfood,Irons,Irons,5965
kaspi_nonfood,Washers,Washers,5965
kaspi_nonfood,Boy jumpsuits,Одежда > Мальчикам > Комбинезоны для мальчиков,5892
wolt,Уходовая косметика / Интимная гигиена,Уходовая косметика / Интимная гигиена,5883
wolt,"Овощи, фрукты, зелень / Фрукты и ягоды","Овощи, фрукты, зелень / Фрукты и ягоды",5825
wolt,"Молоко, яйца / Национальная кухня","Молоко, яйца / Национальная кухня",5815
wolt,"Дом, дача, авто / Сезонные товары","Дом, дача, авто / Сезонные товары",5808
kaspi_nonfood,Ignition aids,Ignition aids,5608
kaspi_nonfood,Men costumes,Одежда > Мужчинам > Мужские карнавальные костюмы,5497
wolt,НАПИТКИ 🥤 / Газировки,НАПИТКИ 🥤 / Газировки,5393
wolt,ВОДА И НАПИТКИ🥤 / Лимонады,ВОДА И НАПИТКИ🥤 / Лимонады,5387
wolt,СНЭКИ 🥜 / Чипсы,СНЭКИ 🥜 / Чипсы,5352
wolt,СНЭКИ🍟 / Чипсы,СНЭКИ🍟 / Чипсы,5351
wolt,ЗАМОРОЖЕННЫЕ ПРОДУКТЫ 🧊 / Мороженое,ЗАМОРОЖЕННЫЕ ПРОДУКТЫ 🧊 / Мороженое,5214
wolt,Сладости и снеки / Восточные сладости,Сладости и снеки / Восточные сладости,5197
wolt,"МОЛОЧНЫЕ ПРОДУКТЫ 🥛 / Питьевые йогурты, молочные коктейли","МОЛОЧНЫЕ ПРОДУКТЫ 🥛 / Питьевые йогурты, молочные коктейли",5073
wolt,"Дом, дача, авто / Колготки, чулки, носки","Дом, дача, авто / Колготки, чулки, носки",4952
wolt,"Уходовая косметика / Душ, Ванна и Мыло","Уходовая косметика / Душ, Ванна и Мыло",4906
wolt,НАПИТКИ 🥤,НАПИТКИ 🥤,4905
kaspi_nonfood,Meat grinders,Meat grinders,4901
wolt,МОЛОЧНЫЕ ПРОДУКТЫ 🥛,МОЛОЧНЫЕ ПРОДУКТЫ 🥛,4896
kaspi_nonfood,Microwave ovens,Microwave ovens,4816
wolt,ТАБАЧНЫЕ ИЗДЕЛИЯ,ТАБАЧНЫЕ ИЗДЕЛИЯ,4783
wolt,СУВЕНИРНАЯ ПРОДУКЦИЯ / БРЕЛКИ,СУВЕНИРНАЯ ПРОДУКЦИЯ / БРЕЛКИ,4769
kaspi_nonfood,Wallpaper glue,Wallpaper glue,4495
kaspi_nonfood,Eyeglasses,Eyeglasses,4323
wolt,"Дом и офис / Игрушки, игры и книги","Дом и офис / Игрушки, игры и книги",4243
wolt,"Мясо и птица / Паштеты, закуски","Мясо и птица / Паштеты, закуски",4076
wolt,СЛАДОСТИ 🍬 / Шоколад плиточный,СЛАДОСТИ 🍬 / Шоколад плиточный,3994
wolt,Мясо и птица / Сосиски и сардельки,Мясо и птица / Сосиски и сардельки,3993
wolt,"ТОВАРЫ ДЛЯ БАНИ🧖 / МАСЛА, СОЛИ, БРИКЕТЫ","ТОВАРЫ ДЛЯ БАНИ🧖 / МАСЛА, СОЛИ, БРИКЕТЫ",3986
kaspi_nonfood,Freezers,Freezers,3934
kaspi_nonfood,Kitcheners,Kitcheners,3915
kaspi_nonfood,Women costumes,Одежда > Женщинам > Женские карнавальные костюмы,3902
wolt,Бакалея / Зерновые,Бакалея / Зерновые,3880
wolt,ЛЕЧЕНИЕ ЛОР ЗАБОЛЕВАНИЙ,ЛЕЧЕНИЕ ЛОР ЗАБОЛЕВАНИЙ,3850
wolt,ЗАБОЛЕВАНИЯ ОПОРНО-ДВИГАТЕЛЬНОГО АППАРАТА 🏃🏻‍♂️ ,ЗАБОЛЕВАНИЯ ОПОРНО-ДВИГАТЕЛЬНОГО АППАРАТА 🏃🏻‍♂️ ,3850
wolt,ЗАБОЛЕВАНИЯ СЕРДЕЧНО-СОСУДИСТОЙ СИСТЕМЫ 💙,ЗАБОЛЕВАНИЯ СЕРДЕЧНО-СОСУДИСТОЙ СИСТЕМЫ 💙,3850
wolt,ВИТАМИНЫ И МИНЕРАЛЫ 💊,ВИТАМИНЫ И МИНЕРАЛЫ 💊,3850
wolt,ЗАБОЛЕВАНИЯ ЖКТ И ПЕЧЕНИ 🧪,ЗАБОЛЕВАНИЯ ЖКТ И ПЕЧЕНИ 🧪,3850
wolt,ОБЕЗБАЛИВАЮЩИЕ И СПАЗМОЛИТИЧЕСКИЕ СРЕДСТВА 💊,ОБЕЗБАЛИВАЮЩИЕ И СПАЗМОЛИТИЧЕСКИЕ СРЕДСТВА 💊,3850
wolt,НЕВРОЛОГИЯ И ПСИХИАТРИЯ ,НЕВРОЛОГИЯ И ПСИХИАТРИЯ ,3850
wolt,СРЕДСТВА ОТ ГРИППА И ПРОСТУДЫ,СРЕДСТВА ОТ ГРИППА И ПРОСТУДЫ,3850
wolt,ДЕРМАТОЛОГИЧЕСКИЕ СРЕДСТВА 🚿,ДЕРМАТОЛОГИЧЕСКИЕ СРЕДСТВА 🚿,3850
wolt,МЕДИЦИНСКИЕ ИЗДЕЛИЯ И ПРИБОРЫ 💉,МЕДИЦИНСКИЕ ИЗДЕЛИЯ И ПРИБОРЫ 💉,3845
wolt,АКУШЕРСТВО И ГИНЕКОЛОГИЯ ,АКУШЕРСТВО И ГИНЕКОЛОГИЯ ,3819
wolt,АНТИБАКТЕРИАЛЬНЫЕ СРЕДСТВА 🧫,АНТИБАКТЕРИАЛЬНЫЕ СРЕДСТВА 🧫,3755
wolt,"ТРАВЫ, СБОРЫ ","ТРАВЫ, СБОРЫ ",3711
wolt,УХОД ЗА ЛИЦОМ 🧴,УХОД ЗА ЛИЦОМ 🧴,3695
wolt,ГЛАЗНЫЕ ЗАБОЛЕВАНИЯ 👁,ГЛАЗНЫЕ ЗАБОЛЕВАНИЯ 👁,3692
wolt,ЗАБОЛЕВАНИЯ МОЧЕПОЛОВОЙ СИСТЕМЫ 🚽,ЗАБОЛЕВАНИЯ МОЧЕПОЛОВОЙ СИСТЕМЫ 🚽,3675
wolt,ПОСУДА🍽 / ПЛАСТИКОВАЯ ПОСУДА,ПОСУДА🍽 / ПЛАСТИКОВАЯ ПОСУДА,3556
wolt,НАПИТКИ 🥤 / Негазированная вода,НАПИТКИ 🥤 / Негазированная вода,3528
kaspi_food,Whisky,Whisky,3482
wolt,ВОДА 🧊,ВОДА 🧊,3459
wolt,Красота и гигиена / Аптека,Красота и гигиена / Аптека,3455
wolt,ВОДА И НАПИТКИ🥤 / Вода,ВОДА И НАПИТКИ🥤 / Вода,3437
wolt,СРЕДСТВА ОТ АЛЛЕРГИИ ,СРЕДСТВА ОТ АЛЛЕРГИИ ,3390
wolt,АЛКОГОЛЬНЫЕ НАПИТКИ🥂 / ДЖИН,АЛКОГОЛЬНЫЕ НАПИТКИ🥂 / ДЖИН,3353
kaspi_nonfood,Dishwashers,Dishwashers,3288
wolt,"МОЛОЧНЫЕ ПРОДУКТЫ🥛 / Молоко и сливки","МОЛОЧНЫЕ ПРОДУКТЫ🥛 / Молоко и сливки",3247
wolt,"МАСЛО, СОУСЫ И СПЕЦИИ 🌶 / Соус, кетчуп, томатная паста","МАСЛО, СОУСЫ И СПЕЦИИ 🌶 / Соус, кетчуп, томатная паста",3236
wolt,НАПИТКИ 🥤 / Лимонады,НАПИТКИ 🥤 / Лимонады,3232
wolt,АЛКОГОЛЬНЫЕ НАПИТКИ🥂 / НАСТОЙКИ,АЛКОГОЛЬНЫЕ НАПИТКИ🥂 / НАСТОЙКИ,3226
wolt,Дом и офис / Канцелярские принадлежности,Дом и офис / Канцелярские принадлежности,3219
wolt,"МАСЛО, СОУСЫ И СПЕЦИИ 🌶 / Приправы и специи","МАСЛО, СОУСЫ И СПЕЦИИ 🌶 / Приправы и специи",3197
wolt,МОЛОЧНЫЕ ПРОДУКТЫ 🥛 / Сырки,МОЛОЧНЫЕ ПРОДУКТЫ 🥛 / Сырки,3163
wolt,УХОД ДЛЯ ЛИЦА,УХОД ДЛЯ ЛИЦА,3128
kaspi_food,Instant noodles,Instant noodles,3060
wolt,ВОДА И НАПИТКИ / Вода,ВОДА И НАПИТКИ / Вода,3043
wolt,СЕКС ИГРУШКИ ДЛЯ ЖЕНЩИН / Вибраторы для женщин,СЕКС ИГРУШКИ ДЛЯ ЖЕНЩИН / Вибраторы для женщин,3000
wolt,СЕКС ИГРУШКИ ДЛЯ МУЖЧИН / Мастурбаторы для мужчин,СЕКС ИГРУШКИ ДЛЯ МУЖЧИН / Мастурбаторы для мужчин,3000
wolt,"ПРЕЗЕРВАТИВЫ, ГИГИЕНА, ТОЙ-КЛИНЕРЫ / Презервативы ","ПРЕЗЕРВАТИВЫ, ГИГИЕНА, ТОЙ-КЛИНЕРЫ / Презервативы ",3000
wolt,СЕКС ИГРУШКИ ДЛЯ ЖЕНЩИН / Фаллоимитаторы,СЕКС ИГРУШКИ ДЛЯ ЖЕНЩИН / Фаллоимитаторы,3000
wolt,ЧАЙ И КОФЕ ☕️ / Черный чай,ЧАЙ И КОФЕ ☕️ / Черный чай,2957
wolt,Дом и офис / Вечеринка и декор,Дом и офис / Вечеринка и декор,2953
wolt,КОНСЕРВЫ 🥫,КОНСЕРВЫ 🥫,2944
wolt,СЕКС ИГРУШКИ ДЛЯ ДВОИХ / Анальные игрушки,СЕКС ИГРУШКИ ДЛЯ ДВОИХ / Анальные игрушки,2916
wolt,СЕКС ИГРУШКИ ДЛЯ МУЖЧИН / Насадки на член,СЕКС ИГРУШКИ ДЛЯ МУЖЧИН / Насадки на член,2908
wolt,ИНТИМНЫЕ СМАЗКИ / Увлажняющие смазки,ИНТИМНЫЕ СМАЗКИ / Увлажняющие смазки,2906
wolt,ВОЗБУЖДАЮЩИЕ СРЕДСТВА / Возбудители для мужчин,ВОЗБУЖДАЮЩИЕ СРЕДСТВА / Возбудители для мужчин,2897
wolt,СЕКС ИГРУШКИ ДЛЯ ЖЕНЩИН / Стимуляторы клитора,СЕКС ИГРУШКИ ДЛЯ ЖЕНЩИН / Стимуляторы клитора,2848
wolt,ЗАБОЛЕВАНИЯ ЭНДОКРИННОЙ СИСТЕМЫ,ЗАБОЛЕВАНИЯ ЭНДОКРИННОЙ СИСТЕМЫ,2842
wolt,ПРИМЕЧАНИЕ❗️,ПРИМЕЧАНИЕ❗️,2825
wolt,ИНТИМНЫЕ СМАЗКИ / Лубриканты для орального секса,ИНТИМНЫЕ СМАЗКИ / Лубриканты для орального секса,2808
wolt,ИНТИМНЫЕ СМАЗКИ / Лубриканты возбуждающие,ИНТИМНЫЕ СМАЗКИ / Лубриканты возбуждающие,2806
wolt,НАПИТКИ 🧃,НАПИТКИ 🧃,2802
wolt,БЫТОВАЯ ХИМИЯ И КОСМЕТИКА 🧼,БЫТОВАЯ ХИМИЯ И КОСМЕТИКА 🧼,2802
wolt,СЕКС ИГРУШКИ ДЛЯ ДВОИХ / Страпоны,СЕКС ИГРУШКИ ДЛЯ ДВОИХ / Страпоны,2778
wolt,СРЕДСТВА ГИГИЕНЫ🪥 / Женская гигиена,СРЕДСТВА ГИГИЕНЫ🪥 / Женская гигиена,2768
wolt,СЕКСУАЛЬНЫЕ ПОДАРКИ / Подарки,СЕКСУАЛЬНЫЕ ПОДАРКИ / Подарки,2765
wolt,БАД,БАД,2764
wolt,ИГРУШКИ БДСМ / Наручники БДСМ,ИГРУШКИ БДСМ / Наручники БДСМ,2730
wolt,Дом и офис / Дача и сад,Дом и офис / Дача и сад,2718
wolt,"ЭРОТИЧЕСКОЕ БЕЛЬЕ / Чулки, пояса и колготки для секса","ЭРОТИЧЕСКОЕ БЕЛЬЕ / Чулки, пояса и колготки для секса",2709
wolt,СНЕКИ 🥜,СНЕКИ 🥜,2700
wolt,СЛАДОСТИ И СНЕКИ 🍫,СЛАДОСТИ И СНЕКИ 🍫,2700
wolt,ВИСКИ🥃 / Виски,ВИСКИ🥃 / Виски,2700
wolt,"ЧАИ, КОФЕ, КАКАО ☕️","ЧАИ, КОФЕ, КАКАО ☕️",2700
wolt,БЕЗАЛКОГОЛЬНЫЕ НАПИТКИ🥤 / Напитки,БЕЗАЛКОГОЛЬНЫЕ НАПИТКИ🥤 / Напитки,2700
wolt,"СЛАДОСТИ(Мармелад,маршлмелоу)","СЛАДОСТИ(Мармелад,маршлмелоу)",2700
wolt,ИНТИМНЫЕ СМАЗКИ / Женские духи с феромонами,ИНТИМНЫЕ СМАЗКИ / Женские духи с феромонами,2682
wolt,ТОВАРЫ ДЛЯ ДЕТЕЙ 👶🏻,ТОВАРЫ ДЛЯ ДЕТЕЙ 👶🏻,2677
wolt,РОЗЫ 🌹,РОЗЫ 🌹,2676
wolt,КРЕПКИЙ АЛКОГОЛЬ 🥃,КРЕПКИЙ АЛКОГОЛЬ 🥃,2664
wolt,ЭРОТИЧЕСКОЕ БЕЛЬЕ / Эротическое белье,ЭРОТИЧЕСКОЕ БЕЛЬЕ / Эротическое белье,2662
wolt,ЭРОТИЧЕСКОЕ БЕЛЬЕ / Эротическое белье с доступом,ЭРОТИЧЕСКОЕ БЕЛЬЕ / Эротическое белье с доступом,2656
wolt,ЭРОТИЧЕСКОЕ БЕЛЬЕ / Трусики для секса,ЭРОТИЧЕСКОЕ БЕЛЬЕ / Трусики для секса,2655
wolt,СЕКС ИГРУШКИ ДЛЯ МУЖЧИН / Кольца для члена,СЕКС ИГРУШКИ ДЛЯ МУЖЧИН / Кольца для члена,2634
wolt,Стирка и уборка / Уход за вещами,Стирка и уборка / Уход за вещами,2599
wolt,ДИЕТИЧЕСКИЕ ТОВАРЫ 🏃‍♀️,ДИЕТИЧЕСКИЕ ТОВАРЫ 🏃‍♀️,2586
wolt,СЛАДОСТИ 🍬 / Батончики,СЛАДОСТИ 🍬 / Батончики,2580
wolt,ИНТИМНЫЕ СМАЗКИ / Эротические масла,ИНТИМНЫЕ СМАЗКИ / Эротические масла,2578
wolt,"МАСЛО, СЫР, ЯИЦА 🥚 / Сыр","МАСЛО, СЫР, ЯИЦА 🥚 / Сыр",2560
wolt,АЛКОГОЛЬНЫЕ НАПИТКИ🥂 / МИНИ-БУТЫЛКИ,АЛКОГОЛЬНЫЕ НАПИТКИ🥂 / МИНИ-БУТЫЛКИ,2523
wolt,ЖЕНСКАЯ ГИГИЕНА 👸🏻,ЖЕНСКАЯ ГИГИЕНА 👸🏻,2523
wolt,"МАСЛО, СЫР, ЯЙЦА 🧀🥚 / Плавленые сыры","МАСЛО, СЫР, ЯЙЦА 🧀🥚 / Плавленые сыры",2497
wolt,БАКАЛЕЯ 🥨,БАКАЛЕЯ 🥨,2496
wolt,БЫТОВАЯ ХИМИЯ🧼 / Чистящие средства,БЫТОВАЯ ХИМИЯ🧼 / Чистящие средства,2489
wolt,СЕКС ИГРУШКИ ДЛЯ ЖЕНЩИН / Тренажеры для мышц влагалища,СЕКС ИГРУШКИ ДЛЯ ЖЕНЩИН / Тренажеры для мышц влагалища,2471
wolt,СЛАДОСТИ / ДРАЖЕ,СЛАДОСТИ / ДРАЖЕ,2449
wolt,"КОНФЕТЫ И СЛАДОСТИ 🍭 / Печенье и вафли","КОНФЕТЫ И СЛАДОСТИ 🍭 / Печенье и вафли",2433
wolt,ЧАЙ 🫖,ЧАЙ 🫖,2424
wolt,ВСЕ ДЛЯ ДОМА 🏡,ВСЕ ДЛЯ ДОМА 🏡,2418
wolt,ЗАМОРОЖЕННАЯ ПРОДУКЦИЯ 🥟,ЗАМОРОЖЕННАЯ ПРОДУКЦИЯ 🥟,2412
wolt,ЭРОТИЧЕСКОЕ БЕЛЬЕ / Женские эротические боди,ЭРОТИЧЕСКОЕ БЕЛЬЕ / Женские эротические боди,2405
wolt,УХОД ДЛЯ ВОЛОС,УХОД ДЛЯ ВОЛОС,2404
wolt,ХОЗЯЙСТВЕННЫЕ ТОВАРЫ 🧼,ХОЗЯЙСТВЕННЫЕ ТОВАРЫ 🧼,2400
wolt,МЯСНЫЕ ИЗДЕЛИЯ 🥓,МЯСНЫЕ ИЗДЕЛИЯ 🥓,2400
wolt,ДЕТСКОЕ ПИТАНИЕ 🍭,ДЕТСКОЕ ПИТАНИЕ 🍭,2400
wolt,ЗАМОРОЖЕННЫЕ ПРОДУКТЫ 🥟,ЗАМОРОЖЕННЫЕ ПРОДУКТЫ 🥟,2400
wolt,ЗООТОВАРЫ 🐈,ЗООТОВАРЫ 🐈,2400
wolt,ЗДОРОВОЕ ПИТАНИЕ 🥗 / Без сахара,ЗДОРОВОЕ ПИТАНИЕ 🥗 / Без сахара,2384
wolt,"МОЛОЧНЫЕ ПРОДУКТЫ🥛 / Творог и сметана","МОЛОЧНЫЕ ПРОДУКТЫ🥛 / Творог и сметана",2367
wolt,Чистящие средства / Стирка,Чистящие средства / Стирка,2335
wolt,"МАСЛО, СЫР, ЯЙЦА 🧀🥚 / Сыр","МАСЛО, СЫР, ЯЙЦА 🧀🥚 / Сыр",2300
wolt,"ВОДА И НАПИТКИ🥤 / Негазированные напитки","ВОДА И НАПИТКИ🥤 / Негазированные напитки",2266
wolt,НАПИТКИ🥤,НАПИТКИ🥤,2246
wolt,ЖЕНСКАЯ ПАРФЮМЕРИЯ,ЖЕНСКАЯ ПАРФЮМЕРИЯ,2237
wolt,"МОЛОЧНЫЕ ПРОДУКТЫ🥛 / Коктейли и сгущенное молоко","МОЛОЧНЫЕ ПРОДУКТЫ🥛 / Коктейли и сгущенное молоко",2236
wolt,АЛКОГОЛЬНЫЕ НАПИТКИ🥂 / ТЕКИЛА,АЛКОГОЛЬНЫЕ НАПИТКИ🥂 / ТЕКИЛА,2230
wolt,ХОЗЯЙСТВЕННЫЕ ТОВАРЫ🧹 / Инвентарь для уборки,ХОЗЯЙСТВЕННЫЕ ТОВАРЫ🧹 / Инвентарь для уборки,2196
wolt,"ЙОГУРТЫ И СЫРКИ🍶 / Питьевые йогурты","ЙОГУРТЫ И СЫРКИ🍶 / Питьевые йогурты",2162
wolt,ТОКПОККИ,ТОКПОККИ,2154
wolt,ИНТИМНЫЕ СМАЗКИ / Смазки для анального секса,ИНТИМНЫЕ СМАЗКИ / Смазки для анального секса,2136
wolt,МОНОБУКЕТЫ🌸,МОНОБУКЕТЫ🌸,2130
wolt,ЕВРОБУКЕТЫ🌺,ЕВРОБУКЕТЫ🌺,2130
wolt,"Уходовая косметика / Уход за лицом, телом и кожей","Уходовая косметика / Уход за лицом, телом и кожей",2128
wolt,СКИДКИ,СКИДКИ,2116
wolt,Консервы / Антипасти,Консервы / Антипасти,2065
wolt,СРЕДСТВА ГИГИЕНЫ🪥 / Уход за волосами,СРЕДСТВА ГИГИЕНЫ🪥 / Уход за волосами,2060
wolt,ТАБАЧНАЯ ПРОДУКЦИЯ / Сигареты,ТАБАЧНАЯ ПРОДУКЦИЯ / Сигареты,2050
wolt,ВОДА И НАПИТКИ 🥤 / Вода,ВОДА И НАПИТКИ 🥤 / Вода,2050
wolt,НАПИТКИ 🥤 / Газированная вода,НАПИТКИ 🥤 / Газированная вода,2042
wolt,ВОДА И НАПИТКИ 🥤 / Холодный чай и кофе,ВОДА И НАПИТКИ 🥤 / Холодный чай и кофе,2042
wolt,СНЭКИ 🍟🍿 / Чипсы,СНЭКИ 🍟🍿 / Чипсы,2012
wolt,КОМПОЗИЦИИ💗,КОМПОЗИЦИИ💗,2004
wolt,"СНЭКИ 🍟 / Чипсы, арахис, семечки","СНЭКИ 🍟 / Чипсы, арахис, семечки",2000
wolt,ЗАМОРОЖЕННАЯ ПРОДУКЦИЯ 🥟 / Мороженое и лёд,ЗАМОРОЖЕННАЯ ПРОДУКЦИЯ 🥟 / Мороженое и лёд,2000
wolt,ТАБАЧНЫЕ ИЗДЕЛИЯ 🚫,ТАБАЧНЫЕ ИЗДЕЛИЯ 🚫,1980
wolt,"СНЭКИ 🍟 / Драже, леденцы, жвачки","СНЭКИ 🍟 / Драже, леденцы, жвачки",1977
wolt,"ЙОГУРТЫ И СЫРКИ🍶 / Термостатные йогурты","ЙОГУРТЫ И СЫРКИ🍶 / Термостатные йогурты",1950
kaspi_food,Vegetable oils,Vegetable oils,1949
wolt,"Закуски, чипсы, орехи / Попкорн","Закуски, чипсы, орехи / Попкорн",1943
wolt,УХОД ЗА ЗУБАМИ,УХОД ЗА ЗУБАМИ,1929
wolt,ЭРОТИЧЕСКОЕ БЕЛЬЕ / Костюмы эротические,ЭРОТИЧЕСКОЕ БЕЛЬЕ / Костюмы эротические,1916
wolt,ВИСКИ / Купажированный,ВИСКИ / Купажированный,1902
wolt,КОСМЕТИЧЕСКИЕ И ЭФИРНЫЕ МАСЛА,КОСМЕТИЧЕСКИЕ И ЭФИРНЫЕ МАСЛА,1892
wolt,БЫТОВАЯ ХИМИЯ🧼 / Всё для стирки,БЫТОВАЯ ХИМИЯ🧼 / Всё для стирки,1891
wolt,ДЕТСКОЕ ПИТАНИЕ И ГИГИЕНА 👶🏻 / Детская гигиена,ДЕТСКОЕ ПИТАНИЕ И ГИГИЕНА 👶🏻 / Детская гигиена,1890
wolt,ВОДА 💧,ВОДА 💧,1871
wolt,СЛАДОСТИ 🍬 / Бисквиты и круассаны,СЛАДОСТИ 🍬 / Бисквиты и круассаны,1861
wolt,ВИСКИ 🥃,ВИСКИ 🥃,1851
wolt,МОЛОЧНАЯ ПРОДУКЦИЯ 🥛 / Кисломолочная продукция,МОЛОЧНАЯ ПРОДУКЦИЯ 🥛 / Кисломолочная продукция,1847
wolt,БЕЗАЛКОГОЛЬНЫЕ НАПИТКИ🥤 / Вода,БЕЗАЛКОГОЛЬНЫЕ НАПИТКИ🥤 / Вода,1836
wolt,ПРЕЗЕРВАТИВЫ И ЛУБРИКАНТЫ 🔞,ПРЕЗЕРВАТИВЫ И ЛУБРИКАНТЫ 🔞,1828
wolt,КРЕПКИЙ АЛКОГОЛЬ🥃 / ВИСКИ🥃,КРЕПКИЙ АЛКОГОЛЬ🥃 / ВИСКИ🥃,1818
wolt,Здоровье / Презервативы и смазки,Здоровье / Презервативы и смазки,1816
wolt,ВИСКИ / Односолодовый,ВИСКИ / Односолодовый,1807
wolt,"БЕЗАЛКОГОЛЬНЫЕ НАПИТКИ / ЛИМОНАДЫ,  НАПИТКИ ГАЗИРОВАННЫЕ","БЕЗАЛКОГОЛЬНЫЕ НАПИТКИ / ЛИМОНАДЫ,  НАПИТКИ ГАЗИРОВАННЫЕ",1800
wolt,FAN PASS,FAN PASS,1800
wolt,ГАСТРОНОМИЯ / СЫРЫ,ГАСТРОНОМИЯ / СЫРЫ,1800
wolt,ВОДА И НАПИТКИ 🧃 / Напитки,ВОДА И НАПИТКИ 🧃 / Напитки,1800
wolt,УХОД ЗА ВОЛОСАМИ 💇🏻‍♀️,УХОД ЗА ВОЛОСАМИ 💇🏻‍♀️,1790
wolt,ХОЗТОВАРЫ И БЫТОВАЯ ХИМИЯ / Уборка и чистота,ХОЗТОВАРЫ И БЫТОВАЯ ХИМИЯ / Уборка и чистота,1788
wolt,АВТОТОВАРЫ 🚗 / Автомобильные масла и жидкости,АВТОТОВАРЫ 🚗 / Автомобильные масла и жидкости,1776
wolt,"ДЕТСКОЕ ПИТАНИЕ И ГИГИЕНА 👶🏻 / Подгузники, салфетки","ДЕТСКОЕ ПИТАНИЕ И ГИГИЕНА 👶🏻 / Подгузники, салфетки",1764
wolt,ТАБАЧНАЯ ПРОДУКЦИЯ💨 / Winston,ТАБАЧНАЯ ПРОДУКЦИЯ💨 / Winston,1756
wolt,"МОЛОЧНЫЕ ПРОДУКТЫ / Кефир, сметана, кисломолочные продукты","МОЛОЧНЫЕ ПРОДУКТЫ / Кефир, сметана, кисломолочные продукты",1750
wolt,ТОВАРЫ ДЛЯ ЖИВОТНЫХ / Для кошек,ТОВАРЫ ДЛЯ ЖИВОТНЫХ / Для кошек,1750
wolt,"Дом, дача, авто / Канцелярские товары","Дом, дача, авто / Канцелярские товары",1742
wolt,КОНФЕТЫ И СЛАДОСТИ 🍭,КОНФЕТЫ И СЛАДОСТИ 🍭,1740
wolt,"КОНФЕТЫ И СЛАДОСТИ 🍭 / Шоколад, батончики, паста","КОНФЕТЫ И СЛАДОСТИ 🍭 / Шоколад, батончики, паста",1738
wolt,СЕКС ИГРУШКИ ДЛЯ ЖЕНЩИН / Виброяйца и вибропули,СЕКС ИГРУШКИ ДЛЯ ЖЕНЩИН / Виброяйца и вибропули,1727
wolt,УХОД ДЛЯ ТЕЛА,УХОД ДЛЯ ТЕЛА,1726
wolt,Купажированный виски,Купажированный виски,1722
wolt,"МАСЛО, СОУСЫ И СПЕЦИИ 🌶 / Растительное масло","МАСЛО, СОУСЫ И СПЕЦИИ 🌶 / Растительное масло",1718
wolt,СЕКС ИГРУШКИ ДЛЯ МУЖЧИН / Средства для увеличения члена,СЕКС ИГРУШКИ ДЛЯ МУЖЧИН / Средства для увеличения члена,1710
wolt,ФРУКТЫ 🥭,ФРУКТЫ 🥭,1704
wolt,"КОНФЕТЫ И СЛАДОСТИ 🍭 / Круассаны, пряники, рулеты","КОНФЕТЫ И СЛАДОСТИ 🍭 / Круассаны, пряники, рулеты",1701
wolt,НАПИТКИ 🥤 / Напитки,НАПИТКИ 🥤 / Напитки,1695
wolt,ВОДА И НАПИТКИ / Пиво неразливное,ВОДА И НАПИТКИ / Пиво неразливное,1691
wolt,"ЭРОТИЧЕСКОЕ БЕЛЬЕ / Пеньюары, сорочки и бэбидоллы","ЭРОТИЧЕСКОЕ БЕЛЬЕ / Пеньюары, сорочки и бэбидоллы",1688
wolt,"ЗАМОРОЖЕННАЯ ПРОДУКЦИЯ 🥟 / Мороженое и лёд","ЗАМОРОЖЕННАЯ ПРОДУКЦИЯ 🥟 / Мороженое и лёд",1688
wolt,КАНЦТОВАРЫ И БУМАГА,КАНЦТОВАРЫ И БУМАГА,1680
wolt,ИНТИМНЫЕ СМАЗКИ / Феромоны для мужчин,ИНТИМНЫЕ СМАЗКИ / Феромоны для мужчин,1677
wolt,"ТАБАЧНЫЕ ИЗДЕЛИЯ, ЗАЖИГАЛКИ","ТАБАЧНЫЕ ИЗДЕЛИЯ, ЗАЖИГАЛКИ",1670
wolt,СЛАДОСТИ / ШОКОЛАДНЫЕ ЯЙЦА,СЛАДОСТИ / ШОКОЛАДНЫЕ ЯЙЦА,1669
wolt,СТОМАТОЛОГИЧЕСКИЕ СРЕДСТВА ,СТОМАТОЛОГИЧЕСКИЕ СРЕДСТВА ,1658
wolt,СНЭКИ🍟 / Сладкие,СНЭКИ🍟 / Сладкие,1654
wolt,СНЭКИ🍟 / Семечки,СНЭКИ🍟 / Семечки,1652
wolt,ТАБАЧНАЯ ПРОДУКЦИЯ💨 / Другие сигареты,ТАБАЧНАЯ ПРОДУКЦИЯ💨 / Другие сигареты,1641
wolt,ЧАЙ ☕️,ЧАЙ ☕️,1633
wolt,БЕЗАЛКОГОЛЬНЫЕ НАПИТКИ / ЧАЙ ХОЛОДНЫЙ,БЕЗАЛКОГОЛЬНЫЕ НАПИТКИ / ЧАЙ ХОЛОДНЫЙ,1630
wolt,СНЭКИ 🥜 / Семечки,СНЭКИ 🥜 / Семечки,1630
wolt,ЧАЙ,ЧАЙ,1619
wolt,ИГРУШКИ БДСМ / Плетки BDSM,ИГРУШКИ БДСМ / Плетки BDSM,1618
wolt,СРЕДСТВА ДЛЯ ДУША И ВАННЫ,СРЕДСТВА ДЛЯ ДУША И ВАННЫ,1611
wolt,"МАСЛО, СЫР, ЯЙЦА 🧀🥚 / Полутвердые сыры","МАСЛО, СЫР, ЯЙЦА 🧀🥚 / Полутвердые сыры",1610
wolt,"МОЛОЧНЫЕ ПРОДУКТЫ🥛 / Кисломолочные напитки","МОЛОЧНЫЕ ПРОДУКТЫ🥛 / Кисломолочные напитки",1608
wolt,ТОВАРЫ ДЛЯ ДОМА / Товары для кухни,ТОВАРЫ ДЛЯ ДОМА / Товары для кухни,1606
wolt,НАПИТКИ🥤 / Безалкогольные напитки,НАПИТКИ🥤 / Безалкогольные напитки,1600
wolt,ТОВАРЫ ДЛЯ БАНИ🧖 / НАБОРЫ ДЛЯ БАНИ,ТОВАРЫ ДЛЯ БАНИ🧖 / НАБОРЫ ДЛЯ БАНИ,1596
wolt,СНЭКИ 🍿 / Чипсы,СНЭКИ 🍿 / Чипсы,1586
wolt,ХОЗТОВАРЫ И БЫТОВАЯ ХИМИЯ / Гигиенические товары,ХОЗТОВАРЫ И БЫТОВАЯ ХИМИЯ / Гигиенические товары,1572
wolt,Для детей / Подгузники и салфетки,Для детей / Подгузники и салфетки,1540
wolt,ТАБАЧНАЯ ПРОДУКЦИЯ / СИГАРЕТЫ,ТАБАЧНАЯ ПРОДУКЦИЯ / СИГАРЕТЫ,1537
wolt,Стандарт,Стандарт,1536
wolt,ТОВАРЫ ДЛЯ БАНИ🧖 / ВЕНИКИ,ТОВАРЫ ДЛЯ БАНИ🧖 / ВЕНИКИ,1536
wolt,БАКАЛЕЯ / Растительное масло,БАКАЛЕЯ / Растительное масло,1530
wolt,СЛАДКОЕ 🍬 / Восточные сладости,СЛАДКОЕ 🍬 / Восточные сладости,1511
wolt,ГОТОВАЯ ЕДА 🥘,ГОТОВАЯ ЕДА 🥘,1500
wolt,ХОЗТОВАРЫ И БЫТОВАЯ ХИМИЯ / Уход за кожей лица и тела,ХОЗТОВАРЫ И БЫТОВАЯ ХИМИЯ / Уход за кожей лица и тела,1500
wolt,МОЛОЧНЫЕ ПРОДУКТЫ 🥛 / Кефир,МОЛОЧНЫЕ ПРОДУКТЫ 🥛 / Кефир,1494
wolt,ЭРОТИЧЕСКОЕ БЕЛЬЕ / Комплекты эротического белья,ЭРОТИЧЕСКОЕ БЕЛЬЕ / Комплекты эротического белья,1490
wolt,НАПИТКИ 🥤 / Нектары,НАПИТКИ 🥤 / Нектары,1486
wolt,ХОЗТОВАРЫ И БЫТОВАЯ ХИМИЯ / Уход за волосами,ХОЗТОВАРЫ И БЫТОВАЯ ХИМИЯ / Уход за волосами,1482
wolt,ТОВАРЫ ДЛЯ ДОМА / Уборка и уход за домом,ТОВАРЫ ДЛЯ ДОМА / Уборка и уход за домом,1481
wolt,"Овощи, фрукты, зелень / Зелень и салаты","Овощи, фрукты, зелень / Зелень и салаты",1475
wolt,СЕКСУАЛЬНЫЕ ПОДАРКИ / Эротические подарки и сувениры для взрослых,СЕКСУАЛЬНЫЕ ПОДАРКИ / Эротические подарки и сувениры для взрослых,1464
wolt,БАКАЛЕЯ / Соусы,БАКАЛЕЯ / Соусы,1454
wolt,ТАБАЧНАЯ ПРОДУКЦИЯ💨 / Terea,ТАБАЧНАЯ ПРОДУКЦИЯ💨 / Terea,1450
kaspi_food,Sunflower seeds,Sunflower seeds,1447
wolt,СУХОЙ КОРМ ДЛЯ КОШЕК 🐱,СУХОЙ КОРМ ДЛЯ КОШЕК 🐱,1440
wolt,ТОВАРЫ ДЛЯ БАНИ🧖 / РАЗНОЕ ДЛЯ БАНИ,ТОВАРЫ ДЛЯ БАНИ🧖 / РАЗНОЕ ДЛЯ БАНИ,1437
wolt,ТОВАРЫ ДЛЯ БАНИ🧖 / РУКОВИЦЫ,ТОВАРЫ ДЛЯ БАНИ🧖 / РУКОВИЦЫ,1436
wolt,Скидки дня / Скидки дня,Скидки дня / Скидки дня,1430
wolt,Нижнее белье,Нижнее белье,1430
wolt,"ПРЕЗЕРВАТИВЫ, ГИГИЕНА, ТОЙ-КЛИНЕРЫ / Гигиена","ПРЕЗЕРВАТИВЫ, ГИГИЕНА, ТОЙ-КЛИНЕРЫ / Гигиена",1428
wolt,МАСЛО. СОУСЫ. СПЕЦИИ / Всё для выпечки,МАСЛО. СОУСЫ. СПЕЦИИ / Всё для выпечки,1426
wolt,Праздничная атрибутика ,Праздничная атрибутика ,1426
wolt,ТОВАРЫ ДЛЯ ОТДЫХА / РАЗНЫЕ ТОВАРЫ ДЛЯ ОТДЫХА,ТОВАРЫ ДЛЯ ОТДЫХА / РАЗНЫЕ ТОВАРЫ ДЛЯ ОТДЫХА,1421
wolt,НАПИТКИ 🥤 / Чай,НАПИТКИ 🥤 / Чай,1420
wolt,"СНЕКИ🥜 / Драже, леденцы и жвачки","СНЕКИ🥜 / Драже, леденцы и жвачки",1416
wolt,ЗАБОЛЕВАНИЯ СИСТЕМЫ КРОВИ 🩸,ЗАБОЛЕВАНИЯ СИСТЕМЫ КРОВИ 🩸,1413
wolt,ЧИСТЯЩИЕ СРЕДСТВА 🧼,ЧИСТЯЩИЕ СРЕДСТВА 🧼,1410
wolt,ЗАМОРОЖЕННЫЕ ПРОДУКТЫ / МОРОЖЕНОЕ,ЗАМОРОЖЕННЫЕ ПРОДУКТЫ / МОРОЖЕНОЕ,1410
wolt,Домашние питомцы / Корм и уход за кошками,Домашние питомцы / Корм и уход за кошками,1408
wolt,ВИТАМИНЫ СОЛГАР,ВИТАМИНЫ СОЛГАР,1404
wolt,ТОВАРЫ ДЛЯ ДОМА / Средства для унитаза,ТОВАРЫ ДЛЯ ДОМА / Средства для унитаза,1402
wolt,СРЕДСТВА ГИГИЕНЫ 🛁 / Уход за полостью рта,СРЕДСТВА ГИГИЕНЫ 🛁 / Уход за полостью рта,1400
wolt,СРЕДСТВА ГИГИЕНЫ 🛁 / Уход за телом,СРЕДСТВА ГИГИЕНЫ 🛁 / Уход за телом,1400
wolt,ЗАБОЛЕВАНИЯ ДЫХАТЕЛЬНОЙ СИСТЕМЫ 🌬,ЗАБОЛЕВАНИЯ ДЫХАТЕЛЬНОЙ СИСТЕМЫ 🌬,1398
wolt,БАКАЛЕЯ / Корейские продукты,БАКАЛЕЯ / Корейские продукты,1398
wolt,СРЕДСТВА ГИГИЕНЫ / Зубная паста,СРЕДСТВА ГИГИЕНЫ / Зубная паста,1392
wolt,БЕЗАЛКОГОЛЬНЫЕ НАПИТКИ🥤 / НАПИТКИ РАЗЛИВНЫЕ,БЕЗАЛКОГОЛЬНЫЕ НАПИТКИ🥤 / НАПИТКИ РАЗЛИВНЫЕ,1390
wolt,"КОНФЕТЫ И СЛАДОСТИ 🍭 / Дражже, жевательная резинка, леденцы","КОНФЕТЫ И СЛАДОСТИ 🍭 / Дражже, жевательная резинка, леденцы",1383
wolt,СРЕДСТВА ГИГИЕНЫ / Мыло твердое,СРЕДСТВА ГИГИЕНЫ / Мыло твердое,1377
kaspi_nonfood,Girl blazers,Одежда > Девочкам > Пиджаки для девочек,1373
wolt,АЛКОГОЛЬ 🥃 / Пиво,АЛКОГОЛЬ 🥃 / Пиво,1372
wolt,БЫТОВАЯ ХИМИЯ / ДЛЯ СТИРКИ,БЫТОВАЯ ХИМИЯ / ДЛЯ СТИРКИ,1371
wolt,ХОЗЯЙСТВЕННЫЕ ТОВАРЫ🧹 / Одноразовая посуда,ХОЗЯЙСТВЕННЫЕ ТОВАРЫ🧹 / Одноразовая посуда,1365
wolt,"Уходовая косметика / Шампунь, Уход за волосами","Уходовая косметика / Шампунь, Уход за волосами",1364
kaspi_food,Rum,Rum,1362
wolt,ГИГИЕНА И УХОД 🛁,ГИГИЕНА И УХОД 🛁,1353
wolt,ЗАКУСКИ🍤 / ЗАКУСКИ 🍟,ЗАКУСКИ🍤 / ЗАКУСКИ 🍟,1344
wolt,"МАСЛО, СЫР, ЯИЦА 🥚 / Масло","МАСЛО, СЫР, ЯИЦА 🥚 / Масло",1343
wolt,"СРЕДСТВА ГИГИЕНЫ 🛁 / Бумага, салфетки","СРЕДСТВА ГИГИЕНЫ 🛁 / Бумага, салфетки",1335
wolt,МОЛОЧНЫЕ ПРОДУКТЫ / Молоко/ кисломолочные напитки,МОЛОЧНЫЕ ПРОДУКТЫ / Молоко/ кисломолочные напитки,1332
wolt,АЛКОГОЛЬНЫЕ НАПИТКИ 🥂 / Виски,АЛКОГОЛЬНЫЕ НАПИТКИ 🥂 / Виски,1322
wolt,ТОВАРЫ ДЛЯ ДОМА / Стиральные порошки,ТОВАРЫ ДЛЯ ДОМА / Стиральные порошки,1312
wolt,МАСЛО. СЫР. ЯЙЦА / Плавленные сыры,МАСЛО. СЫР. ЯЙЦА / Плавленные сыры,1307
wolt,Скидки до 50%,Скидки до 50%,1305
wolt,ДЕТСКОЕ ПИТАНИЕ И КОРМЛЕНИЕ,ДЕТСКОЕ ПИТАНИЕ И КОРМЛЕНИЕ,1290
wolt,СРЕДСТВА ГИГИЕНЫ 🛁 / Женская гигиена,СРЕДСТВА ГИГИЕНЫ 🛁 / Женская гигиена,1288
wolt,ВОЗБУЖДАЮЩИЕ СРЕДСТВА / Возбудители для женщин,ВОЗБУЖДАЮЩИЕ СРЕДСТВА / Возбудители для женщин,1285
wolt,Товары для животных / Для собак,Товары для животных / Для собак,1284
wolt,"ОВОЩИ И ФРУКТЫ🥑 / Орехи и сухофрукты","ОВОЩИ И ФРУКТЫ🥑 / Орехи и сухофрукты",1284
wolt,СРЕДСТВА ГИГИЕНЫ🪥 / Зубная паста,СРЕДСТВА ГИГИЕНЫ🪥 / Зубная паста,1277
wolt,ТОВАРЫ ДЛЯ ДОМА / Средства для мытья посуды,ТОВАРЫ ДЛЯ ДОМА / Средства для мытья посуды,1272
wolt,ПРОТИВОПАРАЗИТАРНЫЕ СРЕДСТВА 🔬,ПРОТИВОПАРАЗИТАРНЫЕ СРЕДСТВА 🔬,1272
wolt,СРЕДСТВА ГИГИЕНЫ 🛁 / Уход за волосами,СРЕДСТВА ГИГИЕНЫ 🛁 / Уход за волосами,1269
wolt,МОЛОЧНЫЕ ПРОДУКТЫ 🧈 / Молочные продукты,МОЛОЧНЫЕ ПРОДУКТЫ 🧈 / Молочные продукты,1260
wolt,СЕКСУАЛЬНЫЕ ПОДАРКИ / Эротические игры,СЕКСУАЛЬНЫЕ ПОДАРКИ / Эротические игры,1252
wolt,ЗАМОРОЖЕННЫЕ ПРОДУКТЫ / Мороженое,ЗАМОРОЖЕННЫЕ ПРОДУКТЫ / Мороженое,1250
wolt,"ВОДА И НАПИТКИ / Холодный чай, компот, квас","ВОДА И НАПИТКИ / Холодный чай, компот, квас",1250
wolt,КОНДИТЕРСКИЕ ИЗДЕЛИЯ / БАТОНЧИКИ ,КОНДИТЕРСКИЕ ИЗДЕЛИЯ / БАТОНЧИКИ ,1246
wolt,"Пиво, сидр / Безалкогольное пиво, сидр","Пиво, сидр / Безалкогольное пиво, сидр",1246
wolt,ТОВАРЫ ДЛЯ ДОМА / Порошки чистящие,ТОВАРЫ ДЛЯ ДОМА / Порошки чистящие,1243
wolt,ИНТИМНЫЕ СМАЗКИ / Интимные смазки,ИНТИМНЫЕ СМАЗКИ / Интимные смазки,1230
wolt,БАКАЛЕЯ / Соусы и намазки,БАКАЛЕЯ / Соусы и намазки,1219
wolt,СРЕДСТВА ГИГИЕНЫ 🛁 / Уход за лицом,СРЕДСТВА ГИГИЕНЫ 🛁 / Уход за лицом,1208
wolt,СНЕКИ🥜 / Чипсы,СНЕКИ🥜 / Чипсы,1206
wolt,ИММУНОЛОГИЧЕСКИЕ СРЕДСТВА ⚗,ИММУНОЛОГИЧЕСКИЕ СРЕДСТВА ⚗,1202
wolt,ХОЗТОВАРЫ И БЫТОВАЯ ХИМИЯ / Аксессуары для кухни и посуда,ХОЗТОВАРЫ И БЫТОВАЯ ХИМИЯ / Аксессуары для кухни и посуда,1182
wolt,СЛАДОСТИ / ПЕЧЕНЬЕ🍪,СЛАДОСТИ / ПЕЧЕНЬЕ🍪,1180
wolt,МОЛОЧНЫЕ ПРОДУКТЫ 🥛 / Растительное молоко,МОЛОЧНЫЕ ПРОДУКТЫ 🥛 / Растительное молоко,1170
wolt,КОМБО 💐💐💐,КОМБО 💐💐💐,1170
wolt,"Дом, дача, авто / Хранение ","Дом, дача, авто / Хранение ",1153
wolt,ПИРОГИ🥧,ПИРОГИ🥧,1130
wolt,АКСЕССУАРЫ,АКСЕССУАРЫ,1130
wolt,ТАБАЧНАЯ ПРОДУКЦИЯ💨 / LD,ТАБАЧНАЯ ПРОДУКЦИЯ💨 / LD,1116
kaspi_food,Gin,Gin,1111
wolt,АЛКОГОЛЬ🍷 / Виски,АЛКОГОЛЬ🍷 / Виски,1111
wolt,"МАСЛО, СОУСЫ И СПЕЦИИ 🌶 / Растительное масло","МАСЛО, СОУСЫ И СПЕЦИИ 🌶 / Растительное масло",1103
wolt,СЕКС ИГРУШКИ ДЛЯ МУЖЧИН / Массажеры простаты,СЕКС ИГРУШКИ ДЛЯ МУЖЧИН / Массажеры простаты,1094
wolt,СНЭКИ 🍟🍿 / Семечки,СНЭКИ 🍟🍿 / Семечки,1091
wolt,ВИСКИ,ВИСКИ,1090
wolt,Спиртные напитки и коктейли / Виски,Спиртные напитки и коктейли / Виски,1081
wolt,ДЕТСКИЕ ВИТАМИНЫ,ДЕТСКИЕ ВИТАМИНЫ,1080
wolt,"ТОВАРЫ ДЛЯ ДЕТЕЙ🍼 / Подгузники, салфетки","ТОВАРЫ ДЛЯ ДЕТЕЙ🍼 / Подгузники, салфетки",1077
wolt,ЭРОТИЧЕСКОЕ БЕЛЬЕ / Интим платья,ЭРОТИЧЕСКОЕ БЕЛЬЕ / Интим платья,1074
wolt,МАСЛО. СОУСЫ. СПЕЦИИ / Кетчупы,МАСЛО. СОУСЫ. СПЕЦИИ / Кетчупы,1064
wolt,МОЛОЧНЫЕ ПРОДУКТЫ / Сырки и желе,МОЛОЧНЫЕ ПРОДУКТЫ / Сырки и желе,1057
wolt,"ЗАМОРОЖЕННАЯ ПРОДУКЦИЯ 🥟 / Овощи и овощные смеси","ЗАМОРОЖЕННАЯ ПРОДУКЦИЯ 🥟 / Овощи и овощные смеси",1050
wolt,УХОД ЗА БЕЛЬЕМ 👕,УХОД ЗА БЕЛЬЕМ 👕,1050
wolt,"Кофе, чай, какао / Чайные листья","Кофе, чай, какао / Чайные листья",1044
wolt,"ДИЕТИЧЕСКИЕ ТОВАРЫ 🥬 / Хлебцы, слайсы","ДИЕТИЧЕСКИЕ ТОВАРЫ 🥬 / Хлебцы, слайсы",1037
wolt,СТИЛЬНЫЕ КОМПОЗИЦИИ ОТ ROZY.KZ 💐,СТИЛЬНЫЕ КОМПОЗИЦИИ ОТ ROZY.KZ 💐,1032
wolt,ТАБАЧНАЯ ПРОДУКЦИЯ💨 / Chapman,ТАБАЧНАЯ ПРОДУКЦИЯ💨 / Chapman,1018
wolt,СОУСЫ,СОУСЫ,1014
wolt,УХОД ЗА ПОЛОСТЬЮ РТА 🦷,УХОД ЗА ПОЛОСТЬЮ РТА 🦷,1014
wolt,"МАСЛО, СЫР, ЯЙЦА 🧀🥚 / Яйца","МАСЛО, СЫР, ЯЙЦА 🧀🥚 / Яйца",1012
wolt,НАПИТКИ НЕГАЗИРОВАННЫЕ 🧃,НАПИТКИ НЕГАЗИРОВАННЫЕ 🧃,1008
wolt,"ТОВАРЫ ДЛЯ ДОМА🏠 / Освежители, диффузоры","ТОВАРЫ ДЛЯ ДОМА🏠 / Освежители, диффузоры",1000
wolt,"ПОСУДА, ТОВАРЫ ДЛЯ КУХНИ🍽️ / Посуда для сервировки, готовки","ПОСУДА, ТОВАРЫ ДЛЯ КУХНИ🍽️ / Посуда для сервировки, готовки",1000
wolt,Макароны и крупы / Продукты быстрого приготовления,Макароны и крупы / Продукты быстрого приготовления,1000
wolt,ПРОДУКТЫ БЫСТРОГО ПРИГОТОВЛЕНИЯ  🍜,ПРОДУКТЫ БЫСТРОГО ПРИГОТОВЛЕНИЯ  🍜,990
wolt,БЫТОВАЯ ХИМИЯ🧼 / Освежитель и диффузор,БЫТОВАЯ ХИМИЯ🧼 / Освежитель и диффузор,990
wolt,СРЕДСТВА ОТ ГЕМОРРОЯ ,СРЕДСТВА ОТ ГЕМОРРОЯ ,989
wolt,"ТОВАРЫ ДЛЯ ОТДЫХА / УГОЛЬ, ДРОВА","ТОВАРЫ ДЛЯ ОТДЫХА / УГОЛЬ, ДРОВА",987
wolt,НАПОЛНИТЕЛИ 🧻,НАПОЛНИТЕЛИ 🧻,983
wolt,МИНЕРАЛЫ,МИНЕРАЛЫ,981
wolt,БАКАЛЕЯ 🍝,БАКАЛЕЯ 🍝,981
wolt,ЧАЙ И КОФЕ☕ / Чай,ЧАЙ И КОФЕ☕ / Чай,978
wolt,НЕБОЛЬШАЯ ТЕХНИКА И АКСЕССУАРЫ 🎧,НЕБОЛЬШАЯ ТЕХНИКА И АКСЕССУАРЫ 🎧,974
wolt,Десерты / Пирожные в упаковке,Десерты / Пирожные в упаковке,967
wolt,ВОДА И НАПИТКИ / НАПИТКИ,ВОДА И НАПИТКИ / НАПИТКИ,966
wolt,"МАСЛО, СЫР, ЯЙЦА 🧀🥚 / Творожные сыры","МАСЛО, СЫР, ЯЙЦА 🧀🥚 / Творожные сыры",965
wolt,Элитная,Элитная,960
wolt,БАКАЛЕЯ / Масла растительные,БАКАЛЕЯ / Масла растительные,958
wolt,ТАБАЧНАЯ ПРОДУКЦИЯ💨 / Richmond,ТАБАЧНАЯ ПРОДУКЦИЯ💨 / Richmond,958
wolt,МОЛОЧНЫЕ ПРОДУКТЫ / Кисломолочные продукты,МОЛОЧНЫЕ ПРОДУКТЫ / Кисломолочные продукты,954
wolt,"КОНФЕТЫ И СЛАДОСТИ / ШОКОЛАД, БАТОНЧИКИ И ПАСТА","КОНФЕТЫ И СЛАДОСТИ / ШОКОЛАД, БАТОНЧИКИ И ПАСТА",948
wolt,"Дом, дача, авто / Аксессуары для ванных комнат","Дом, дача, авто / Аксессуары для ванных комнат",936
wolt,СЛАДКОЕ 🍬 / Фасованные сладости,СЛАДКОЕ 🍬 / Фасованные сладости,936
wolt,ЭРОТИЧЕСКОЕ БЕЛЬЕ / Эротические костюмы сетка,ЭРОТИЧЕСКОЕ БЕЛЬЕ / Эротические костюмы сетка,934
wolt,УХОД ДЛЯ РУК И ЛИЦА 😊,УХОД ДЛЯ РУК И ЛИЦА 😊,930
wolt,СРЕДСТВА ГИГИЕНЫ🪥 / Туалетная  бумага,СРЕДСТВА ГИГИЕНЫ🪥 / Туалетная  бумага,930
wolt,СРЕДСТВА ГИГИЕНЫ🪥 / Мыло,СРЕДСТВА ГИГИЕНЫ🪥 / Мыло,927
wolt,WOW БУКЕТЫ🎀,WOW БУКЕТЫ🎀,926
wolt,УХОД ЗА ТЕЛОМ 🧴,УХОД ЗА ТЕЛОМ 🧴,923
wolt,"ПОСУДА, ТОВАРЫ ДЛЯ КУХНИ🍽️ / Кухонная утварь","ПОСУДА, ТОВАРЫ ДЛЯ КУХНИ🍽️ / Кухонная утварь",922
wolt,СНЭКИ 🍿 / Снэки,СНЭКИ 🍿 / Снэки,920
wolt,Стики,Стики,911
wolt,ТОВАРЫ ДЛЯ ДОМА / Ароматизаторы для дома,ТОВАРЫ ДЛЯ ДОМА / Ароматизаторы для дома,908
wolt,"БЫТОВАЯ ХИМИЯ, УБОРКА🧴 / Предметы для уборки","БЫТОВАЯ ХИМИЯ, УБОРКА🧴 / Предметы для уборки",906
wolt,СВЕЧКИ,СВЕЧКИ,901
kaspi_food,Mayonnaise,Mayonnaise,901
wolt,ПЕЧЕНЬЯ 🍪	,ПЕЧЕНЬЯ 🍪	,900
wolt,НАПИТКИ ГАЗИРОВАННЫЕ 🥤	,НАПИТКИ ГАЗИРОВАННЫЕ 🥤	,900
wolt,ВЛАЖНЫЙ КОРМ ДЛЯ КОШЕК 🐈,ВЛАЖНЫЙ КОРМ ДЛЯ КОШЕК 🐈,900
wolt,УХОД ДЛЯ ТЕЛА 🤩	,УХОД ДЛЯ ТЕЛА 🤩	,900
wolt,СОКИ 🧃	,СОКИ 🧃	,900
wolt,УХОД ЗА ВОЛОСАМИ 💇🏻‍♀️	,УХОД ЗА ВОЛОСАМИ 💇🏻‍♀️	,900
wolt,ЛИЧНАЯ ГИГИЕНА 🧴	,ЛИЧНАЯ ГИГИЕНА 🧴	,900
wolt,ВИСКИ 🥃 / Шотландия,ВИСКИ 🥃 / Шотландия,899
wolt,ВСЕ ДЛЯ ВЫПЕЧКИ 🥐 / Ингредиенты ,ВСЕ ДЛЯ ВЫПЕЧКИ 🥐 / Ингредиенты ,894
wolt,Десерты / Macarons,Десерты / Macarons,893
wolt,ИГРУШКИ БДСМ / Эротические маски,ИГРУШКИ БДСМ / Эротические маски,890
wolt,ШАРИКИ 🎈 / Цифра шары,ШАРИКИ 🎈 / Цифра шары,888
wolt,ИНТИМНЫЕ СМАЗКИ / Смазки для продления полового акта,ИНТИМНЫЕ СМАЗКИ / Смазки для продления полового акта,883
wolt,"МАСЛО,СОУСЫ И СПЕЦИИ🧂 / Аджика, томатная паста","МАСЛО,СОУСЫ И СПЕЦИИ🧂 / Аджика, томатная паста",883
wolt,ИНТИМНЫЕ СМАЗКИ / Силиконовые смазки для секса,ИНТИМНЫЕ СМАЗКИ / Силиконовые смазки для секса,883
wolt,ХРИЗАНТЕМА,ХРИЗАНТЕМА,882
wolt,ПРИМЕЧАНИЕ ❗️,ПРИМЕЧАНИЕ ❗️,881
kaspi_food,Syrups and toppings,Syrups and toppings,878
wolt,ТАБАЧНАЯ ПРОДУКЦИЯ💨 / Esse,ТАБАЧНАЯ ПРОДУКЦИЯ💨 / Esse,876
wolt,ЗАМОРОЖЕННАЯ ПРОДУКЦИЯ 🧊 / Мороженое и лёд,ЗАМОРОЖЕННАЯ ПРОДУКЦИЯ 🧊 / Мороженое и лёд,876
wolt,Уходовая косметика / Уход за полостью рта и зубами,Уходовая косметика / Уход за полостью рта и зубами,876
kaspi_nonfood,Boy blazers,Одежда > Мальчикам > Пиджаки для мальчиков,876
wolt,Wolt Specials,Wolt Specials,875
wolt,АВТОРСКИЕ БУКЕТЫ 🌹⭐,АВТОРСКИЕ БУКЕТЫ 🌹⭐,871
wolt,SINGLE MALT CLUB,SINGLE MALT CLUB,870
wolt,"ТОВАРЫ ДЛЯ ДОМА 🏠 / Освежители, диффузоры","ТОВАРЫ ДЛЯ ДОМА 🏠 / Освежители, диффузоры",867
wolt,"МЁД И ВАРЕНЬЕ 🍯 / Варенье и джемы","МЁД И ВАРЕНЬЕ 🍯 / Варенье и джемы",862
wolt,ТАБАЧНАЯ ПРОДУКЦИЯ💨 / Neo,ТАБАЧНАЯ ПРОДУКЦИЯ💨 / Neo,862
wolt,КАНЦЕЛЯРИЯ ✏️,КАНЦЕЛЯРИЯ ✏️,858
wolt,"ПРЕЗЕРВАТИВЫ, ГИГИЕНА, ТОЙ-КЛИНЕРЫ / Презервативы, гигиена, той-клинеры","ПРЕЗЕРВАТИВЫ, ГИГИЕНА, ТОЙ-КЛИНЕРЫ / Презервативы, гигиена, той-клинеры",856
wolt,"БЫТОВАЯ ХИМИЯ, УБОРКА 🧴 / Предметы для уборки","БЫТОВАЯ ХИМИЯ, УБОРКА 🧴 / Предметы для уборки",855
wolt,БАКАЛЕЯ / Ингредиенты ,БАКАЛЕЯ / Ингредиенты ,852
wolt,МАСЛО. СЫР. ЯЙЦА / Твердые/полутвердые сыры,МАСЛО. СЫР. ЯЙЦА / Твердые/полутвердые сыры,852
wolt,Антибиотики и антибактериальные препараты,Антибиотики и антибактериальные препараты,850
wolt,Инъекционные растворы,Инъекционные растворы,850
wolt,Глазные капли,Глазные капли,850
wolt,Назальные капли и спреи,Назальные капли и спреи,850
wolt,Лечение сосудистых  и сердечных заболеваний,Лечение сосудистых  и сердечных заболеваний,850
wolt,Витамины и БАДы,Витамины и БАДы,850
wolt,Лечение ЖКТ и печени,Лечение ЖКТ и печени,850
wolt,"Противовоспалительные,Обезболивающие,Спазмолитики","Противовоспалительные,Обезболивающие,Спазмолитики",850
wolt,Медицинские изделия приборы и инструменты,Медицинские изделия приборы и инструменты,850
wolt,Наружные средства при  кожных заболеваниях,Наружные средства при  кожных заболеваниях,850
wolt,ИГРУШКИ БДСМ / БДСМ ошейники,ИГРУШКИ БДСМ / БДСМ ошейники,848
wolt,Суппозитории  и мази ректальные,Суппозитории  и мази ректальные,847
wolt,ВЛАЖНЫЙ КОРМ ДЛЯ СОБАК 🐕,ВЛАЖНЫЙ КОРМ ДЛЯ СОБАК 🐕,843
wolt,Здоровое питание / Цикорий,Здоровое питание / Цикорий,840
wolt,ЧАИ🫖,ЧАИ🫖,840
wolt,МОЛОЧНЫЕ ПРОДУКТЫ / КЕФИР,МОЛОЧНЫЕ ПРОДУКТЫ / КЕФИР,839
wolt,ПИРОГИ 🥧,ПИРОГИ 🥧,839
wolt,ОРТОПЕДИЯ,ОРТОПЕДИЯ,831
wolt,ТАБАЧНАЯ ПРОДУКЦИЯ💨 / L&M,ТАБАЧНАЯ ПРОДУКЦИЯ💨 / L&M,828
wolt,Красное,Красное,827
wolt,ТОВАРЫ ДЛЯ ДОМА / Средства для кухни и ванной,ТОВАРЫ ДЛЯ ДОМА / Средства для кухни и ванной,826
wolt,ГИПОЛИПИДЕМИЧЕСКИЕ СРЕДСТВА,ГИПОЛИПИДЕМИЧЕСКИЕ СРЕДСТВА,823
wolt,СРЕДСТВА ГИГИЕНЫ / Зубные щетки,СРЕДСТВА ГИГИЕНЫ / Зубные щетки,823
wolt,СЕКС ИГРУШКИ ДЛЯ ДВОИХ / Вибраторы для пар,СЕКС ИГРУШКИ ДЛЯ ДВОИХ / Вибраторы для пар,820
wolt,"СРЕДСТВА ГИГИЕНЫ, ФАРМАЦЕВТИКА / БУМАЖНЫЕ САЛФЕТКИ И ПОЛОТЕНЦА","СРЕДСТВА ГИГИЕНЫ, ФАРМАЦЕВТИКА / БУМАЖНЫЕ САЛФЕТКИ И ПОЛОТЕНЦА",819
wolt,МАСЛО. СОУСЫ. СПЕЦИИ / Товары для восточной кухни,МАСЛО. СОУСЫ. СПЕЦИИ / Товары для восточной кухни,818
wolt,СНЭКИ 🍟🍿 / Другие,СНЭКИ 🍟🍿 / Другие,818
wolt,ЛАКОМСТВА ДЛЯ КОШЕК 🐱,ЛАКОМСТВА ДЛЯ КОШЕК 🐱,816
wolt,Средства от аллергии,Средства от аллергии,814
wolt,ГИНЕКОЛОГИЧЕСКИЕ ВАГИНАЛЬНЫЕ СРЕДСТВА,ГИНЕКОЛОГИЧЕСКИЕ ВАГИНАЛЬНЫЕ СРЕДСТВА,813
wolt,ДЖИН🧊,ДЖИН🧊,810
wolt,"КОЛБАСЫ 🍖 / КОЛБАСА ВАРЁНАЯ","КОЛБАСЫ 🍖 / КОЛБАСА ВАРЁНАЯ",810
wolt,КОЛБАСЫ И СОСИКИ 🍖	 / КОЛБАСЫ,КОЛБАСЫ И СОСИКИ 🍖	 / КОЛБАСЫ,810
wolt,СОДЖУ🍶,СОДЖУ🍶,810
wolt,Табачная продукция / Аксессуары,Табачная продукция / Аксессуары,809
wolt,Уходовая косметика,Уходовая косметика,806
wolt,ТОВАРЫ ДЛЯ ДОМА / Стиральные жидкости,ТОВАРЫ ДЛЯ ДОМА / Стиральные жидкости,806
wolt,МАГНИЙ,МАГНИЙ,805
wolt,ДЕТСКОЕ ПИТАНИЕ🍼,ДЕТСКОЕ ПИТАНИЕ🍼,801
wolt,Электроника / Аудио,Электроника / Аудио,800
wolt,Десерты / Десерты в стаканчике,Десерты / Десерты в стаканчике,800
wolt,РАЗНОЕ / ЗАЖИГАЛКИ,РАЗНОЕ / ЗАЖИГАЛКИ,795
wolt,Товары для детей,Товары для детей,795
wolt,ТОВАРЫ ДЛЯ ДОМА 🏠	,ТОВАРЫ ДЛЯ ДОМА 🏠	,792
wolt,НОВОГОДНЯЯ КОЛЛЕКЦИЯ,НОВОГОДНЯЯ КОЛЛЕКЦИЯ,790
wolt,УХОД ДЛЯ РУК,УХОД ДЛЯ РУК,783
wolt,МЫЛО,МЫЛО,782
wolt,ТАБАЧНАЯ ПРОДУКЦИЯ💨 / Parlament,ТАБАЧНАЯ ПРОДУКЦИЯ💨 / Parlament,782
wolt,Носки,Носки,780
wolt,ГОТОВАЯ ЕДА 🥫 / Сэндвич,ГОТОВАЯ ЕДА 🥫 / Сэндвич,777
wolt,СРЕДСТВА ГИГИЕНЫ / Гели для душа,СРЕДСТВА ГИГИЕНЫ / Гели для душа,776
wolt,СРЕДСТВА ДЛЯ КОРРЕКЦИИ ВЕСА ,СРЕДСТВА ДЛЯ КОРРЕКЦИИ ВЕСА ,775
wolt,"ПОСУДА, ТОВАРЫ ДЛЯ КУХНИ 🍽️ / Кухонная утварь","ПОСУДА, ТОВАРЫ ДЛЯ КУХНИ 🍽️ / Кухонная утварь",774
wolt,"Молочные продукты, яйца / Сырки и десерты","Молочные продукты, яйца / Сырки и десерты",769
wolt,"ЛУЧШИЕ ЦЕНЫ","ЛУЧШИЕ ЦЕНЫ",767
wolt,ВОДА И НАПИТКИ / Холодный чай,ВОДА И НАПИТКИ / Холодный чай,761
wolt,ЧАЙ И КОФЕ ☕️ / Зелёный чай,ЧАЙ И КОФЕ ☕️ / Зелёный чай,756
wolt,"ТОРТЫ / ТОРТЫ 🍰","ТОРТЫ / ТОРТЫ 🍰",756
wolt,"ПОСУДА, ТОВАРЫ ДЛЯ КУХНИ 🍽️ / Посуда для сервировки, готовки","ПОСУДА, ТОВАРЫ ДЛЯ КУХНИ 🍽️ / Посуда для сервировки, готовки",755
wolt,"ВИТАМИНЫ Д3","ВИТАМИНЫ Д3",754
wolt,"ПИВО🍻","ПИВО🍻",750
wolt,"МАКАРОНЫ, ЛАПША И КРУПЫ 🌾 / Продукты быстрого приготовления","МАКАРОНЫ, ЛАПША И КРУПЫ 🌾 / Продукты быстрого приготовления",750
wolt,Лечение мочевыводящих путей,Лечение мочевыводящих путей,747
wolt,Зоотовары / Корма для кошек/ витамины,Зоотовары / Корма для кошек/ витамины,745
wolt,БЫТОВАЯ ХИМИЯ / ЧИСТЯЩИЕ СРЕДСТВА,БЫТОВАЯ ХИМИЯ / ЧИСТЯЩИЕ СРЕДСТВА,739
wolt,"СРЕДСТВА ГИГИЕНЫ, ФАРМАЦЕВТИКА / ТУАЛЕТНАЯ БУМАГА","СРЕДСТВА ГИГИЕНЫ, ФАРМАЦЕВТИКА / ТУАЛЕТНАЯ БУМАГА",738
wolt,Препараты для мужского здоровья,Препараты для мужского здоровья,725
wolt,Уход за полостью рта,Уход за полостью рта,720
wolt,"СРЕДСТВА ГИГИЕНЫ🪥 / Салфетки, бумажные полотенца","СРЕДСТВА ГИГИЕНЫ🪥 / Салфетки, бумажные полотенца",720
wolt,НАЙДИ СВОЮ ПОЛОВИНКУ,НАЙДИ СВОЮ ПОЛОВИНКУ,718
wolt,СЕКСУАЛЬНЫЕ ПОДАРКИ / Cексуальные подарки,СЕКСУАЛЬНЫЕ ПОДАРКИ / Cексуальные подарки,717
wolt,ДЕЗОДОРАНТЫ И АНТИПЕРСПИРАНТЫ,ДЕЗОДОРАНТЫ И АНТИПЕРСПИРАНТЫ,715
wolt,ПОДГУЗНИКИ И ТРУСИКИ ДЕТСКИЕ,ПОДГУЗНИКИ И ТРУСИКИ ДЕТСКИЕ,714
wolt,СЛАДКАЯ ВЫПЕЧКА 🥐,СЛАДКАЯ ВЫПЕЧКА 🥐,714
wolt,ЖЕНЬШЕНЬ И ВИТАМИНЫ,ЖЕНЬШЕНЬ И ВИТАМИНЫ,714
wolt,ЭРОТИЧЕСКОЕ БЕЛЬЕ / Искусственные парики для ролевых игр,ЭРОТИЧЕСКОЕ БЕЛЬЕ / Искусственные парики для ролевых игр,709
wolt,ФРУКТЫ 🍎,ФРУКТЫ 🍎,708
wolt,БЫТОВАЯ ХИМИЯ / ТУАЛЕТНОЕ И ЖИДКОЕ МЫЛО,БЫТОВАЯ ХИМИЯ / ТУАЛЕТНОЕ И ЖИДКОЕ МЫЛО,707
wolt,СЛАДКОЕ 🍬 / Пирожные,СЛАДКОЕ 🍬 / Пирожные,704
wolt,Для детей / Детские туалетные принадлежности,Для детей / Детские туалетные принадлежности,701
wolt,ЧАЙ 🍃,ЧАЙ 🍃,696
wolt,СУХОЙ КОРМ ДЛЯ СОБАК 🐶,СУХОЙ КОРМ ДЛЯ СОБАК 🐶,696
wolt,АНТИСЕПТИЧЕСКИЕ И ДЕЗИНФИЦИРУЮЩИЕ СРЕДСТВА,АНТИСЕПТИЧЕСКИЕ И ДЕЗИНФИЦИРУЮЩИЕ СРЕДСТВА,694
wolt,"ВОДА, СОКИ, НАПИТКИ 🥤 / Напитки разливные","ВОДА, СОКИ, НАПИТКИ 🥤 / Напитки разливные",693
wolt,"РАСТВОРЫ, ЭНТЕРАЛЬНОЕ ПИТАНИЕ 💧","РАСТВОРЫ, ЭНТЕРАЛЬНОЕ ПИТАНИЕ 💧",693
wolt,Дом и офис / Спорт и отдых,Дом и офис / Спорт и отдых,689
wolt,СРЕДСТВА ГИГИЕНЫ🪥 / Дезодорант,СРЕДСТВА ГИГИЕНЫ🪥 / Дезодорант,689
wolt,СЛАДОСТИ / ПОПКОРН🍿,СЛАДОСТИ / ПОПКОРН🍿,688
wolt,БЕЗАЛКОГОЛЬНЫЕ НАПИТКИ 🥤,БЕЗАЛКОГОЛЬНЫЕ НАПИТКИ 🥤,681
wolt,ТОВАРЫ ДЛЯ ЖИВОТНЫХ / Наполнители для туалета,ТОВАРЫ ДЛЯ ЖИВОТНЫХ / Наполнители для туалета,680
wolt,Сок натуральный ,Сок натуральный ,679
wolt,ПОЛУФАБРИКАТЫ ,ПОЛУФАБРИКАТЫ ,678
wolt,Ординарный,Ординарный,678
wolt,СРЕДСТВА ГИГИЕНЫ🪥 / Другое,СРЕДСТВА ГИГИЕНЫ🪥 / Другое,678
wolt,НАПОЛНИТЕЛИ ДЛЯ КОШЕК 🐱,НАПОЛНИТЕЛИ ДЛЯ КОШЕК 🐱,678
wolt,ЗДОРОВОЕ ПИТАНИЕ 🥗 / Без лактозы,ЗДОРОВОЕ ПИТАНИЕ 🥗 / Без лактозы,672
wolt,СЛАДОСТИ,СЛАДОСТИ,670
wolt,ПИОНЫ 💜,ПИОНЫ 💜,666
wolt,"Подгузники, трусики, пеленки","Подгузники, трусики, пеленки",665
wolt,"ВСЕ ДЛЯ СТИРКИ 🧺 / Жидкости, гели","ВСЕ ДЛЯ СТИРКИ 🧺 / Жидкости, гели",663
wolt,"ГОРЯЧАЯ ПИЦЦА, СЭНДВИЧ, ФРЕНЧ-ДОГ","ГОРЯЧАЯ ПИЦЦА, СЭНДВИЧ, ФРЕНЧ-ДОГ",660
wolt,"Наружные противовоспалительные ,обезболивающие ","Наружные противовоспалительные ,обезболивающие ",658
wolt,СРЕДСТВА ГИГИЕНЫ 🛁 / Ватные диски и палочки,СРЕДСТВА ГИГИЕНЫ 🛁 / Ватные диски и палочки,657
wolt,КОНФЕТЫ И СЛАДОСТИ / Шоколадные яйца,КОНФЕТЫ И СЛАДОСТИ / Шоколадные яйца,654
wolt,СЕКСУАЛЬНЫЕ ПОДАРКИ / Подарочная упаковка,СЕКСУАЛЬНЫЕ ПОДАРКИ / Подарочная упаковка,654
wolt,Иммуностимуляторы и противовирусные препараты,Иммуностимуляторы и противовирусные препараты,653
wolt,Успокоительные средства и снотворные,Успокоительные средства и снотворные,650
wolt,"ВСЕ ДЛЯ СТИРКИ🧺 / Жидкости, гели","ВСЕ ДЛЯ СТИРКИ🧺 / Жидкости, гели",649
wolt,СРЕДСТВА ГИГИЕНЫ / Дезодоранты,СРЕДСТВА ГИГИЕНЫ / Дезодоранты,648
wolt,ТЕКИЛА🍶,ТЕКИЛА🍶,648
wolt,УХОД ДЛЯ ЛИЦА 😊,УХОД ДЛЯ ЛИЦА 😊,648
kaspi_food,Sheets for sushi,Sheets for sushi,640
wolt,СНОВА В ШКОЛУ / Офисные принадлежности,СНОВА В ШКОЛУ / Офисные принадлежности,640
wolt,ОВОЩИ 🥕	,ОВОЩИ 🥕	,638
wolt,СЕКС ИГРУШКИ ДЛЯ ДВОИХ / Фистинг (Большие размеры),СЕКС ИГРУШКИ ДЛЯ ДВОИХ / Фистинг (Большие размеры),637
wolt,"БЫТОВАЯ ХИМИЯ, УБОРКА 🧴 / Для мытья посуды","БЫТОВАЯ ХИМИЯ, УБОРКА 🧴 / Для мытья посуды",636
wolt,ТАБАЧНАЯ ПРОДУКЦИЯ / СИГАРЫ,ТАБАЧНАЯ ПРОДУКЦИЯ / СИГАРЫ,636
wolt,АВТОТОВАРЫ 🚗 / Аксессуары для автомобиля,АВТОТОВАРЫ 🚗 / Аксессуары для автомобиля,630
wolt,КОСМЕТИКА 🎀 / СЫВОРОТКИ | ЭССЕНЦИИ 🍃,КОСМЕТИКА 🎀 / СЫВОРОТКИ | ЭССЕНЦИИ 🍃,624
wolt,"МОЛОЧНЫЕ ПРОДУКТЫ 🥛 / Жент, курт, иримшик","МОЛОЧНЫЕ ПРОДУКТЫ 🥛 / Жент, курт, иримшик",624
wolt,УХОД ЗА ОДЕЖДОЙ И ОБУВЬЮ 🎽,УХОД ЗА ОДЕЖДОЙ И ОБУВЬЮ 🎽,623
wolt,"СРЕДСТВА ГИГИЕНЫ, ФАРМАЦЕВТИКА / ГИГИЕНИЧЕСКИЕ ПРОКЛАДКИ И ТАМПОНЫ","СРЕДСТВА ГИГИЕНЫ, ФАРМАЦЕВТИКА / ГИГИЕНИЧЕСКИЕ ПРОКЛАДКИ И ТАМПОНЫ",623
wolt,Электроника / Провода и кабели,Электроника / Провода и кабели,623
wolt,ХОЗТОВАРЫ И БЫТОВАЯ ХИМИЯ / Уход за полостью рта,ХОЗТОВАРЫ И БЫТОВАЯ ХИМИЯ / Уход за полостью рта,622
wolt,"ЭНЕРГЕТИКИ⚡","ЭНЕРГЕТИКИ⚡",622
wolt,Женская гигиена,Женская гигиена,621
wolt,"БЫТОВАЯ ХИМИЯ, УБОРКА🧴 / Для мытья посуды","БЫТОВАЯ ХИМИЯ, УБОРКА🧴 / Для мытья посуды",621
wolt,ЧАЙ И КОФЕ ☕️ / Фруктовый и травяной чай,ЧАЙ И КОФЕ ☕️ / Фруктовый и травяной чай,620
wolt,Гормональные препараты,Гормональные препараты,620
wolt,ЗАМОРОЖЕННЫЕ ПРОДУКТЫ 🧊 / Мясо и птица,ЗАМОРОЖЕННЫЕ ПРОДУКТЫ 🧊 / Мясо и птица,618
wolt,СРЕДСТВА ГИГИЕНЫ🪥 / Гель для душа,СРЕДСТВА ГИГИЕНЫ🪥 / Гель для душа,618
wolt,ДЖИН 🍸,ДЖИН 🍸,617
wolt,"МАСЛО, СЫР, ЯЙЦА 🧀🥚 / Рассольные сыры","МАСЛО, СЫР, ЯЙЦА 🧀🥚 / Рассольные сыры",616
wolt,КОСМЕТИКА 💄,КОСМЕТИКА 💄,615
wolt,"Спортивное питание / Протеин, протеиновый порошок","Спортивное питание / Протеин, протеиновый порошок",615
wolt,КОРМ ДЛЯ КОШЕК 🐱,КОРМ ДЛЯ КОШЕК 🐱,612
wolt,БЕЗАЛКОГОЛЬНЫЕ  НАПИТКИ🥤 / НАПИТКИ  🥤,БЕЗАЛКОГОЛЬНЫЕ  НАПИТКИ🥤 / НАПИТКИ  🥤,612
wolt,ЗАМОРОЖЕННАЯ ПРОДУКЦИЯ / МОРОЖЕНОЕ И ЛЁД,ЗАМОРОЖЕННАЯ ПРОДУКЦИЯ / МОРОЖЕНОЕ И ЛЁД,612
wolt,КОНДИТЕРСКИЕ ИЗДЕЛИЯ / ДРАЖЕ,КОНДИТЕРСКИЕ ИЗДЕЛИЯ / ДРАЖЕ,611
wolt,"БЫТОВАЯ ХИМИЯ, УБОРКА 🧴 / Для ванны, туалета","БЫТОВАЯ ХИМИЯ, УБОРКА 🧴 / Для ванны, туалета",610
wolt,СОКИ,СОКИ,610
wolt,ВОДА И НАПИТКИ🥤 / Напитки galmart,ВОДА И НАПИТКИ🥤 / Напитки galmart,609
wolt,СНОВА В ШКОЛУ / Бумага и бумажная продукция,СНОВА В ШКОЛУ / Бумага и бумажная продукция,606
wolt,СНЕКИ🥜 / Семечки,СНЕКИ🥜 / Семечки,606
wolt,ТОНЕРЫ,ТОНЕРЫ,605
kaspi_food,Tequila,Tequila,601
wolt,КОРМ ДЛЯ КОШЕК 🐱 / ВЛАЖНЫЙ КОРМ ДЛЯ КОШЕК 🐱,КОРМ ДЛЯ КОШЕК 🐱 / ВЛАЖНЫЙ КОРМ ДЛЯ КОШЕК 🐱,600
wolt,СЫВОРОТКА 🧴,СЫВОРОТКА 🧴,600
wolt,БЕЛЬЕ И ОДЕЖДА / НИЖНЕЕ БЕЛЬЕ,БЕЛЬЕ И ОДЕЖДА / НИЖНЕЕ БЕЛЬЕ,600
wolt,БЕЛЬЕ И ОДЕЖДА / ПИЖАМЫ,БЕЛЬЕ И ОДЕЖДА / ПИЖАМЫ,600
wolt,БЕЛЬЕ И ОДЕЖДА / РОЛЕВЫЕ КОСТЮМЫ,БЕЛЬЕ И ОДЕЖДА / РОЛЕВЫЕ КОСТЮМЫ,600
wolt,БЕЛЬЕ И ОДЕЖДА / ЧУЛКИ И КОЛГОТКИ,БЕЛЬЕ И ОДЕЖДА / ЧУЛКИ И КОЛГОТКИ,600
wolt,СРЕДСТВА ГИГИЕНЫ🛁 / Женская гигиена,СРЕДСТВА ГИГИЕНЫ🛁 / Женская гигиена,600
wolt,СМАЗКИ / СЪЕДОБНЫЕ,СМАЗКИ / СЪЕДОБНЫЕ,600
wolt,СМАЗКИ / ВАГИНАЛЬНЫЕ,СМАЗКИ / ВАГИНАЛЬНЫЕ,600
wolt,ИГРУШКИ ДЛЯ ДВОИХ / АНАЛЬНЫЕ ИГРУШКИ,ИГРУШКИ ДЛЯ ДВОИХ / АНАЛЬНЫЕ ИГРУШКИ,600
wolt,ИГРУШКИ ДЛЯ НЕГО / МАСТУРБАТОРЫ,ИГРУШКИ ДЛЯ НЕГО / МАСТУРБАТОРЫ,600
wolt,СРЕДСТВА ГИГИЕНЫ🛁 / Уход за полостью рта,СРЕДСТВА ГИГИЕНЫ🛁 / Уход за полостью рта,600
wolt,ИГРУШКИ ДЛЯ НЕЁ / КРОЛИКИ,ИГРУШКИ ДЛЯ НЕЁ / КРОЛИКИ,600
wolt,СРЕДСТВА ГИГИЕНЫ🛁 / Уход за телом,СРЕДСТВА ГИГИЕНЫ🛁 / Уход за телом,600
wolt,ИГРЫ 18+,ИГРЫ 18+,600
wolt,УХОД ЗА ОДЕЖДОЙ И ОБУВЬЮ👞,УХОД ЗА ОДЕЖДОЙ И ОБУВЬЮ👞,600
wolt,ВЛАЖНЫЕ КОРМА ДЛЯ КОШЕК 🐱,ВЛАЖНЫЕ КОРМА ДЛЯ КОШЕК 🐱,600
wolt,КРЕМЫ ДЛЯ ЛИЦА🧴,КРЕМЫ ДЛЯ ЛИЦА🧴,600
wolt,ОЧИЩЕНИЕ🧴,ОЧИЩЕНИЕ🧴,600
wolt,КОСМЕТИКА И УХОД / ФЕРОМОНЫ,КОСМЕТИКА И УХОД / ФЕРОМОНЫ,600
wolt,ДЕКОРАТИВНАЯ КОСМЕТИКА 💄,ДЕКОРАТИВНАЯ КОСМЕТИКА 💄,600
wolt,СУХИЕ КОРМА ДЛЯ КОШЕК 🐱,СУХИЕ КОРМА ДЛЯ КОШЕК 🐱,600
wolt,НАПОЛНИТЕЛИ 🐶🐱🐭🐹🐰,НАПОЛНИТЕЛИ 🐶🐱🐭🐹🐰,600
wolt,"СРЕДСТВА ГИГИЕНЫ🛁 / Бумага, салфетки","СРЕДСТВА ГИГИЕНЫ🛁 / Бумага, салфетки",600
wolt,"БЫТОВАЯ ХИМИЯ, УБОРКА🧴 / Для различных поверхностей","БЫТОВАЯ ХИМИЯ, УБОРКА🧴 / Для различных поверхностей",598
wolt,ДЕКОРАТИВНАЯ КОСМЕТИКА 👄,ДЕКОРАТИВНАЯ КОСМЕТИКА 👄,596
wolt,"ПРЕЗЕРВАТИВЫ							","ПРЕЗЕРВАТИВЫ							",594
wolt,ИГРУШКИ ДЛЯ НЕЁ / ФАЛЛОИМИТАТОРЫ,ИГРУШКИ ДЛЯ НЕЁ / ФАЛЛОИМИТАТОРЫ,594
wolt,КОЛЛАГЕНЫ,КОЛЛАГЕНЫ,594
wolt,"ВИСКИ, БУРБОН 🥃","ВИСКИ, БУРБОН 🥃",594
wolt,ПРЯМОУГОЛЬНЫЕ ТОРТЫ ЧЕТВЕРТИНКА,ПРЯМОУГОЛЬНЫЕ ТОРТЫ ЧЕТВЕРТИНКА,593
wolt,Чечил,Чечил,590
wolt,Растворы для инфузий,Растворы для инфузий,589
wolt,КОСМЕТИКА ДЛЯ РУК И НОГ ✋🏻🦶🏻,КОСМЕТИКА ДЛЯ РУК И НОГ ✋🏻🦶🏻,589
wolt,Уход за телом и волосами,Уход за телом и волосами,587
wolt,"ОБЩЕУКРЕПЛЯЮЩИЕ, ТОНИЗИРУЮЩИЕ ⚡","ОБЩЕУКРЕПЛЯЮЩИЕ, ТОНИЗИРУЮЩИЕ ⚡",585
wolt,Роза🌹,Роза🌹,585
wolt,СРЕДСТВА ГИГИЕНЫ🛁 / Уход за лицом,СРЕДСТВА ГИГИЕНЫ🛁 / Уход за лицом,583
wolt,"ВОДА, СОКИ, НАПИТКИ 🥤 / Вода 🫗","ВОДА, СОКИ, НАПИТКИ 🥤 / Вода 🫗",583
wolt,ВОДА💧,ВОДА💧,582
wolt,МОЛОЧНЫЕ ПРОДУКТЫ / ПРОДУКТЫ КИСЛОМОЛОЧНЫЕ,МОЛОЧНЫЕ ПРОДУКТЫ / ПРОДУКТЫ КИСЛОМОЛОЧНЫЕ,580
wolt,КОСМЕТИКА 🎀 / ОЧИЩЕНИЕ КОЖИ 🫰🏻,КОСМЕТИКА 🎀 / ОЧИЩЕНИЕ КОЖИ 🫰🏻,580
wolt,"ТЕКИЛА, МЕСКАЛЬ 🍹","ТЕКИЛА, МЕСКАЛЬ 🍹",579
wolt,ВЫГОДНЫЕ КОМБО🧸,ВЫГОДНЫЕ КОМБО🧸,576
wolt,СМАЗКИ / ВОЗБУЖДАЮЩИЕ,СМАЗКИ / ВОЗБУЖДАЮЩИЕ,576
wolt,ИГРУШКИ ДЛЯ НЕГО / НАСАДКИ,ИГРУШКИ ДЛЯ НЕГО / НАСАДКИ,576
wolt,БЕЗАЛКОГОЛЬНЫЕ  НАПИТКИ🥤 / ВОДА 🧊,БЕЗАЛКОГОЛЬНЫЕ  НАПИТКИ🥤 / ВОДА 🧊,576
wolt,Односолодовый виски,Односолодовый виски,571
wolt,ПРЕЗЕРВАТИВЫ / РЕЛЬЕФНЫЕ,ПРЕЗЕРВАТИВЫ / РЕЛЬЕФНЫЕ,570
wolt,Сладости / Шоколадные плитки,Сладости / Шоколадные плитки,570
wolt,ЛЕЧЕНИЕ ЖКТ,ЛЕЧЕНИЕ ЖКТ,570
wolt,"ВСЕ ДЛЯ СТИРКИ🧺 / Пятновыводители, отбеливатели, мыло","ВСЕ ДЛЯ СТИРКИ🧺 / Пятновыводители, отбеливатели, мыло",569
wolt,"Лейкопластыри,пластыри,повязки","Лейкопластыри,пластыри,повязки",567
wolt,КОНДИТЕРСКИЕ ИЗДЕЛИЯ 🎂 / Пирожное,КОНДИТЕРСКИЕ ИЗДЕЛИЯ 🎂 / Пирожное,567
wolt,Колбасы и сосиски / Деликатесы и нарезки,Колбасы и сосиски / Деликатесы и нарезки,564
wolt,БАКАЛЕЯ / Продукты диабетические,БАКАЛЕЯ / Продукты диабетические,564
wolt,Спортивное питание / Витамины и добавки,Спортивное питание / Витамины и добавки,563
wolt,"СРЕДСТВА ГИГИЕНЫ, ФАРМАЦЕВТИКА / ВЛАЖНЫЕ САЛФЕТКИ","СРЕДСТВА ГИГИЕНЫ, ФАРМАЦЕВТИКА / ВЛАЖНЫЕ САЛФЕТКИ",561
wolt,"ТОВАРЫ ДЛЯ ОТДЫХА / ШАМПУРЫ, РЕШЕТКИ","ТОВАРЫ ДЛЯ ОТДЫХА / ШАМПУРЫ, РЕШЕТКИ",558
wolt,"БЕЗАЛКОГОЛЬНЫЕ НАПИТКИ / БУТЫЛОЧНЫЕ","БЕЗАЛКОГОЛЬНЫЕ НАПИТКИ / БУТЫЛОЧНЫЕ",558
wolt,ФРУКТЫ🍇,ФРУКТЫ🍇,556
wolt,"ЧИПСЫ, ОРЕХИ, СНЕКИ🍟 / Сухарики, гренки🍞","ЧИПСЫ, ОРЕХИ, СНЕКИ🍟 / Сухарики, гренки🍞",555
wolt,СНОВА В ШКОЛУ / Хобби и творчество,СНОВА В ШКОЛУ / Хобби и творчество,552
wolt,СНЭКИ 🥜 / Нори,СНЭКИ 🥜 / Нори,552
wolt,Сладости / Шоколадные батончики,Сладости / Шоколадные батончики,552
wolt,ТАБАЧНАЯ ПРОДУКЦИЯ💨 / Marlboro,ТАБАЧНАЯ ПРОДУКЦИЯ💨 / Marlboro,552
wolt,ТВОРОГ И СМЕТАНА 🍶 / СМЕТАНА,ТВОРОГ И СМЕТАНА 🍶 / СМЕТАНА,550
wolt,АЛКОГОЛЬНЫЕ НАПИТКИ🥂 / Виски,АЛКОГОЛЬНЫЕ НАПИТКИ🥂 / Виски,550
wolt,МОЛОЧНЫЕ ПРОДУКТЫ / Национальные продукты,МОЛОЧНЫЕ ПРОДУКТЫ / Национальные продукты,549
wolt,КРЕПКИЙ АЛКОГОЛЬ🥃 / РОМ🥃,КРЕПКИЙ АЛКОГОЛЬ🥃 / РОМ🥃,546
wolt,СЕКС ИГРУШКИ ДЛЯ ДВОИХ / Вибромассажеры интимные,СЕКС ИГРУШКИ ДЛЯ ДВОИХ / Вибромассажеры интимные,546
wolt,ВЛАЖНЫЕ КОРМА ДЛЯ СОБАК 🐶,ВЛАЖНЫЕ КОРМА ДЛЯ СОБАК 🐶,546
wolt,КОСМЕТИКА ДЛЯ ЗАГАРА,КОСМЕТИКА ДЛЯ ЗАГАРА,544
wolt,МАСЛО. СЫР. ЯЙЦА / Рассольные сыры,МАСЛО. СЫР. ЯЙЦА / Рассольные сыры,541
wolt,ВОДА И НАПИТКИ 🥤 / Морс и отвар,ВОДА И НАПИТКИ 🥤 / Морс и отвар,541
wolt,Сиропы,Сиропы,541
wolt,ПОППЕРСЫ,ПОППЕРСЫ,540
wolt,ВОДА 🥤,ВОДА 🥤,538
wolt,"СОКИ, НЕКТАРЫ И КОМПОТЫ / Соки","СОКИ, НЕКТАРЫ И КОМПОТЫ / Соки",537
wolt,"Чипсы, сухарики и снэки / Сухарики","Чипсы, сухарики и снэки / Сухарики",535
wolt,БУКЕТЫ 💐,БУКЕТЫ 💐,535
wolt,"ВИБРАТОРЫ							","ВИБРАТОРЫ							",534
wolt,ПРОДУКТЫ 🍜 / РАМЕНЫ 🍜,ПРОДУКТЫ 🍜 / РАМЕНЫ 🍜,534
wolt,ТАБАЧНАЯ ПРОДУКЦИЯ💨 / Evo,ТАБАЧНАЯ ПРОДУКЦИЯ💨 / Evo,532
wolt,"СРЕДСТВА ГИГИЕНЫ 🛁 / Уход за телом","СРЕДСТВА ГИГИЕНЫ 🛁 / Уход за телом",532
wolt,"ПИВО / БУТЫЛОЧНОЕ","ПИВО / БУТЫЛОЧНОЕ",528
wolt,НАБОРЫ,НАБОРЫ,528
wolt,"БЫТОВАЯ ХИМИЯ, УБОРКА🧴 / Пакеты для мусора, перчатки","БЫТОВАЯ ХИМИЯ, УБОРКА🧴 / Пакеты для мусора, перчатки",528
wolt,"ПРЕЗЕРВАТИВЫ, ГИГИЕНА, ТОЙ-КЛИНЕРЫ / Элементы питания (Батарейки)","ПРЕЗЕРВАТИВЫ, ГИГИЕНА, ТОЙ-КЛИНЕРЫ / Элементы питания (Батарейки)",527
wolt,Хондропротекторы,Хондропротекторы,525
wolt,КРУАССАНЫ 🥐,КРУАССАНЫ 🥐,525
wolt,ИГРУШКИ ДЛЯ НЕЁ / ВАКУУМНЫЕ СТИМУЛЯТОРЫ,ИГРУШКИ ДЛЯ НЕЁ / ВАКУУМНЫЕ СТИМУЛЯТОРЫ,522
wolt,СНОВА В ШКОЛУ / Аксессуары,СНОВА В ШКОЛУ / Аксессуары,522
wolt,БАКАЛЕЯ / МАСЛА РАСТИТЕЛЬНЫЕ,БАКАЛЕЯ / МАСЛА РАСТИТЕЛЬНЫЕ,520
wolt,ЖКТ И ПИЩЕВАРЕНИЕ,ЖКТ И ПИЩЕВАРЕНИЕ,520
wolt,ПОЛУФАБРИКАТЫ🥟,ПОЛУФАБРИКАТЫ🥟,519
kaspi_food,Liquor,Liquor,516
wolt,ЛАКОМСТВА ДЛЯ КОШЕК,ЛАКОМСТВА ДЛЯ КОШЕК,516
wolt,"Сладости / Шоколадные коробки, пралине","Сладости / Шоколадные коробки, пралине",516
wolt,"ЗАКУСКИ / ОРЕХИ","ЗАКУСКИ / ОРЕХИ",516
wolt,"ЭРОТИЧЕСКОЕ БЕЛЬЕ / Латекс, кожа и винил","ЭРОТИЧЕСКОЕ БЕЛЬЕ / Латекс, кожа и винил",515
wolt,МУЖСКАЯ ГИГИЕНА 🙎‍♂️,МУЖСКАЯ ГИГИЕНА 🙎‍♂️,510
wolt,УХОД И ГИГИЕНА 🧼,УХОД И ГИГИЕНА 🧼,510
wolt,АПТЕЧКА ПУТЕШЕСТВЕННИКА 🗺,АПТЕЧКА ПУТЕШЕСТВЕННИКА 🗺,507
wolt,Десерты / Трайфл,Десерты / Трайфл,507
wolt,АЛКОГОЛЬНЫЕ НАПИТКИ🥂 / БРЕНДИ,АЛКОГОЛЬНЫЕ НАПИТКИ🥂 / БРЕНДИ,503
wolt,ЭЛЕКТРОТОВАРЫ И АППАРАТУРА⌨️,ЭЛЕКТРОТОВАРЫ И АППАРАТУРА⌨️,502
wolt,СРЕДСТВА ОТ ВАРИКОЗА,СРЕДСТВА ОТ ВАРИКОЗА,500
wolt,ЛАКОМСТВА ДЛЯ КОШЕК 😻 / ДЕРЕВЕНСКИЕ ЛАКОМСТВА😋🐱,ЛАКОМСТВА ДЛЯ КОШЕК 😻 / ДЕРЕВЕНСКИЕ ЛАКОМСТВА😋🐱,499
wolt,"БЫТОВАЯ ХИМИЯ, УБОРКА 🧴 / Пакеты для мусора, перчатки","БЫТОВАЯ ХИМИЯ, УБОРКА 🧴 / Пакеты для мусора, перчатки",498
wolt,ДЕТСКИЕ ТОВАРЫ / Подгузники,ДЕТСКИЕ ТОВАРЫ / Подгузники,498
wolt,КОСМЕТИКА И УХОД / МАССАЖНЫЕ МАСЛА,КОСМЕТИКА И УХОД / МАССАЖНЫЕ МАСЛА,498
wolt,"Гельминтные,Противопротозоидные,Противогрибковые","Гельминтные,Противопротозоидные,Противогрибковые",498
wolt,КУСТОВЫЕ РОЗЫ🫶,КУСТОВЫЕ РОЗЫ🫶,492
wolt,ШАРИКИ 🎈 / Композиция из Шаров ,ШАРИКИ 🎈 / Композиция из Шаров ,492
wolt,"АЛКОГОЛЬ / ВИСКИ, СКОТЧ, РОМ","АЛКОГОЛЬ / ВИСКИ, СКОТЧ, РОМ",492
wolt,НАСТОЛЬНЫЕ ИГРЫ,НАСТОЛЬНЫЕ ИГРЫ,492
wolt,СУВЕНИРНАЯ ПРОДУКЦИЯ / АРОМАТИЗАТОРЫ,СУВЕНИРНАЯ ПРОДУКЦИЯ / АРОМАТИЗАТОРЫ,492
wolt,НАПИТКИ 🥤 / БЕЗАЛКОГОЛЬНЫЕ НАПИТКИ,НАПИТКИ 🥤 / БЕЗАЛКОГОЛЬНЫЕ НАПИТКИ,490
wolt,"ЗАМОРОЖЕННАЯ ПРОДУКЦИЯ 🥟 / Фрукты и ягоды","ЗАМОРОЖЕННАЯ ПРОДУКЦИЯ 🥟 / Фрукты и ягоды",490
wolt,ФРУКТЫ🍏,ФРУКТЫ🍏,489
wolt,КОРМ ДЛЯ КОШЕК 🐱 / СУХОЙ КОРМ ДЛЯ КОШЕК 🐱,КОРМ ДЛЯ КОШЕК 🐱 / СУХОЙ КОРМ ДЛЯ КОШЕК 🐱,487
wolt,ДЛЯ ПЕЧЕНИ,ДЛЯ ПЕЧЕНИ,485
wolt,"Лечение кандидоза,противогрибковые препараты","Лечение кандидоза,противогрибковые препараты",485
kaspi_food,Cider,Cider,482
wolt,СНОВА В ШКОЛУ / Школьные принадлежности,СНОВА В ШКОЛУ / Школьные принадлежности,480
wolt,Нервная система и память,Нервная система и память,480
wolt,СУВЕНИРНАЯ ПРОДУКЦИЯ / КАМНИ ДЛЯ ВИСКИ,СУВЕНИРНАЯ ПРОДУКЦИЯ / КАМНИ ДЛЯ ВИСКИ,480
wolt,ТОВАРЫ ДЛЯ ЖИВОТНЫХ🐶,ТОВАРЫ ДЛЯ ЖИВОТНЫХ🐶,480
wolt,"МОЛОЧНЫЕ ПРОДУКТЫ🥛 / Жент, курт, иримшик","МОЛОЧНЫЕ ПРОДУКТЫ🥛 / Жент, курт, иримшик",479
wolt,Десерты / Тарталетки,Десерты / Тарталетки,479
wolt,"БЫТОВАЯ ХИМИЯ, УБОРКА🧴 / Для ванны, туалета","БЫТОВАЯ ХИМИЯ, УБОРКА🧴 / Для ванны, туалета",479
wolt,Эфирные  и косметические масла,Эфирные  и косметические масла,478
wolt,ИГРУШКИ БДСМ / БДСМ наборы,ИГРУШКИ БДСМ / БДСМ наборы,477
wolt,ДЖИН,ДЖИН,477
wolt,МАСЛО. СЫР. ЯЙЦА / Мягкие сыры,МАСЛО. СЫР. ЯЙЦА / Мягкие сыры,474
wolt,Консервы,Консервы,474
wolt,МЯСО И ПТИЦА🥩 / Мясо говядины,МЯСО И ПТИЦА🥩 / Мясо говядины,472
wolt,ЛУЧШИЕ ЦЕНЫ,ЛУЧШИЕ ЦЕНЫ,472
wolt,ВКУСНЯШКИ,ВКУСНЯШКИ,468
wolt,БЕЗАЛКОГОЛЬНЫЕ НАПИТКИ 🧃 / ВОДА💧,БЕЗАЛКОГОЛЬНЫЕ НАПИТКИ 🧃 / ВОДА💧,468
wolt,МАСЛО. СОУСЫ. СПЕЦИИ / Томатная паста,МАСЛО. СОУСЫ. СПЕЦИИ / Томатная паста,467
wolt,"ЧАЙ, КОФЕ, СЛАДОСТИ / Сиропы, кисель","ЧАЙ, КОФЕ, СЛАДОСТИ / Сиропы, кисель",467
wolt,КОНФЕТЫ И СЛАДОСТИ / Сладости,КОНФЕТЫ И СЛАДОСТИ / Сладости,464
wolt,КРАСОТА и ГИГИЕНА / Мыло,КРАСОТА и ГИГИЕНА / Мыло,464
wolt,ДЕЗОДОРАНТЫ,ДЕЗОДОРАНТЫ,462
kaspi_food,Honey,Honey,461
wolt,"БЫТОВАЯ ХИМИЯ, УБОРКА 🧴 / Для различных поверхностей","БЫТОВАЯ ХИМИЯ, УБОРКА 🧴 / Для различных поверхностей",460
kaspi_nonfood,Cement,Cement,459
wolt,"ОВОЩИ, ФРУКТЫ, ЯГОДЫ,ГРИБЫ / ЗЕЛЕНЬ","ОВОЩИ, ФРУКТЫ, ЯГОДЫ,ГРИБЫ / ЗЕЛЕНЬ",458
wolt,ВОЗБУЖДАЮЩИЕ СРЕДСТВА / Возбуждающие средства,ВОЗБУЖДАЮЩИЕ СРЕДСТВА / Возбуждающие средства,458
wolt,ЛАКОМСТВА ДЛЯ СОБАК,ЛАКОМСТВА ДЛЯ СОБАК,456
wolt,Лечение неврологических нарушений,Лечение неврологических нарушений,456
wolt,ТОВАРЫ ДЛЯ ЖИВОТНЫХ 🐾,ТОВАРЫ ДЛЯ ЖИВОТНЫХ 🐾,456
wolt,МОЛОЧНЫЕ ПРОДУКТЫ / Молочные коктейли,МОЛОЧНЫЕ ПРОДУКТЫ / Молочные коктейли,454
wolt,СРЕДСТВА ГИГИЕНЫ🛁 / Уход за волосами,СРЕДСТВА ГИГИЕНЫ🛁 / Уход за волосами,452
wolt,НАПИТКИ  ☕,НАПИТКИ  ☕,450
wolt,ИГРУШКИ БДСМ / Кляпы БДСМ,ИГРУШКИ БДСМ / Кляпы БДСМ,450
wolt,ВЛАЖНЫЙ КОРМ ДЛЯ КОШЕК 🐱,ВЛАЖНЫЙ КОРМ ДЛЯ КОШЕК 🐱,450
wolt,СПФ☀️,СПФ☀️,450
wolt,"Бандажи,корсеты,пояса,компрессия","Бандажи,корсеты,пояса,компрессия",448
wolt,СРЕДСТВА ГИГИЕНЫ🪥 / Жидкое мыло,СРЕДСТВА ГИГИЕНЫ🪥 / Жидкое мыло,447
wolt,"СРЕДСТВА ГИГИЕНЫ 🛁 / Уход за волосами","СРЕДСТВА ГИГИЕНЫ 🛁 / Уход за волосами",445
wolt,АЛКОГОЛЬ / КРЕПКИЙ АЛКОГОЛЬ,АЛКОГОЛЬ / КРЕПКИЙ АЛКОГОЛЬ,444
wolt,КРЕПКИЙ АЛКОГОЛЬ🥃 / ВЕРМУТ 🥃,КРЕПКИЙ АЛКОГОЛЬ🥃 / ВЕРМУТ 🥃,444
wolt,"Дом, дача, авто / Домашний текстиль","Дом, дача, авто / Домашний текстиль",443
wolt,ВИСКИ / Бурбон,ВИСКИ / Бурбон,442
wolt,Спреи для горла,Спреи для горла,442
wolt,БЕЛЬЕ И ОДЕЖДА / БОДИ И ТЕДДИ,БЕЛЬЕ И ОДЕЖДА / БОДИ И ТЕДДИ,438
wolt,"ЗАКУСКИ / СУХАРИКИ","ЗАКУСКИ / СУХАРИКИ",438
wolt,ХОЗЯЙСТВЕННЫЕ ТОВАРЫ🧹 / Все для выпечки,ХОЗЯЙСТВЕННЫЕ ТОВАРЫ🧹 / Все для выпечки,434
wolt,ТОВАРЫ ДЛЯ ДОМА / Отбеливатели и пятновыводители,ТОВАРЫ ДЛЯ ДОМА / Отбеливатели и пятновыводители,433
wolt,ЖЕНСКАЯ ГИГИЕНА 👱‍♀️,ЖЕНСКАЯ ГИГИЕНА 👱‍♀️,432
wolt,"ДЕСЕРТЫ / ДЕСЕРТЫ 🍰","ДЕСЕРТЫ / ДЕСЕРТЫ 🍰",432
wolt,СУХОЙ КОРМ ДЛЯ КОШЕК (В УПАКОВКЕ) 🐈 / ROYAL CANIN🐾,СУХОЙ КОРМ ДЛЯ КОШЕК (В УПАКОВКЕ) 🐈 / ROYAL CANIN🐾,431
wolt,ЗАКУСКИ / ЗАКУСКИ (АНТИПАСТИ) LE BONTA,ЗАКУСКИ / ЗАКУСКИ (АНТИПАСТИ) LE BONTA,430
wolt,ЭРОТИЧЕСКОЕ БЕЛЬЕ / Купальники и пляжная одежда,ЭРОТИЧЕСКОЕ БЕЛЬЕ / Купальники и пляжная одежда,429
wolt,Табачная продукция / Электронные сигареты,Табачная продукция / Электронные сигареты,429
wolt,ДЛЯ ИМУННОЙ СИСТЕМЫ,ДЛЯ ИМУННОЙ СИСТЕМЫ,428
wolt,ТОВАРЫ ДЛЯ ДОМА / Средства для пола,ТОВАРЫ ДЛЯ ДОМА / Средства для пола,428
wolt,"OMEGA3-РЫБИЙ ЖИР","OMEGA3-РЫБИЙ ЖИР",428
wolt,ТАБАК ДЛЯ КАЛЬЯНА,ТАБАК ДЛЯ КАЛЬЯНА,426
wolt,СОКИ 🧃,СОКИ 🧃,425
wolt,ВИСКИ 🥃 / Ирландия,ВИСКИ 🥃 / Ирландия,424
kaspi_food,Second courses,Second courses,422
wolt,"МОЛОЧНЫЕ ПРОДУКТЫ🥛 / Растительное молоко","МОЛОЧНЫЕ ПРОДУКТЫ🥛 / Растительное молоко",421
wolt,"РОЛЕВЫЕ КОСТЮМЫ							","РОЛЕВЫЕ КОСТЮМЫ							",420
wolt,ТОВАРЫ ДЛЯ ЖИВОТНЫХ / ДЛЯ КОШЕК,ТОВАРЫ ДЛЯ ЖИВОТНЫХ / ДЛЯ КОШЕК,420
wolt,Средства для местного и наружного применения,Средства для местного и наружного применения,416
wolt,НЕДЕЛЬНЫЕ АКЦИИ,НЕДЕЛЬНЫЕ АКЦИИ,415
wolt,ИНТИМНЫЕ СМАЗКИ / Гели для сужения влагалища,ИНТИМНЫЕ СМАЗКИ / Гели для сужения влагалища,415
wolt,МИСКИ И ПОИЛКИ 🥣,МИСКИ И ПОИЛКИ 🥣,414
wolt,СНЕКИ,СНЕКИ,414
wolt,ИГРУШКИ ДЛЯ НЕЁ / МИНИ ВИБРАТОРЫ,ИГРУШКИ ДЛЯ НЕЁ / МИНИ ВИБРАТОРЫ,414
wolt,КОНФЕТЫ И СЛАДОСТИ🍬 / Восточные сладости,КОНФЕТЫ И СЛАДОСТИ🍬 / Восточные сладости,412
wolt,СЛАДКОЕ 🍬 / Сиропы,СЛАДКОЕ 🍬 / Сиропы,412
wolt,СРЕДСТВА ГИГИЕНЫ🛁 / Ватные диски и палочки,СРЕДСТВА ГИГИЕНЫ🛁 / Ватные диски и палочки,411
wolt,СУХОЙ КОРМ ДЛЯ КОШЕК (В УПАКОВКЕ) 🐈 / PRO PLAN🐾,СУХОЙ КОРМ ДЛЯ КОШЕК (В УПАКОВКЕ) 🐈 / PRO PLAN🐾,411
wolt,СУХИЕ КОРМА ДЛЯ СОБАК 🐶,СУХИЕ КОРМА ДЛЯ СОБАК 🐶,410
wolt,ИНТИМНЫЕ СМАЗКИ / Духи с феромонами,ИНТИМНЫЕ СМАЗКИ / Духи с феромонами,409
wolt,КРЕПКИЙ АЛКОГОЛЬ🥃 / ТЕКИЛА  🍸,КРЕПКИЙ АЛКОГОЛЬ🥃 / ТЕКИЛА  🍸,408
wolt,"ВСЕ ДЛЯ СТИРКИ 🧺 / Пятновыводители, отбеливатели, мыло","ВСЕ ДЛЯ СТИРКИ 🧺 / Пятновыводители, отбеливатели, мыло",407
wolt,Растительные продукты / Растительные напитки,Растительные продукты / Растительные напитки,406
wolt,"КОЛБАСЫ 🍖 / КОЛБАСА ВАРЁНО-КОПЧЁНАЯ","КОЛБАСЫ 🍖 / КОЛБАСА ВАРЁНО-КОПЧЁНАЯ",406
wolt,"ТОВАРЫ ДЛЯ ДОМА 🏠 / Стирка и уход за бельём","ТОВАРЫ ДЛЯ ДОМА 🏠 / Стирка и уход за бельём",404
wolt,"МАКАРОНЫ, ЛАПША И КРУПЫ 🌾 / Рамен","МАКАРОНЫ, ЛАПША И КРУПЫ 🌾 / Рамен",404
wolt,Аксессуары и косметические инструменты,Аксессуары и косметические инструменты,404
wolt,Замороженные продукты / Замороженная пицца и закуски,Замороженные продукты / Замороженная пицца и закуски,402
wolt,"Пробиотики,метабиотики,пр-ты д/восстановл.флоры","Пробиотики,метабиотики,пр-ты д/восстановл.флоры",402
wolt,ВОДА И НАПИТКИ 🥤 / Лимонады,ВОДА И НАПИТКИ 🥤 / Лимонады,400
wolt,"СРЕДСТВА ГИГИЕНЫ 🛁 / Уход за полостью рта","СРЕДСТВА ГИГИЕНЫ 🛁 / Уход за полостью рта",400
wolt,"ПОСУДА, ТОВАРЫ ДЛЯ КУХНИ 🍽️ / Хранение продуктов","ПОСУДА, ТОВАРЫ ДЛЯ КУХНИ 🍽️ / Хранение продуктов",400
wolt,ВОДА И НАПИТКИ 🥤 / Напитки,ВОДА И НАПИТКИ 🥤 / Напитки,400
wolt,ТОВАРЫ ДЛЯ ДОМА / Осветительные приборы,ТОВАРЫ ДЛЯ ДОМА / Осветительные приборы,400
wolt,ЗАМОРОЖЕННАЯ ПРОДУКЦИЯ 🍓🦐,ЗАМОРОЖЕННАЯ ПРОДУКЦИЯ 🍓🦐,399
wolt,"ТОВАРЫ ДЛЯ ДОМА🏠 / Свечи, скатерти, полотенца","ТОВАРЫ ДЛЯ ДОМА🏠 / Свечи, скатерти, полотенца",399
wolt,БАДы,БАДы,396
wolt,"ЗИМЫЧ, ВЕСОВУХА 🧀","ЗИМЫЧ, ВЕСОВУХА 🧀",396
wolt,АЛКОГОЛЬНЫЕ НАПИТКИ 🥂 / Прочие напитки,АЛКОГОЛЬНЫЕ НАПИТКИ 🥂 / Прочие напитки,395
wolt,Лечение лор заболеваний,Лечение лор заболеваний,395
wolt,ВОДА / Без газа,ВОДА / Без газа,394
wolt,ГОТОВАЯ ЕДА И ДЕСЕРТЫ 🍱 / Обеды,ГОТОВАЯ ЕДА И ДЕСЕРТЫ 🍱 / Обеды,393
wolt,МАКИЯЖ ГЛАЗ,МАКИЯЖ ГЛАЗ,393
wolt,ДЛЯ ЖЕНЩИН,ДЛЯ ЖЕНЩИН,393
wolt,"ЧАЙ, КОФЕ, СЛАДОСТИ / Бисквит, пирожное, круассан","ЧАЙ, КОФЕ, СЛАДОСТИ / Бисквит, пирожное, круассан",390
wolt,СНЭКИ 🥜 / ЧИПСЫ,СНЭКИ 🥜 / ЧИПСЫ,390
wolt,ЗДОРОВОЕ ПИТАНИЕ 🥗 / Протеиновые батончики и печенье,ЗДОРОВОЕ ПИТАНИЕ 🥗 / Протеиновые батончики и печенье,390
wolt,Канцтовары / Для письменного стола,Канцтовары / Для письменного стола,390
wolt,ЧАЙ И КОФЕ ☕️ / Сиропы,ЧАЙ И КОФЕ ☕️ / Сиропы,389
wolt,КОСМЕТИКА 🎀 / SPF ☀️,КОСМЕТИКА 🎀 / SPF ☀️,389
wolt,"МАСЛО. СОУСЫ. СПЕЦИИ / Горчица, хрен и аджика","МАСЛО. СОУСЫ. СПЕЦИИ / Горчица, хрен и аджика",388
wolt,Десерты / Детский ассортимент,Десерты / Детский ассортимент,387
wolt,ЧАИ ☕️,ЧАИ ☕️,385
wolt,КРЕПКИЙ АЛКОГОЛЬ🥃 / ЛИКЕР🍸,КРЕПКИЙ АЛКОГОЛЬ🥃 / ЛИКЕР🍸,384
wolt,ВОЗБУЖДАЮЩИЕ СРЕДСТВА / Попперсы,ВОЗБУЖДАЮЩИЕ СРЕДСТВА / Попперсы,382
wolt,"ВАРЕНЬЕ, ПАСТА И МЕД  🍯 / Сиропы","ВАРЕНЬЕ, ПАСТА И МЕД  🍯 / Сиропы",382
wolt,СРЕДСТВА  ОТ КОМАРОВ,СРЕДСТВА  ОТ КОМАРОВ,380
wolt,ПИРОГИ 🥧 ,ПИРОГИ 🥧 ,379
wolt,КОРМ ДЛЯ СОБАК 🐶 / СУХОЙ КОРМ ДЛЯ СОБАК 🐶,КОРМ ДЛЯ СОБАК 🐶 / СУХОЙ КОРМ ДЛЯ СОБАК 🐶,378
wolt,ИГРУШКИ ДЛЯ НЕЁ / НЕРЕАЛИСТИЧНЫЕ,ИГРУШКИ ДЛЯ НЕЁ / НЕРЕАЛИСТИЧНЫЕ,378
wolt,ИГРУШКИ ДЛЯ НЕГО / ЭРЕКЦИОННЫЕ КОЛЬЦА,ИГРУШКИ ДЛЯ НЕГО / ЭРЕКЦИОННЫЕ КОЛЬЦА,378
wolt,УХОД ДЛЯ МУЖЧИН,УХОД ДЛЯ МУЖЧИН,377
kaspi_food,Blanks for cooking,Blanks for cooking,377
wolt,"СЛАДОСТИ 🍬 / Шоколад, батончики","СЛАДОСТИ 🍬 / Шоколад, батончики",377
wolt,КОСМЕТИКА 🎀 / КРЕМЫ 💧,КОСМЕТИКА 🎀 / КРЕМЫ 💧,377
wolt,ТОВАРЫ ДЛЯ ДОМА / Кондиционеры и ополаскиватели,ТОВАРЫ ДЛЯ ДОМА / Кондиционеры и ополаскиватели,375
wolt,СУХОЙ КОРМ ДЛЯ КОШЕК (НА РАЗВЕС) 🐈 / ROYAL CANIN😺,СУХОЙ КОРМ ДЛЯ КОШЕК (НА РАЗВЕС) 🐈 / ROYAL CANIN😺,374
wolt,"ПОСУДА, ТОВАРЫ ДЛЯ КУХНИ🍽️ / Хранение продуктов","ПОСУДА, ТОВАРЫ ДЛЯ КУХНИ🍽️ / Хранение продуктов",372
wolt,ПОДАРКИ 🎁,ПОДАРКИ 🎁,372
wolt,ЛАКОМСТВА ДЛЯ КОШЕК 😻 / ME-O🦊,ЛАКОМСТВА ДЛЯ КОШЕК 😻 / ME-O🦊,372
wolt,ДЕТСКОЕ ПИТАНИЕ И ГИГИЕНА 🚼 / Детское питание,ДЕТСКОЕ ПИТАНИЕ И ГИГИЕНА 🚼 / Детское питание,372
wolt,ВИСКИ / Солодовый,ВИСКИ / Солодовый,371
wolt,КОНДИТЕРСКИЕ ИЗДЕЛИЯ / ЛЕДЕНЕЦ,КОНДИТЕРСКИЕ ИЗДЕЛИЯ / ЛЕДЕНЕЦ,370
wolt,СНЭКИ 🍟🍿 / Попкорн,СНЭКИ 🍟🍿 / Попкорн,369
wolt,СНЭКИ 🍿 / Семечки,СНЭКИ 🍿 / Семечки,368
wolt,СМАЗКИ / АНАЛЬНЫЕ,СМАЗКИ / АНАЛЬНЫЕ,367
wolt,ВЕРМУТ🍸,ВЕРМУТ🍸,366
wolt,ТЕКИЛА 🍸,ТЕКИЛА 🍸,366
wolt,АЛКОГОЛЬ🍷 / Ром,АЛКОГОЛЬ🍷 / Ром,366
wolt,СРЕДСТВА ГИГИЕНЫ / БУМАГА И САЛФЕТКИ,СРЕДСТВА ГИГИЕНЫ / БУМАГА И САЛФЕТКИ,366
wolt,Дом и офис / Атмосфера и интерьер,Дом и офис / Атмосфера и интерьер,366
wolt,СОУСЫ 🌶,СОУСЫ 🌶,366
wolt,Домашние питомцы / Корм и уход за собаками,Домашние питомцы / Корм и уход за собаками,366
wolt,МАКИЯЖ БРОВЕЙ,МАКИЯЖ БРОВЕЙ,365
kaspi_food,Vermouth,Vermouth,365
wolt,ВОЗБУЖДАЮЩИЕ СРЕДСТВА / Универсальные возбудители,ВОЗБУЖДАЮЩИЕ СРЕДСТВА / Универсальные возбудители,364
wolt,УСТРОЙСТВА,УСТРОЙСТВА,360
wolt,ПАСТИЛКИ от кашля,ПАСТИЛКИ от кашля,360
wolt,ВЛАЖНЫЙ КОРМ ДЛЯ КОШЕК 🐱 / LEONARDO😺,ВЛАЖНЫЙ КОРМ ДЛЯ КОШЕК 🐱 / LEONARDO😺,360
wolt,ЭРОТИЧЕСКОЕ БЕЛЬЕ / Пэстисы,ЭРОТИЧЕСКОЕ БЕЛЬЕ / Пэстисы,360
wolt,ДЛЯ ПОХУДЕНИЯ,ДЛЯ ПОХУДЕНИЯ,360
wolt,ВЛАЖНЫЙ КОРМ ДЛЯ КОШЕК 🐱 / MONGE😺,ВЛАЖНЫЙ КОРМ ДЛЯ КОШЕК 🐱 / MONGE😺,360
wolt,ВСЕ ДЛЯ ПРАЗДНИКА🎊 / СВЕЧИ ЦИФРЫ,ВСЕ ДЛЯ ПРАЗДНИКА🎊 / СВЕЧИ ЦИФРЫ,360
wolt,Алкогольные напитки / Виски,Алкогольные напитки / Виски,359
wolt,ХЛЕБ И ВЫПЕЧКА / Хлеб,ХЛЕБ И ВЫПЕЧКА / Хлеб,356
wolt,ДЕТСКИЕ ТОВАРЫ / Мыло и крема,ДЕТСКИЕ ТОВАРЫ / Мыло и крема,356
wolt,Кондитерские изделия / Драже,Кондитерские изделия / Драже,355
wolt,"ЗАКУСКИ / ЧИПСЫ","ЗАКУСКИ / ЧИПСЫ",354
wolt,"Лечение гриппа ,ОРВИ","Лечение гриппа ,ОРВИ",351
wolt,"БЫТОВАЯ ХИМИЯ, УБОРКА🧴 / Для посудомоечных машин","БЫТОВАЯ ХИМИЯ, УБОРКА🧴 / Для посудомоечных машин",347
wolt,КОСМЕТИКА 🎀 / МАСКИ💆🏻‍♀️,КОСМЕТИКА 🎀 / МАСКИ💆🏻‍♀️,346
wolt,"ФРУКТЫ 🥭","ФРУКТЫ 🥭",345
wolt,Презервативы ,Презервативы ,343
wolt,ВЛАЖНЫЙ КОРМ ДЛЯ КОШЕК 🐱 / FELIX😺,ВЛАЖНЫЙ КОРМ ДЛЯ КОШЕК 🐱 / FELIX😺,342
wolt,СЕКС ИГРУШКИ ДЛЯ МУЖЧИН / Фаллопротезы,СЕКС ИГРУШКИ ДЛЯ МУЖЧИН / Фаллопротезы,341
kaspi_food,Superfoods,Superfoods,340
wolt,ТОВАРЫ ДЛЯ ДОМА🏠 / Элементы питания,ТОВАРЫ ДЛЯ ДОМА🏠 / Элементы питания,339
wolt,СНЭКИ 🥜 / Соленые закуски,СНЭКИ 🥜 / Соленые закуски,338
wolt,Мясо и птица / Фарш,Мясо и птица / Фарш,338
wolt,Антилипидные и сахароснижающие препараты,Антилипидные и сахароснижающие препараты,337
wolt,УХОД ДЛЯ ТЕЛА 🤩,УХОД ДЛЯ ТЕЛА 🤩,336
wolt,Сиропы от кашля,Сиропы от кашля,335
wolt,КОМНАТНЫЕ РАСТЕНИЯ 💐,КОМНАТНЫЕ РАСТЕНИЯ 💐,332
wolt,ИГРУШКИ БДСМ / Зажимы для сосков,ИГРУШКИ БДСМ / Зажимы для сосков,330
wolt,ИГРУШКИ 🦴,ИГРУШКИ 🦴,330
wolt,"АЛКОГОЛЬНЫЕ НАПИТКИ / ВОДКА","АЛКОГОЛЬНЫЕ НАПИТКИ / ВОДКА",330
wolt,КОМНАТНЫЕ РАСТЕНИЯ 🪴,КОМНАТНЫЕ РАСТЕНИЯ 🪴,330
wolt,МЯГКИЕ ИГРУШКИ🧸,МЯГКИЕ ИГРУШКИ🧸,330
wolt,СПОРТИВНЫЕ ДОБАВКИ,СПОРТИВНЫЕ ДОБАВКИ,330
wolt,ЖЕНСКАЯ ГИГИЕНА💆🏻‍♀️,ЖЕНСКАЯ ГИГИЕНА💆🏻‍♀️,329
wolt,"ВАРЕНЬЕ, ПАСТА И МЕД  🍯","ВАРЕНЬЕ, ПАСТА И МЕД  🍯",329
wolt,МОЛОЧНЫЕ ПРОДУКТЫ / Альтернативное молоко,МОЛОЧНЫЕ ПРОДУКТЫ / Альтернативное молоко,326
wolt,ВЛАЖНЫЙ КОРМ ДЛЯ КОШЕК 🐱 / PRO PLAN😺,ВЛАЖНЫЙ КОРМ ДЛЯ КОШЕК 🐱 / PRO PLAN😺,326
wolt,СНЭКИ 🍿 / К пивному,СНЭКИ 🍿 / К пивному,325
wolt,ПРИМЕЧАНИЕ❗,ПРИМЕЧАНИЕ❗,324
wolt,СТРОИТЕЛЬСТВО И РЕМОНТ / ШУРУПОВЕРТЫ АККУМУЛЯТОРНЫЕ,СТРОИТЕЛЬСТВО И РЕМОНТ / ШУРУПОВЕРТЫ АККУМУЛЯТОРНЫЕ,324
wolt,ЖЕНСКАЯ ГИГИЕНА,ЖЕНСКАЯ ГИГИЕНА,324
wolt,ЛАКОМСТВА ДЛЯ СОБАК 🐶,ЛАКОМСТВА ДЛЯ СОБАК 🐶,324
wolt,БЕЗАЛКОГОЛЬНЫЕ  НАПИТКИ🥤 / НАПИТКИ РАЗЛИВНЫЕ 🥤,БЕЗАЛКОГОЛЬНЫЕ  НАПИТКИ🥤 / НАПИТКИ РАЗЛИВНЫЕ 🥤,324
wolt,ГОТОВАЯ ЕДА 🥫 / Горячие блюда,ГОТОВАЯ ЕДА 🥫 / Горячие блюда,323
wolt,НАПОЛНИТЕЛИ 🧻 / Бентонит,НАПОЛНИТЕЛИ 🧻 / Бентонит,321
wolt,"ТОВАРЫ ДЛЯ ДОМА 🏠 / Все для уборки","ТОВАРЫ ДЛЯ ДОМА 🏠 / Все для уборки",320
wolt,АЛКОГОЛЬНЫЕ НАПИТКИ🥂 / Прочие напитки,АЛКОГОЛЬНЫЕ НАПИТКИ🥂 / Прочие напитки,319
wolt,"МАСЛО, СЫР, ЯЙЦА 🧀🥚 / Копченые сыры и снеки","МАСЛО, СЫР, ЯЙЦА 🧀🥚 / Копченые сыры и снеки",319
wolt,ПРЕЗЕРВАТИВЫ / АРОМАТИЗИРОВАННЫЕ,ПРЕЗЕРВАТИВЫ / АРОМАТИЗИРОВАННЫЕ,318
wolt,СНЭКИ 🍟 / Чипсы,СНЭКИ 🍟 / Чипсы,318
wolt,ТОП БУКЕТОВ 😊💐,ТОП БУКЕТОВ 😊💐,318
wolt,КОРМ ДЛЯ ГРЫЗУНОВ 🐭,КОРМ ДЛЯ ГРЫЗУНОВ 🐭,318
wolt,КОРМА ДЛЯ КОШЕК 🐱,КОРМА ДЛЯ КОШЕК 🐱,318
wolt,КОСМЕТИКА 🎀 / ТОНЕРЫ 🫧,КОСМЕТИКА 🎀 / ТОНЕРЫ 🫧,316
wolt,Гомеопатия ,Гомеопатия ,316
wolt,Антисептики и дезинфицирующие средства,Антисептики и дезинфицирующие средства,316
wolt,СЛОЙКИ 🥟,СЛОЙКИ 🥟,315
wolt,"ЭРОТИЧЕСКОЕ БЕЛЬЕ / Бельё премиум качества, размеры от S до 3XL","ЭРОТИЧЕСКОЕ БЕЛЬЕ / Бельё премиум качества, размеры от S до 3XL",315
wolt,Товары для мам,Товары для мам,312
wolt,ПРОТИВОПАРАЗИТАРНЫЕ,ПРОТИВОПАРАЗИТАРНЫЕ,312
wolt,ШАРИКИ 🎈 / Мультяшки(персонажи) ,ШАРИКИ 🎈 / Мультяшки(персонажи) ,312
wolt,"НАПИТКИ 🥤 / ГАЗИРОВАННЫЕ НАПИТКИ","НАПИТКИ 🥤 / ГАЗИРОВАННЫЕ НАПИТКИ",312
wolt,МАСКИ💆🏻‍♀️,МАСКИ💆🏻‍♀️,312
wolt,СОУСЫ🥫,СОУСЫ🥫,312
wolt,ВИТАМИНЫ/БАДЫ,ВИТАМИНЫ/БАДЫ,312
wolt,"ТЕКИЛА, МЕСКАЛЬ 🍸","ТЕКИЛА, МЕСКАЛЬ 🍸",312
wolt,АЛКОГОЛЬ 🥃 / Слабоалкогольные напитки,АЛКОГОЛЬ 🥃 / Слабоалкогольные напитки,312
wolt,НЕ СЛАДКАЯ ВЫПЕЧКА 🥐 / Хлебные изделия,НЕ СЛАДКАЯ ВЫПЕЧКА 🥐 / Хлебные изделия,312
wolt,МОЛОЧНЫЕ ПРОДУКТЫ,МОЛОЧНЫЕ ПРОДУКТЫ,310
wolt,ТОВАРЫ ДЛЯ ДОМА🏡,ТОВАРЫ ДЛЯ ДОМА🏡,309
wolt,"БДСМ НАБОРЫ ( ВТУЛКИ )							","БДСМ НАБОРЫ ( ВТУЛКИ )							",306
wolt,ИНТИМНЫЕ СМАЗКИ / Косметика Премиум класса,ИНТИМНЫЕ СМАЗКИ / Косметика Премиум класса,306
wolt,"ПРЕЗЕРВАТИВЫ","ПРЕЗЕРВАТИВЫ",306
wolt,ЛЕКАРСТВЕННЫЕ СРЕДСТВА 💊 / ПРОЧЕЕ,ЛЕКАРСТВЕННЫЕ СРЕДСТВА 💊 / ПРОЧЕЕ,306
wolt,СНЕКИ🥜 / Сухари,СНЕКИ🥜 / Сухари,306
wolt,СЕКС ИГРУШКИ ДЛЯ ЖЕНЩИН / Пульсаторы,СЕКС ИГРУШКИ ДЛЯ ЖЕНЩИН / Пульсаторы,306
wolt,НАБОРЫ 🍓,НАБОРЫ 🍓,306
wolt,НЕ СЛАДКАЯ ВЫПЕЧКА 🥐 / Перекусы,НЕ СЛАДКАЯ ВЫПЕЧКА 🥐 / Перекусы,306
wolt,ЧАЙ. КОФЕ / Цикорий,ЧАЙ. КОФЕ / Цикорий,306
wolt,"Гематогены, Аскорбинки, Леденцы","Гематогены, Аскорбинки, Леденцы",305
wolt,ВЕТЕРИНАРНАЯ ЛИНЕЙКА🐱🐶,ВЕТЕРИНАРНАЯ ЛИНЕЙКА🐱🐶,305
wolt,ВОДА,ВОДА,305
wolt,ХЛЕБ И ВЫПЕЧКА / Сэндвичи,ХЛЕБ И ВЫПЕЧКА / Сэндвичи,304
wolt,"ПРЕЗЕРВАТИВЫ, ГИГИЕНА, ТОЙ-КЛИНЕРЫ / Средства для чистки секс игрушек","ПРЕЗЕРВАТИВЫ, ГИГИЕНА, ТОЙ-КЛИНЕРЫ / Средства для чистки секс игрушек",304
wolt,ФЕРМЕНТАЦИЯ,ФЕРМЕНТАЦИЯ,303
wolt,ЧАИ 🫖,ЧАИ 🫖,303
wolt,БАКАЛЕЯ / Восточная кухня,БАКАЛЕЯ / Восточная кухня,302
wolt,ЛЕКАРСТВЕННЫЕ ПРЕПАРАТЫ ДЛЯ ДЕТЕЙ,ЛЕКАРСТВЕННЫЕ ПРЕПАРАТЫ ДЛЯ ДЕТЕЙ,300
wolt,КОРМ ДЛЯ ПТИЦ🦜,КОРМ ДЛЯ ПТИЦ🦜,300
wolt,КОРМ ДЛЯ КОШЕК И КОТЯТ🐱 / Сухой корм в упаковке,КОРМ ДЛЯ КОШЕК И КОТЯТ🐱 / Сухой корм в упаковке,300
wolt,АНТИБИОТИКИ 💉,АНТИБИОТИКИ 💉,300
wolt,КОРМ ДЛЯ КОШЕК И КОТЯТ🐱 / Влажный корм ,КОРМ ДЛЯ КОШЕК И КОТЯТ🐱 / Влажный корм ,300
wolt,Антибиотики и Антимикробные Препараты,Антибиотики и Антимикробные Препараты,300
wolt,СТОП КАШЕЛЬ 🦠,СТОП КАШЕЛЬ 🦠,300
wolt,"    Косметика и гигиена /         Уход за волосами","    Косметика и гигиена /         Уход за волосами",300
wolt,АМПУЛЫ 💊,АМПУЛЫ 💊,300
wolt,КОРМА ДЛЯ КОШЕК 🐱 / ProPlan (Проплан),КОРМА ДЛЯ КОШЕК 🐱 / ProPlan (Проплан),300
wolt,СУХОЙ КОРМ ДЛЯ КОШЕК 🐈‍⬛,СУХОЙ КОРМ ДЛЯ КОШЕК 🐈‍⬛,300
wolt,Косметическая продукция / Уход за волосами,Косметическая продукция / Уход за волосами,300
wolt,СРЕДСТВА ОТ ПРОСТУДЫ И ГРИППА 🌡️,СРЕДСТВА ОТ ПРОСТУДЫ И ГРИППА 🌡️,300
wolt,"БАДы и ВИТАМИНЫ, МИНЕРАЛЫ 💊","БАДы и ВИТАМИНЫ, МИНЕРАЛЫ 💊",300
wolt,Косметическая продукция / Уход за полостью рта,Косметическая продукция / Уход за полостью рта,300
wolt,Косметическая продукция / Уход за телом,Косметическая продукция / Уход за телом,300
wolt,СУХОЙ КОРМ ДЛЯ КОШЕК ВЕС,СУХОЙ КОРМ ДЛЯ КОШЕК ВЕС,300
wolt,"КОНФЕТЫ И СЛАДОСТИ 🍭 / ШОКОЛАД, БАТОНЧИКИ, ПАСТА","КОНФЕТЫ И СЛАДОСТИ 🍭 / ШОКОЛАД, БАТОНЧИКИ, ПАСТА",300
wolt,"    Бакалея /         Консервированные продукты","    Бакалея /         Консервированные продукты",300
wolt,"КРАСОТА И ГИГИЕНА 🧴 / ВАТНЫЕ ДИСКИ, ПАЛОЧКИ","КРАСОТА И ГИГИЕНА 🧴 / ВАТНЫЕ ДИСКИ, ПАЛОЧКИ",300
wolt,Конфеты и сладости / Vannucci,Конфеты и сладости / Vannucci,300
wolt,Конфеты и сладости / other ,Конфеты и сладости / other ,300
wolt,"    Бакалея /         Крупы","    Бакалея /         Крупы",300
wolt,"БАКАЛЕЯ 🍝 / КРУПЫ","БАКАЛЕЯ 🍝 / КРУПЫ",300
wolt,"БАКАЛЕЯ 🍝 / МАКАРОННЫЕ ИЗДЕЛИЯ","БАКАЛЕЯ 🍝 / МАКАРОННЫЕ ИЗДЕЛИЯ",300
wolt,"    Бакалея /         Макароны","    Бакалея /         Макароны",300
wolt,Конфеты и сладости / Majani,Конфеты и сладости / Majani,300
wolt,Конфеты и сладости / Bolci,Конфеты и сладости / Bolci,300
wolt,******,******,300
wolt,КРАСОТА И ГИГИЕНА 🧴 / ДЕЗОДОРАНТЫ,КРАСОТА И ГИГИЕНА 🧴 / ДЕЗОДОРАНТЫ,300
wolt,"БАКАЛЕЯ 🍝 / ОВОЩНЫЕ КОНСЕРВЫ","БАКАЛЕЯ 🍝 / ОВОЩНЫЕ КОНСЕРВЫ",300
wolt,"Бакалея / Приправы и специи","Бакалея / Приправы и специи",300
wolt,"Бакалея / Продукты быстрого приготовления","Бакалея / Продукты быстрого приготовления",300
wolt,КОНСТРУКТОР / Конструктор для мальчиков,КОНСТРУКТОР / Конструктор для мальчиков,300
wolt,КРАСОТА И ГИГИЕНА 🧴 / ЖЕНСКАЯ ГИГИЕНА,КРАСОТА И ГИГИЕНА 🧴 / ЖЕНСКАЯ ГИГИЕНА,300
wolt,"БАКАЛЕЯ 🍝 / СНЭКИ","БАКАЛЕЯ 🍝 / СНЭКИ",300
wolt,КРАСОТА И ГИГИЕНА 🧴 / МАСЛО,КРАСОТА И ГИГИЕНА 🧴 / МАСЛО,300
wolt,"Бакалея / Соус, кетчуп, томатная паста","Бакалея / Соус, кетчуп, томатная паста",300
wolt,"БАКАЛЕЯ 🍝 / СОУСЫ МАРИНАДЫ СПЕЦИИ","БАКАЛЕЯ 🍝 / СОУСЫ МАРИНАДЫ СПЕЦИИ",300
wolt,"    Бакалея /         Соусы, масла, заправки","    Бакалея /         Соусы, масла, заправки",300
wolt,"    Бакалея /         Специи и приправы","    Бакалея /         Специи и приправы",300
wolt,"КРАСОТА И ГИГИЕНА 🧴 / ОЧИЩЕНИЕ, ДЕМАКИЯЖ","КРАСОТА И ГИГИЕНА 🧴 / ОЧИЩЕНИЕ, ДЕМАКИЯЖ",300
wolt,"КОНДИТЕРСКИЕ ИЗДЕЛИЯ 🍪 / ШОКОЛАД","КОНДИТЕРСКИЕ ИЗДЕЛИЯ 🍪 / ШОКОЛАД",300
wolt,"КРАСОТА И ГИГИЕНА 🧴 / РУКИ, НОГТИ, НОГИ","КРАСОТА И ГИГИЕНА 🧴 / РУКИ, НОГТИ, НОГИ",300
wolt,КРАСОТА И ГИГИЕНА 🧴 / УХОД ДЛЯ ЛИЦА,КРАСОТА И ГИГИЕНА 🧴 / УХОД ДЛЯ ЛИЦА,300
wolt,БАЯН СУЛУ ,БАЯН СУЛУ ,300
wolt,КРЕПКИЙ АЛКОГОЛЬ🥃,КРЕПКИЙ АЛКОГОЛЬ🥃,300
wolt,ЛАКОМСТВА ДЛЯ КОШЕК ,ЛАКОМСТВА ДЛЯ КОШЕК ,300
wolt,Леденцы и Спреи для горла и полости рта,Леденцы и Спреи для горла и полости рта,300
wolt,"ЛЕКАРСТВА И БАДЫ💊 / Анальгезирующие, противовосполительные, спазмолитические средства","ЛЕКАРСТВА И БАДЫ💊 / Анальгезирующие, противовосполительные, спазмолитические средства",300
wolt,ЛЕКАРСТВА И БАДЫ💊 / Антибактериальные,ЛЕКАРСТВА И БАДЫ💊 / Антибактериальные,300
wolt,"ЛЕКАРСТВА И БАДЫ💊 / Витамины, минералы, БАДы","ЛЕКАРСТВА И БАДЫ💊 / Витамины, минералы, БАДы",300
wolt,ЛЕКАРСТВА И БАДЫ💊 / Лечение желудочно-кишечного тракта,ЛЕКАРСТВА И БАДЫ💊 / Лечение желудочно-кишечного тракта,300
wolt,АЛКОГОЛЬНЫЕ НАПИТКИ🥤 / ПИВО (BEER),АЛКОГОЛЬНЫЕ НАПИТКИ🥤 / ПИВО (BEER),300
wolt,"АЛКОГОЛЬНЫЕ НАПИТКИ 🥃 / ПИВО","АЛКОГОЛЬНЫЕ НАПИТКИ 🥃 / ПИВО",300
wolt,ЛЕКАРСТВА И БАДЫ💊 / Лечение заболеваний опорно-двигательной системы,ЛЕКАРСТВА И БАДЫ💊 / Лечение заболеваний опорно-двигательной системы,300
wolt,ЛЕКАРСТВА И БАДЫ💊 / Лечение заболеваний органов дыхания,ЛЕКАРСТВА И БАДЫ💊 / Лечение заболеваний органов дыхания,300
wolt,ЛЕКАРСТВА И БАДЫ💊 / Лечение сердечно-сосудистой системы,ЛЕКАРСТВА И БАДЫ💊 / Лечение сердечно-сосудистой системы,300
wolt,ЛЕКАРСТВА И БАДЫ💊 / От простуды и гриппа,ЛЕКАРСТВА И БАДЫ💊 / От простуды и гриппа,300
wolt,ЛЕКАРСТВА СЕРДЕЧНО-СОСУДИСТОЙ СИСТЕМЫ 🫀,ЛЕКАРСТВА СЕРДЕЧНО-СОСУДИСТОЙ СИСТЕМЫ 🫀,300
wolt,ЛЕКАРСТВЕННЫЕ ПРЕПАРАРТЫ,ЛЕКАРСТВЕННЫЕ ПРЕПАРАРТЫ,300
wolt,ЛЕКАРСТВЕННЫЕ СРЕДСТВА,ЛЕКАРСТВЕННЫЕ СРЕДСТВА,300
wolt,"Лекарственные средства / COVID-19: Лечение, восстановление, профилактика","Лекарственные средства / COVID-19: Лечение, восстановление, профилактика",300
wolt,Лекарственные средства / Антибиотики,Лекарственные средства / Антибиотики,300
wolt,ЛЕКАРСТВЕННЫЕ СРЕДСТВА 💊 / АНТИБИОТИКИ,ЛЕКАРСТВЕННЫЕ СРЕДСТВА 💊 / АНТИБИОТИКИ,300
wolt,ЛЕКАРСТВЕННЫЕ СРЕДСТВА 💊 / АНТИСЕПТИКИ,ЛЕКАРСТВЕННЫЕ СРЕДСТВА 💊 / АНТИСЕПТИКИ,300
wolt,ЛЕКАРСТВЕННЫЕ СРЕДСТВА 💊 / БАДЫ,ЛЕКАРСТВЕННЫЕ СРЕДСТВА 💊 / БАДЫ,300
wolt,"ЛЕКАРСТВЕННЫЕ СРЕДСТВА 💊 / ВАРИКОЗ, ГЕМОРРОЙ","ЛЕКАРСТВЕННЫЕ СРЕДСТВА 💊 / ВАРИКОЗ, ГЕМОРРОЙ",300
wolt,ЛЕКАРСТВЕННЫЕ СРЕДСТВА 💊 / ВИТАМИНЫ,ЛЕКАРСТВЕННЫЕ СРЕДСТВА 💊 / ВИТАМИНЫ,300
wolt,ЛЕКАРСТВЕННЫЕ СРЕДСТВА 💊 / ГИГИЕНА ПОЛОСТИ РТА,ЛЕКАРСТВЕННЫЕ СРЕДСТВА 💊 / ГИГИЕНА ПОЛОСТИ РТА,300
wolt,ЛЕКАРСТВЕННЫЕ СРЕДСТВА 💊 / ГИНЕКОЛОГИЧЕСКИЕ ПРЕПАРАТЫ,ЛЕКАРСТВЕННЫЕ СРЕДСТВА 💊 / ГИНЕКОЛОГИЧЕСКИЕ ПРЕПАРАТЫ,300
wolt,ЛЕКАРСТВЕННЫЕ СРЕДСТВА 💊 / ГОРМОНАЛЬНЫЕ ПРЕПАРАТЫ,ЛЕКАРСТВЕННЫЕ СРЕДСТВА 💊 / ГОРМОНАЛЬНЫЕ ПРЕПАРАТЫ,300
wolt,ЛЕКАРСТВЕННЫЕ СРЕДСТВА 💊 / ДЕРМАТОЛОГИЧЕСКИЕ СРЕДСТВА,ЛЕКАРСТВЕННЫЕ СРЕДСТВА 💊 / ДЕРМАТОЛОГИЧЕСКИЕ СРЕДСТВА,300
wolt,"СПЕЦИИ И СОУСЫ, САХАР🥫 / СОУСЫ ","СПЕЦИИ И СОУСЫ, САХАР🥫 / СОУСЫ ",300
wolt,ЛЕКАРСТВЕННЫЕ СРЕДСТВА ДЛЯ ГИНЕКОЛОГИИ,ЛЕКАРСТВЕННЫЕ СРЕДСТВА ДЛЯ ГИНЕКОЛОГИИ,300
wolt,"Соль, специи и сахар","Соль, специи и сахар",300
wolt,ЛЕКАРСТВЕННЫЕ СРЕДСТВА 💊 / ДЛЯ ГЛАЗ,ЛЕКАРСТВЕННЫЕ СРЕДСТВА 💊 / ДЛЯ ГЛАЗ,300
wolt,ЛЕКАРСТВЕННЫЕ СРЕДСТВА 💊 / ДЛЯ ИНЪЕКЦИЙ,ЛЕКАРСТВЕННЫЕ СРЕДСТВА 💊 / ДЛЯ ИНЪЕКЦИЙ,300
wolt,ЛЕКАРСТВЕННЫЕ СРЕДСТВА 💊 / ЖАРОПОНИЖАЮЩЕЕ,ЛЕКАРСТВЕННЫЕ СРЕДСТВА 💊 / ЖАРОПОНИЖАЮЩЕЕ,300
wolt,Лекарственные средства (жидкие формы),Лекарственные средства (жидкие формы),300
wolt,Лекарственные средства / Лекарства для глаз,Лекарственные средства / Лекарства для глаз,300
wolt,Лекарственные средства / Лекарства для снижения давления,Лекарственные средства / Лекарства для снижения давления,300
wolt,Лекарственные средства / Лекарства от аллергии,Лекарственные средства / Лекарства от аллергии,300
wolt,"АЛКОГОЛЬНЫЕ НАПИТКИ 🥃 / ВОДКА","АЛКОГОЛЬНЫЕ НАПИТКИ 🥃 / ВОДКА",300
wolt,"АЛКОГОЛЬНЫЕ НАПИТКИ 🥃 / ВИСКИ","АЛКОГОЛЬНЫЕ НАПИТКИ 🥃 / ВИСКИ",300
wolt,Лекарственные средства / Лекарства от кашля,Лекарственные средства / Лекарства от кашля,300
wolt,ЛЕКАРСТВЕННЫЕ СРЕДСТВА 💊 / ЛОР ЗАБОЛЕВАНИЯ,ЛЕКАРСТВЕННЫЕ СРЕДСТВА 💊 / ЛОР ЗАБОЛЕВАНИЯ,300
wolt,ЛЕКАРСТВЕННЫЕ СРЕДСТВА 💊 / МОЧЕПОЛОВАЯ СИСТЕМА И ПОЧКИ,ЛЕКАРСТВЕННЫЕ СРЕДСТВА 💊 / МОЧЕПОЛОВАЯ СИСТЕМА И ПОЧКИ,300
wolt,ЧУЛОЧНО-НОСОЧНЫЕ ИЗДЕЛИЯ 🧦 / НОСКИ ,ЧУЛОЧНО-НОСОЧНЫЕ ИЗДЕЛИЯ 🧦 / НОСКИ ,300
wolt,ЛЕКАРСТВЕННЫЕ СРЕДСТВА 💊 / НАРУЖНОЕ ПРИМЕНЕНИЕ,ЛЕКАРСТВЕННЫЕ СРЕДСТВА 💊 / НАРУЖНОЕ ПРИМЕНЕНИЕ,300
wolt,ЛЕКАРСТВЕННЫЕ СРЕДСТВА 💊 / НЕВРОЛОГИЯ И ПСИХИАТРИЯ,ЛЕКАРСТВЕННЫЕ СРЕДСТВА 💊 / НЕВРОЛОГИЯ И ПСИХИАТРИЯ,300
wolt,Лекарственные средства / Новое поступление,Лекарственные средства / Новое поступление,300
wolt,Бумажно-гигиеническая продукция / Женские гигиенические средства,Бумажно-гигиеническая продукция / Женские гигиенические средства,300
wolt,ЛЕКАРСТВЕННЫЕ СРЕДСТВА 💊 / ОБЕЗБАЛИВАЮЩЕЕ И ПРОТИВОВОСПАЛИТЕЛЬНОЕ,ЛЕКАРСТВЕННЫЕ СРЕДСТВА 💊 / ОБЕЗБАЛИВАЮЩЕЕ И ПРОТИВОВОСПАЛИТЕЛЬНОЕ,300
wolt,Лекарственные средства (общего назначения),Лекарственные средства (общего назначения),300
wolt,ЛЕКАРСТВЕННЫЕ СРЕДСТВА 💊 / ОПОРНО-ДВИГАТЕЛЬНЫЙ АППАРАТ,ЛЕКАРСТВЕННЫЕ СРЕДСТВА 💊 / ОПОРНО-ДВИГАТЕЛЬНЫЙ АППАРАТ,300
wolt,ЛЕКАРСТВЕННЫЕ СРЕДСТВА 💊 / ОТ АЛЛЕРГИИ,ЛЕКАРСТВЕННЫЕ СРЕДСТВА 💊 / ОТ АЛЛЕРГИИ,300
wolt,ИГРУШКИ ДЛЯ СОБАК ,ИГРУШКИ ДЛЯ СОБАК ,300
wolt,Бытовая химия,Бытовая химия,300
wolt,ЛЕКАРСТВЕННЫЕ СРЕДСТВА 💊 / ОТ КАШЛЯ,ЛЕКАРСТВЕННЫЕ СРЕДСТВА 💊 / ОТ КАШЛЯ,300
wolt,"БЫТОВАЯ ХИМИЯ И СРЕДСТВА ГИГИЕНЫ 🫧 / ГЕЛИ ДЛЯ ДУША","БЫТОВАЯ ХИМИЯ И СРЕДСТВА ГИГИЕНЫ 🫧 / ГЕЛИ ДЛЯ ДУША",300
wolt,"БЫТОВАЯ ХИМИЯ И СРЕДСТВА ГИГИЕНЫ 🫧 / ДЕЗОДОРАНТЫ","БЫТОВАЯ ХИМИЯ И СРЕДСТВА ГИГИЕНЫ 🫧 / ДЕЗОДОРАНТЫ",300
wolt,"БЫТОВАЯ ХИМИЯ И СРЕДСТВА ГИГИЕНЫ 🫧 / ЖЕНСКАЯ ГИГИЕНА","БЫТОВАЯ ХИМИЯ И СРЕДСТВА ГИГИЕНЫ 🫧 / ЖЕНСКАЯ ГИГИЕНА",300
wolt,"БЫТОВАЯ ХИМИЯ И СРЕДСТВА ГИГИЕНЫ 🫧 / ЗУБНАЯ ПАСТА","БЫТОВАЯ ХИМИЯ И СРЕДСТВА ГИГИЕНЫ 🫧 / ЗУБНАЯ ПАСТА",300
wolt,БЫТОВАЯ ХИМИЯ И СРЕДСТВА ГИГИЕНЫ 🫧 / ЗУБНЫЕ ЩЕТКИ,БЫТОВАЯ ХИМИЯ И СРЕДСТВА ГИГИЕНЫ 🫧 / ЗУБНЫЕ ЩЕТКИ,300
wolt,"БЫТОВАЯ ХИМИЯ И СРЕДСТВА ГИГИЕНЫ 🫧 / КРАСКА ДЛЯ ВОЛОС","БЫТОВАЯ ХИМИЯ И СРЕДСТВА ГИГИЕНЫ 🫧 / КРАСКА ДЛЯ ВОЛОС",300
wolt,ЛЕКАРСТВЕННЫЕ СРЕДСТВА 💊 / ПИЩЕВАРИТЕЛЬНАЯ СИСТЕМА,ЛЕКАРСТВЕННЫЕ СРЕДСТВА 💊 / ПИЩЕВАРИТЕЛЬНАЯ СИСТЕМА,300
wolt,"БЫТОВАЯ ХИМИЯ И СРЕДСТВА ГИГИЕНЫ 🫧 / МЫЛО ТУАЛЕТНОЕ","БЫТОВАЯ ХИМИЯ И СРЕДСТВА ГИГИЕНЫ 🫧 / МЫЛО ТУАЛЕТНОЕ",300
wolt,ИГРУШКИ ДЛЯ КОШЕК ,ИГРУШКИ ДЛЯ КОШЕК ,300
wolt,"БЫТОВАЯ ХИМИЯ И СРЕДСТВА ГИГИЕНЫ 🫧 / СРЕДСТВА ДЛЯ СТИРКИ","БЫТОВАЯ ХИМИЯ И СРЕДСТВА ГИГИЕНЫ 🫧 / СРЕДСТВА ДЛЯ СТИРКИ",300
wolt,"БЫТОВАЯ ХИМИЯ И СРЕДСТВА ГИГИЕНЫ 🫧 / ШАМПУНИ","БЫТОВАЯ ХИМИЯ И СРЕДСТВА ГИГИЕНЫ 🫧 / ШАМПУНИ",300
wolt,СНЕКИ-ЧИПСЫ И СУХАРИКИ 🍟,СНЕКИ-ЧИПСЫ И СУХАРИКИ 🍟,300
wolt,СНЕКИ 🍿 / Чипсы,СНЕКИ 🍿 / Чипсы,300
wolt,ЛЕКАРСТВЕННЫЕ СРЕДСТВА 💊 / ПРОБИОТИКИ И ПРЕБИОТИКИ,ЛЕКАРСТВЕННЫЕ СРЕДСТВА 💊 / ПРОБИОТИКИ И ПРЕБИОТИКИ,300
wolt,ЛЕКАРСТВЕННЫЕ СРЕДСТВА 💊 / ПРОСТУДА,ЛЕКАРСТВЕННЫЕ СРЕДСТВА 💊 / ПРОСТУДА,300
wolt,Лекарственные средства / Противовирусные препараты,Лекарственные средства / Противовирусные препараты,300
wolt,ЛЕКАРСТВЕННЫЕ СРЕДСТВА 💊 / ПРОТИВОВИРУСНЫЕ СРЕДСТВА,ЛЕКАРСТВЕННЫЕ СРЕДСТВА 💊 / ПРОТИВОВИРУСНЫЕ СРЕДСТВА,300
wolt,Лекарственные средства / Противовоспалительные средства,Лекарственные средства / Противовоспалительные средства,300
wolt,ЛЕКАРСТВЕННЫЕ СРЕДСТВА 💊 / ПРОТИВОГРИБКОВЫЕ СРЕДСТВА,ЛЕКАРСТВЕННЫЕ СРЕДСТВА 💊 / ПРОТИВОГРИБКОВЫЕ СРЕДСТВА,300
wolt,ЛЕКАРСТВЕННЫЕ СРЕДСТВА 💊 / СЕРДЕЧНО-СОСУДИСТЫЕ,ЛЕКАРСТВЕННЫЕ СРЕДСТВА 💊 / СЕРДЕЧНО-СОСУДИСТЫЕ,300
wolt,Бытовая химия / Средства ухода за бельем,Бытовая химия / Средства ухода за бельем,300
wolt,СНЕКИ🥓,СНЕКИ🥓,300
wolt,Табачная продукция / Табачные изделия,Табачная продукция / Табачные изделия,300
wolt,ЧЕХЛЫ,ЧЕХЛЫ,300
wolt,ЛЕТНЯЯ КОЛЛЕКЦИЯ🌴,ЛЕТНЯЯ КОЛЛЕКЦИЯ🌴,300
wolt,Алкоголь / Виски и ром,Алкоголь / Виски и ром,300
wolt,ЧАЙ И КОФЕ🫖 / ЧАЙ,ЧАЙ И КОФЕ🫖 / ЧАЙ,300
wolt,Алкоголь,Алкоголь,300
wolt,ВЕТАПТЕКА,ВЕТАПТЕКА,300
wolt,Личная гигиена,Личная гигиена,300
wolt,Замороженные полуфабрикаты ❄️ / Вторые блюда,Замороженные полуфабрикаты ❄️ / Вторые блюда,300
wolt,"СЛАДОСТИ 🍬 / Бисквиты, печенье, десерты","СЛАДОСТИ 🍬 / Бисквиты, печенье, десерты",300
wolt,Сладости без сахара / Протеиновое печенье,Сладости без сахара / Протеиновое печенье,300
wolt,"Замороженная продукция / Мороженое и лёд","Замороженная продукция / Мороженое и лёд",300
wolt,Мази и Крема  Наружные,Мази и Крема  Наружные,300
wolt,Холодный чай и напитки,Холодный чай и напитки,300
wolt,СУМКИ ДЛЯ НОУТБУКОВ💼,СУМКИ ДЛЯ НОУТБУКОВ💼,300
wolt,Скидки / Скидки,Скидки / Скидки,300
wolt,ХОЗТОВАРЫ_И_БЫТОВАЯ_ХИМИЯ / Уход за кожей лица и тела,ХОЗТОВАРЫ_И_БЫТОВАЯ_ХИМИЯ / Уход за кожей лица и тела,300
wolt,ХОЗТОВАРЫ_И_БЫТОВАЯ_ХИМИЯ / Уход за волосами,ХОЗТОВАРЫ_И_БЫТОВАЯ_ХИМИЯ / Уход за волосами,300
wolt,ХОЗТОВАРЫ_И_БЫТОВАЯ_ХИМИЯ / Уборка и чистота,ХОЗТОВАРЫ_И_БЫТОВАЯ_ХИМИЯ / Уборка и чистота,300
wolt,ХОЗТОВАРЫ_И_БЫТОВАЯ_ХИМИЯ / Гигиенические товары,ХОЗТОВАРЫ_И_БЫТОВАЯ_ХИМИЯ / Гигиенические товары,300
wolt,Аксессуары для вязания,Аксессуары для вязания,300
wolt,ХОЗТОВАРЫ_И_БЫТОВАЯ_ХИМИЯ / Аксессуары для кухни и посуда,ХОЗТОВАРЫ_И_БЫТОВАЯ_ХИМИЯ / Аксессуары для кухни и посуда,300
wolt,ТОВАРЫ ДЛЯ АВТОМОБИЛЯ,ТОВАРЫ ДЛЯ АВТОМОБИЛЯ,300
wolt,ВИТАМИНЫ И МИНЕРАЛЫ💊,ВИТАМИНЫ И МИНЕРАЛЫ💊,300
wolt,"    Хлеб, выпечка, печенье /         Печенье, кексы, пряники в пачках","    Хлеб, выпечка, печенье /         Печенье, кексы, пряники в пачках",300
wolt,Хиты продаж ⭐🤗🌹,Хиты продаж ⭐🤗🌹,300
wolt,Евробукеты 💐,Евробукеты 💐,300
wolt,ДРУГИЕ ИЗДЕЛИЯ МЕД. НАЗНАЧЕНИЯ 🏥,ДРУГИЕ ИЗДЕЛИЯ МЕД. НАЗНАЧЕНИЯ 🏥,300
wolt,ДРУГИЕ ИЗДЕЛИЯ МЕД НАЗНАЧЕНИЯ🩹,ДРУГИЕ ИЗДЕЛИЯ МЕД НАЗНАЧЕНИЯ🩹,300
wolt,МАШИНКИ / Пластмассовые машинки,МАШИНКИ / Пластмассовые машинки,300
wolt,ФРУКТЫ 🍋,ФРУКТЫ 🍋,300
wolt,Медикаменты ,Медикаменты ,300
wolt,МОЛОКО И СЛИВКИ🥛,МОЛОКО И СЛИВКИ🥛,300
wolt,СВЕЧИ АРОМАТИЧЕСКИЕ 🕯️,СВЕЧИ АРОМАТИЧЕСКИЕ 🕯️,300
wolt,"    Молочная продукция, сыр, яйцо /         Сыры","    Молочная продукция, сыр, яйцо /         Сыры",300
wolt,Салфетки,Салфетки,300
wolt,ДЛЯ НЕЁ / ФАЛЛОИМИТАТОРЫ,ДЛЯ НЕЁ / ФАЛЛОИМИТАТОРЫ,300
wolt,ВЛАЖНЫЙ КОРМ ДЛЯ КОШЕК,ВЛАЖНЫЙ КОРМ ДЛЯ КОШЕК,300
wolt,"Растворы -ампулы внутривенно,струйно,внутримышечно ","Растворы -ампулы внутривенно,струйно,внутримышечно ",300
wolt,ДЛЯ МАМЫ И РЕБЕНКА 👩🏻‍🍼 / УХОД ДЛЯ ВОЛОС,ДЛЯ МАМЫ И РЕБЕНКА 👩🏻‍🍼 / УХОД ДЛЯ ВОЛОС,300
wolt,ДЛЯ МАМЫ И РЕБЕНКА 👩🏻‍🍼 / СОЛЬ ДЛЯ ВАНН,ДЛЯ МАМЫ И РЕБЕНКА 👩🏻‍🍼 / СОЛЬ ДЛЯ ВАНН,300
wolt,РАЗВИВАЮЩИЕ ИГРУШКИ И ИГРЫ,РАЗВИВАЮЩИЕ ИГРУШКИ И ИГРЫ,300
wolt,ДЛЯ МАМЫ И РЕБЕНКА 👩🏻‍🍼 / САЛФЕТКИ,ДЛЯ МАМЫ И РЕБЕНКА 👩🏻‍🍼 / САЛФЕТКИ,300
wolt,ДЛЯ МАМЫ И РЕБЕНКА 👩🏻‍🍼 / ПУСТЫШКИ И ПРОРЕЗЫВАТЕЛИ,ДЛЯ МАМЫ И РЕБЕНКА 👩🏻‍🍼 / ПУСТЫШКИ И ПРОРЕЗЫВАТЕЛИ,300
wolt,"УХОД ЗА ЛИЦОМ💆🏻‍♀️ / Сыворотки, эссенции и эмульсии","УХОД ЗА ЛИЦОМ💆🏻‍♀️ / Сыворотки, эссенции и эмульсии",300
wolt,ДЛЯ МАМЫ И РЕБЕНКА 👩🏻‍🍼 / ПОДГУЗНИКИ ДЕТСКИЕ,ДЛЯ МАМЫ И РЕБЕНКА 👩🏻‍🍼 / ПОДГУЗНИКИ ДЕТСКИЕ,300
wolt,ТОВАРЫ ДЛЯ ДОМА И САДА,ТОВАРЫ ДЛЯ ДОМА И САДА,300
wolt,ПРЯЖА 🧶,ПРЯЖА 🧶,300
wolt,ДЛЯ МАМЫ И РЕБЕНКА 👩🏻‍🍼 / МЫЛО,ДЛЯ МАМЫ И РЕБЕНКА 👩🏻‍🍼 / МЫЛО,300
wolt,ДЛЯ МАМЫ И РЕБЕНКА 👩🏻‍🍼 / ЗУБНЫЕ ЩЕТКИ,ДЛЯ МАМЫ И РЕБЕНКА 👩🏻‍🍼 / ЗУБНЫЕ ЩЕТКИ,300
wolt,ДЛЯ МАМЫ И РЕБЕНКА 👩🏻‍🍼 / ЗУБНАЯ ПАСТА,ДЛЯ МАМЫ И РЕБЕНКА 👩🏻‍🍼 / ЗУБНАЯ ПАСТА,300
wolt,УХОД ЗА ЛИЦОМ💆🏻‍♀️ / Кремы для лица,УХОД ЗА ЛИЦОМ💆🏻‍♀️ / Кремы для лица,300
wolt,ДЛЯ ЛЕЧЕНИЯ ЛОР ЗАБОЛЕВАНИЙ🦻🏻,ДЛЯ ЛЕЧЕНИЯ ЛОР ЗАБОЛЕВАНИЙ🦻🏻,300
wolt,"Молочные продукты / Термостатные йогурты и десерты","Молочные продукты / Термостатные йогурты и десерты",300
wolt,УХОД ЗА ГУБАМИ 👄,УХОД ЗА ГУБАМИ 👄,300
wolt,ESKO СИРОПЫ,ESKO СИРОПЫ,300
wolt,МЯГКИЕ КОНТАКТНЫЕ ЛИНЗЫ,МЯГКИЕ КОНТАКТНЫЕ ЛИНЗЫ,300
wolt,Детское питание и уход / Подгузники и гигиена,Детское питание и уход / Подгузники и гигиена,300
wolt,Назальные капли и спрей,Назальные капли и спрей,300
wolt,Препараты Давления  / Гипертония (повышенное давление),Препараты Давления  / Гипертония (повышенное давление),300
wolt,"НАПИТКИ 🥤 / ВОДА СТОЛОВАЯ И МИНЕРАЛЬНАЯ","НАПИТКИ 🥤 / ВОДА СТОЛОВАЯ И МИНЕРАЛЬНАЯ",300
wolt,НАПИТКИ ГАЗИРОВАННЫЕ,НАПИТКИ ГАЗИРОВАННЫЕ,300
wolt,НАПИТКИ🥤 / ЛИМОНАДЫ И НАПИТКИ ,НАПИТКИ🥤 / ЛИМОНАДЫ И НАПИТКИ ,300
wolt,ДЕРМАТОЛОГИЧЕСКИЕ СРЕДСТВА 😊,ДЕРМАТОЛОГИЧЕСКИЕ СРЕДСТВА 😊,300
wolt,УБОРКА ДОМА / Уборка,УБОРКА ДОМА / Уборка,300
wolt,УБОРКА ДОМА / Стирка,УБОРКА ДОМА / Стирка,300
wolt,"НАПИТКИ 🥤 / СОКИ И НЕКТАРЫ","НАПИТКИ 🥤 / СОКИ И НЕКТАРЫ",300
wolt,ДЕКОРАТИВНАЯ КОСМЕТИКА💄 / ДЛЯ ГУБ 💋,ДЕКОРАТИВНАЯ КОСМЕТИКА💄 / ДЛЯ ГУБ 💋,300
wolt,УБОРКА ДОМА / Мытье посуды,УБОРКА ДОМА / Мытье посуды,300
wolt,ПОСУДА  / ПОСУДА ДЛЯ ХРАНЕНИЯ ,ПОСУДА  / ПОСУДА ДЛЯ ХРАНЕНИЯ ,300
wolt,"ПОСУДА  / КУХОННЫЕ ПРЕДМЕТЫ(ПРИБОРЫ, ТЕРКИ, ДОСКИ)","ПОСУДА  / КУХОННЫЕ ПРЕДМЕТЫ(ПРИБОРЫ, ТЕРКИ, ДОСКИ)",300
wolt,НАПОЛНИТЕЛИ 💧,НАПОЛНИТЕЛИ 💧,300
wolt,НАПОЛНИТЕЛИ🚽,НАПОЛНИТЕЛИ🚽,300
wolt,НАПОЛНИТЕЛИ ДЛЯ КОШАЧЬЕГО ТУАЛЕТА (В УПАКОВКЕ) / MURKEL🐱,НАПОЛНИТЕЛИ ДЛЯ КОШАЧЬЕГО ТУАЛЕТА (В УПАКОВКЕ) / MURKEL🐱,300
wolt,ГУБНЫЕ ПОМАДЫ 💄,ГУБНЫЕ ПОМАДЫ 💄,300
wolt,НАПОЛНИТЕЛЬ ДЛЯ КОШАЧЬЕГО ТУАЛЕТА 🐾,НАПОЛНИТЕЛЬ ДЛЯ КОШАЧЬЕГО ТУАЛЕТА 🐾,300
wolt,"ТОВАРЫ ДЛЯ ЖИВОТНЫХ 🐶 / КОРМ ДЛЯ ЖИВОТНЫХ","ТОВАРЫ ДЛЯ ЖИВОТНЫХ 🐶 / КОРМ ДЛЯ ЖИВОТНЫХ",300
wolt,НАПОЛНИТЕЛЬ ДЛЯ ТУАЛЕТА,НАПОЛНИТЕЛЬ ДЛЯ ТУАЛЕТА,300
wolt,НАСТОЛЬНЫЕ ИГРЫ 🎲,НАСТОЛЬНЫЕ ИГРЫ 🎲,300
wolt,ПОДАРКИ - 2026 🎅,ПОДАРКИ - 2026 🎅,300
wolt,ГОМЕОПАТИЧЕСКИЕ ПРЕПАРАТЫ 🧬,ГОМЕОПАТИЧЕСКИЕ ПРЕПАРАТЫ 🧬,300
wolt,Глазные капли и мази ,Глазные капли и мази ,300
wolt,Обезболивающие и Спазмолитики ,Обезболивающие и Спазмолитики ,300
wolt,ОБЕЗБОЛИВАЮЩИЕ И УСПОКОИТЕЛЬНЫЕ 💊,ОБЕЗБОЛИВАЮЩИЕ И УСПОКОИТЕЛЬНЫЕ 💊,300
wolt,ТОВАРЫ ДЛЯ КУХНИ 🏡 / Контейнеры,ТОВАРЫ ДЛЯ КУХНИ 🏡 / Контейнеры,300
wolt,"ГАСТРОНОМИЯ 🫓 / КОЛБАСЫ","ГАСТРОНОМИЯ 🫓 / КОЛБАСЫ",300
wolt,"ГАСТРОНОМИЯ 🫓 / МОЛОЧНАЯ ПРОДУКЦИЯ","ГАСТРОНОМИЯ 🫓 / МОЛОЧНАЯ ПРОДУКЦИЯ",300
wolt,"ГАСТРОНОМИЯ 🫓 / СЫРЫ","ГАСТРОНОМИЯ 🫓 / СЫРЫ",300
wolt,Лекарственные средства / Препараты улучшающие кровообращение головного мозга,Лекарственные средства / Препараты улучшающие кровообращение головного мозга,299
wolt,ДЛЯ МУЖЧИН,ДЛЯ МУЖЧИН,299
wolt,Уходовая косметика / Бритье и удаление волос,Уходовая косметика / Бритье и удаление волос,299
wolt,ТЕКИЛА 🧊,ТЕКИЛА 🧊,299
wolt,МОЛОЧНЫЕ ИЗДЕЛИЯ 🥛,МОЛОЧНЫЕ ИЗДЕЛИЯ 🥛,298
wolt,УХОД ДЛЯ НОГ,УХОД ДЛЯ НОГ,297
wolt,ТОВАРЫ ДЛЯ ДОМА 🏠 / Хозяйственные товары,ТОВАРЫ ДЛЯ ДОМА 🏠 / Хозяйственные товары,297
wolt,КОНСЕРВЫ / Other,КОНСЕРВЫ / Other,297
wolt,ЛЕКАРСТВЕННЫЕ СРЕДСТВА 💊 / ДЕТЯМ,ЛЕКАРСТВЕННЫЕ СРЕДСТВА 💊 / ДЕТЯМ,296
wolt,Препараты для Костей,Препараты для Костей,296
wolt,КОСМЕТИЧЕСКИЕ И ГИГИЕНИЧЕСКИЕ СРЕДСТВА💄 / Женская гигиена,КОСМЕТИЧЕСКИЕ И ГИГИЕНИЧЕСКИЕ СРЕДСТВА💄 / Женская гигиена,296
wolt,ЛЕКАРСТВА И БАДЫ💊 / Дерматологические средства,ЛЕКАРСТВА И БАДЫ💊 / Дерматологические средства,296
wolt,Готовая еда / Суши,Готовая еда / Суши,295
wolt,ТОВАРЫ ДЛЯ ЖИВОТНЫХ / Лакомства для животных,ТОВАРЫ ДЛЯ ЖИВОТНЫХ / Лакомства для животных,295
wolt,СОКИ НАТУРАЛЬНЫЕ,СОКИ НАТУРАЛЬНЫЕ,294
wolt,СОУСЫ 🌶️,СОУСЫ 🌶️,294
wolt,Лекарственные средства / Лекарства от боли в горле,Лекарственные средства / Лекарства от боли в горле,294
wolt,СРЕДСТВА ГИГИЕНЫ🪥 / Бомбочка и соль для ванной,СРЕДСТВА ГИГИЕНЫ🪥 / Бомбочка и соль для ванной,294
wolt,КОНСТРУКТОР / Крупный конструктор,КОНСТРУКТОР / Крупный конструктор,294
wolt,"КОНДИТЕРСКИЕ ИЗДЕЛИЯ 🍪 / ПЕЧЕНЬЕ","КОНДИТЕРСКИЕ ИЗДЕЛИЯ 🍪 / ПЕЧЕНЬЕ",294
wolt,РАЗНОЕ / ТЕРМОПАК,РАЗНОЕ / ТЕРМОПАК,294
wolt,"Молочные продукты / Питьевые йогурты и коктейли","Молочные продукты / Питьевые йогурты и коктейли",292
wolt,ЖЕЛЕЗО,ЖЕЛЕЗО,292
wolt,ТОВАРЫ ДЛЯ ДОМА / Средства для посудомоечных машин,ТОВАРЫ ДЛЯ ДОМА / Средства для посудомоечных машин,292
wolt,ЛЕКАРСТВА И БАДЫ💊 / Травы и фито-чаи,ЛЕКАРСТВА И БАДЫ💊 / Травы и фито-чаи,292
wolt,СРЕДСТВА ГИГИЕНЫ🪥 / Ватная продукция,СРЕДСТВА ГИГИЕНЫ🪥 / Ватная продукция,292
wolt,ЛЕКАРСТВЕННЫЕ СРЕДСТВА 💊 / НООТРОПЫ,ЛЕКАРСТВЕННЫЕ СРЕДСТВА 💊 / НООТРОПЫ,291
wolt,Уходовая косметика / Уход за ногами и ногтями,Уходовая косметика / Уход за ногами и ногтями,290
wolt,"КОСМЕТИКА💄 / ТОНЕРЫ, МИСТЫ, ПЭДЫ","КОСМЕТИКА💄 / ТОНЕРЫ, МИСТЫ, ПЭДЫ",290
wolt,"Продукция ""ЭВАЛАР""","Продукция ""ЭВАЛАР""",288
wolt,СЛАДОСТИ 🍫🍓,СЛАДОСТИ 🍫🍓,288
wolt,"ДЛЯ МАМЫ И РЕБЕНКА 👩🏻‍🍼 / КРЕМ, МАСЛО","ДЛЯ МАМЫ И РЕБЕНКА 👩🏻‍🍼 / КРЕМ, МАСЛО",288
wolt,КОСМЕТИКА💄 / КРЕМА,КОСМЕТИКА💄 / КРЕМА,288
wolt,ТОВАРЫ ДЛЯ КУХНИ 🏡,ТОВАРЫ ДЛЯ КУХНИ 🏡,288
wolt,"ЛУБРИКАНТ","ЛУБРИКАНТ",288
wolt,Grandorf 🐶,Grandorf 🐶,288
wolt,ОВОЩИ 🥦,ОВОЩИ 🥦,288
wolt,МОЛОКО И ЯЙЦО 🥚 / КОНЦЕНТРАТЫ МОЛОЧНЫЕ,МОЛОКО И ЯЙЦО 🥚 / КОНЦЕНТРАТЫ МОЛОЧНЫЕ,288
wolt,ПРЕЗЕРВАТИВЫ / КЛАССИЧЕСКИЕ,ПРЕЗЕРВАТИВЫ / КЛАССИЧЕСКИЕ,288
wolt,ДЖИН🍸,ДЖИН🍸,287
wolt,ХОЗЯЙСТВЕННЫЕ ТОВАРЫ🧹 / Для обуви,ХОЗЯЙСТВЕННЫЕ ТОВАРЫ🧹 / Для обуви,286
wolt,СРЕДСТВА ГИГИЕНЫ🪥 / Бритье и депиляция,СРЕДСТВА ГИГИЕНЫ🪥 / Бритье и депиляция,285
wolt,Слабительные препараты,Слабительные препараты,285
wolt,Тест-полоски для определения сахара в крови,Тест-полоски для определения сахара в крови,284
wolt,"ТОВАРЫ ДЛЯ ДОМА 🏠 / Скатерти, полотенца","ТОВАРЫ ДЛЯ ДОМА 🏠 / Скатерти, полотенца",283
wolt,"17 см / 1-1.2 кг / День Рождения ✨","17 см / 1-1.2 кг / День Рождения ✨",282
kaspi_food,Edible decorations for cakes,Edible decorations for cakes,282
wolt,"13 см / 650-750 гр / День Рождения ✨","13 см / 650-750 гр / День Рождения ✨",282
wolt,Вермут,Вермут,282
wolt,АМУНИЦИЯ 🐎 / РУЛЕТКА FLEXI,АМУНИЦИЯ 🐎 / РУЛЕТКА FLEXI,282
wolt,"10 см / 350-450 гр / День Рождения ✨","10 см / 350-450 гр / День Рождения ✨",282
wolt,ДЖИН 🥃,ДЖИН 🥃,282
wolt,ОБРАТНО В ШКОЛУ📚,ОБРАТНО В ШКОЛУ📚,282
wolt,ВЛАЖНЫЙ КОРМ ДЛЯ КОШЕК 🐱 / ROYAL CANIN😺,ВЛАЖНЫЙ КОРМ ДЛЯ КОШЕК 🐱 / ROYAL CANIN😺,282
wolt,"ПРОСТУДА НАСМОРК, БОЛЬ В ГОРЛЕ","ПРОСТУДА НАСМОРК, БОЛЬ В ГОРЛЕ",282
wolt,ВЕТЕРИНАРНЫЕ КОРМА ДЛЯ КОШЕК И СОБАК,ВЕТЕРИНАРНЫЕ КОРМА ДЛЯ КОШЕК И СОБАК,282
wolt,КОРМ ДЛЯ КОШЕК И КОТЯТ🐱 / Сухой корм на развес,КОРМ ДЛЯ КОШЕК И КОТЯТ🐱 / Сухой корм на развес,282
wolt,КРАСОТА И ГИГИЕНА 🧴 / УХОД ДЛЯ ТЕЛА,КРАСОТА И ГИГИЕНА 🧴 / УХОД ДЛЯ ТЕЛА,282
wolt,"СРЕДСТВА ГИГИЕНЫ 🛁 / Женская гигиена","СРЕДСТВА ГИГИЕНЫ 🛁 / Женская гигиена",281
wolt,ТОВАРЫ ДЛЯ ЖИВОТНЫХ🐾,ТОВАРЫ ДЛЯ ЖИВОТНЫХ🐾,281
wolt,ЛИМОНАДЫ,ЛИМОНАДЫ,280
wolt,ИГРУШКИ БДСМ / Игрушки БДСМ,ИГРУШКИ БДСМ / Игрушки БДСМ,279
wolt,ПОДАРКИ 🧁,ПОДАРКИ 🧁,278
wolt,ВСЕ ДЛЯ ВЫПЕЧКИ🥧,ВСЕ ДЛЯ ВЫПЕЧКИ🥧,276
wolt,СНОВА В ШКОЛУ / Письменные принадлежности,СНОВА В ШКОЛУ / Письменные принадлежности,276
wolt,МОНО БУКЕТЫ 🌹,МОНО БУКЕТЫ 🌹,276
wolt,СЛАДОСТИ SUGAR & GLUTEN FREE🍭,СЛАДОСТИ SUGAR & GLUTEN FREE🍭,276
wolt,БАДЫ 💊,БАДЫ 💊,276
wolt,"БЫТОВАЯ ХИМИЯ И СРЕДСТВА ГИГИЕНЫ 🫧 / БАЛЬЗАМЫ ДЛЯ ВОЛОС","БЫТОВАЯ ХИМИЯ И СРЕДСТВА ГИГИЕНЫ 🫧 / БАЛЬЗАМЫ ДЛЯ ВОЛОС",276
wolt,АКЦИОННЫЕ ТОВАРЫ,АКЦИОННЫЕ ТОВАРЫ,276
wolt,ПРЕЗЕРВАТИВЫ / РАЗМЕРНЫЕ,ПРЕЗЕРВАТИВЫ / РАЗМЕРНЫЕ,276
wolt,Сиропы и таблетки  от Кашля,Сиропы и таблетки  от Кашля,276
wolt,БАЛЬЗАМЫ ДЛЯ ГУБ,БАЛЬЗАМЫ ДЛЯ ГУБ,276
wolt,Здоровье и красота✨,Здоровье и красота✨,276
wolt,СЛАДОСТИ 🍡,СЛАДОСТИ 🍡,276
wolt,"КОЛБАСЫ 🍖 / НАМАЗКИ МЯСНЫЕ","КОЛБАСЫ 🍖 / НАМАЗКИ МЯСНЫЕ",275
wolt,СЭНДВИЧИ 🥪,СЭНДВИЧИ 🥪,273
wolt,ТОВАРЫ ДЛЯ ДОМА 🏠,ТОВАРЫ ДЛЯ ДОМА 🏠,273
wolt,SAFIA СЕТЫ,SAFIA СЕТЫ,272
wolt,АЛКОГОЛЬНЫЕ НАПИТКИ 🥂 / Вермут,АЛКОГОЛЬНЫЕ НАПИТКИ 🥂 / Вермут,272
wolt,ЛЕКАРСТВА И БАДЫ💊 / Действующие на центральную нервную систему,ЛЕКАРСТВА И БАДЫ💊 / Действующие на центральную нервную систему,272
wolt,ДЛЯ ЛИЦА 🧖‍♀️,ДЛЯ ЛИЦА 🧖‍♀️,271
wolt,Гормоны щитовидной железы,Гормоны щитовидной железы,271
wolt,ИГРУШКИ ⚽,ИГРУШКИ ⚽,271
wolt,Парфюм-Отливанты,Парфюм-Отливанты,270
wolt,СРЕДСТВА ГИГИЕНЫ 🧴 / Бумага и салфетки,СРЕДСТВА ГИГИЕНЫ 🧴 / Бумага и салфетки,270
wolt,ЛАКОМСТВА ДЛЯ СОБАК ,ЛАКОМСТВА ДЛЯ СОБАК ,270
wolt,ПРОТИВОАЛЛЕРГЕННЫЕ ЛЕКАРСТВА,ПРОТИВОАЛЛЕРГЕННЫЕ ЛЕКАРСТВА,270
wolt,ГОРТЕНЗИИ🤩,ГОРТЕНЗИИ🤩,270
wolt,СРЕДСТВА ДЛЯ ДУША И ВАНН🧴,СРЕДСТВА ДЛЯ ДУША И ВАНН🧴,270
wolt,"ПИРОЖНЫЕ 🧁","ПИРОЖНЫЕ 🧁",270
wolt,АНТИПАРАЗИТАРНАЯ ЛИНЕЙКА 🐱🐶,АНТИПАРАЗИТАРНАЯ ЛИНЕЙКА 🐱🐶,270
wolt,ДЕТСКИЕ НАПИТКИ 👶🏻,ДЕТСКИЕ НАПИТКИ 👶🏻,270
wolt,ЛАКОМСТВА ДЛЯ КОШЕК😻 / СУПЧИКИ,ЛАКОМСТВА ДЛЯ КОШЕК😻 / СУПЧИКИ,270
wolt,РАЗЛИВНОЕ ПИВО 🍻,РАЗЛИВНОЕ ПИВО 🍻,270
wolt,ДЕТСКИЕ ТОВАРЫ / Детское питание,ДЕТСКИЕ ТОВАРЫ / Детское питание,269
wolt,В-КОМПЛЕКС,В-КОМПЛЕКС,269
wolt,ВИТАМИНЫ И БАД,ВИТАМИНЫ И БАД,267
wolt,СУХОЙ КОРМ ДЛЯ КОШЕК (В УПАКОВКЕ) 🐈 / GRANDORF🐾,СУХОЙ КОРМ ДЛЯ КОШЕК (В УПАКОВКЕ) 🐈 / GRANDORF🐾,266
wolt,ТОВАРЫ ДЛЯ ДОМА,ТОВАРЫ ДЛЯ ДОМА,266
wolt,АЛКОГОЛЬ / Крепкий алкоголь,АЛКОГОЛЬ / Крепкий алкоголь,265
wolt,Растительные альтернативы,Растительные альтернативы,265
wolt,ЧИЗКЕЙКИ,ЧИЗКЕЙКИ,265
wolt,ТОВАРЫ ДЛЯ ДОМА🏠 / Товары сантехники и батарейки,ТОВАРЫ ДЛЯ ДОМА🏠 / Товары сантехники и батарейки,264
wolt,"СНЕКИ И ПЕРЕКУСЫ 🍟 / ХЛЕБЦЫ, ЧИПСЫ","СНЕКИ И ПЕРЕКУСЫ 🍟 / ХЛЕБЦЫ, ЧИПСЫ",264
wolt,РАЗНОЕ / САЛФЕТКИ,РАЗНОЕ / САЛФЕТКИ,264
wolt,ИГРУШКИ ДЛЯ НЕЁ / ВИБРОМАССАЖЁРЫ,ИГРУШКИ ДЛЯ НЕЁ / ВИБРОМАССАЖЁРЫ,264
wolt,СТРОИТЕЛЬСТВО И РЕМОНТ / УГЛОШЛИФОВАЛЬНЫЕ МАШИНЫ / УШМ / БОЛГАРКИ,СТРОИТЕЛЬСТВО И РЕМОНТ / УГЛОШЛИФОВАЛЬНЫЕ МАШИНЫ / УШМ / БОЛГАРКИ,264
wolt,Простуда и насморк,Простуда и насморк,264
wolt,БЕЗАЛКОГОЛЬНЫЕ НАПИТКИ / ХОЛОДНЫЙ ЧАЙ🧋,БЕЗАЛКОГОЛЬНЫЕ НАПИТКИ / ХОЛОДНЫЙ ЧАЙ🧋,264
kaspi_food,Chicory,Chicory,263
wolt,ТОВАРЫ ДЛЯ ДОМА / Средства антизасорные,ТОВАРЫ ДЛЯ ДОМА / Средства антизасорные,263
wolt,Зубные пасты,Зубные пасты,263
wolt,"БЫТОВАЯ ХИМИЯ, УБОРКА 🧴 / Для посудомоечных машин","БЫТОВАЯ ХИМИЯ, УБОРКА 🧴 / Для посудомоечных машин",262
wolt,НАПИТКИ БЕЗАЛКОГОЛЬНЫЕ  🥤  🍸 / НАПИТКИ,НАПИТКИ БЕЗАЛКОГОЛЬНЫЕ  🥤  🍸 / НАПИТКИ,262
wolt,МОЛОЧНЫЕ ПРОДУКТЫ / МОЛОКО РАСТИТЕЛЬНОЕ,МОЛОЧНЫЕ ПРОДУКТЫ / МОЛОКО РАСТИТЕЛЬНОЕ,262
kaspi_food,Salt,Salt,262
wolt,"БАКАЛЕЯ / Кобра, аджика","БАКАЛЕЯ / Кобра, аджика",261
wolt,СРЕДСТВА ГИГИЕНЫ 🛁 / Мыло,СРЕДСТВА ГИГИЕНЫ 🛁 / Мыло,260
wolt,"КОЛБАСЫ 🍖 / МЯСНЫЕ ДЕЛИКАТЕСЫ","КОЛБАСЫ 🍖 / МЯСНЫЕ ДЕЛИКАТЕСЫ",260
kaspi_nonfood,Coal for heating,Coal for heating,260
wolt,СЕКС ИГРУШКИ ДЛЯ ДВОИХ / Изделия для ношения,СЕКС ИГРУШКИ ДЛЯ ДВОИХ / Изделия для ношения,259
wolt,ТОВАРЫ ДЛЯ ДОМА 🏠 / Элементы питания,ТОВАРЫ ДЛЯ ДОМА 🏠 / Элементы питания,259
wolt,МОЛОЧНЫЕ ПРОДУКТЫ 🧈 / Кефир,МОЛОЧНЫЕ ПРОДУКТЫ 🧈 / Кефир,259
wolt,ТАБАЧНЫЕ ИЗДЕЛИЯ🚬,ТАБАЧНЫЕ ИЗДЕЛИЯ🚬,258
wolt,МАШИНКИ / Металлические машинки,МАШИНКИ / Металлические машинки,258
wolt,ЖКТ  / Пробиотик Пребиотик Синбиотик,ЖКТ  / Пробиотик Пребиотик Синбиотик,258
wolt,БАКАЛЕЯ / ВОДОРОСЛИ НОРИ,БАКАЛЕЯ / ВОДОРОСЛИ НОРИ,258
wolt,ОТКРЫТКИ 💌,ОТКРЫТКИ 💌,258
wolt,КРЕПКИЙ АЛКОГОЛЬ 🥃 / ВИСКИ 🥃,КРЕПКИЙ АЛКОГОЛЬ 🥃 / ВИСКИ 🥃,258
wolt,МОНО БУКЕТЫ,МОНО БУКЕТЫ,258
wolt,МАКАРОНС🥮,МАКАРОНС🥮,258
wolt,УХОД ЗА ВОЛОСАМИ🪮,УХОД ЗА ВОЛОСАМИ🪮,258
wolt,СДЕЛАНО В КАЗАХСТАНЕ,СДЕЛАНО В КАЗАХСТАНЕ,258
wolt,СИДР 🍾,СИДР 🍾,256
wolt,СЛАДКАЯ ВЫПЕЧКА 🍰,СЛАДКАЯ ВЫПЕЧКА 🍰,256
wolt,АЛКОГОЛЬ 🥃 / Пиво и сидр,АЛКОГОЛЬ 🥃 / Пиво и сидр,254
wolt,НАПОЛНИТЕЛИ 🧻 / Комкующиеся (бентонит),НАПОЛНИТЕЛИ 🧻 / Комкующиеся (бентонит),254
wolt,Заживляющие и противовоспалительные мази и крема,Заживляющие и противовоспалительные мази и крема,254
wolt,Лекарственные средства / Средства от насморка,Лекарственные средства / Средства от насморка,253
wolt,"МАСЛО, СОУСЫ И СПЕЦИИ 🌶 / Кухни мира","МАСЛО, СОУСЫ И СПЕЦИИ 🌶 / Кухни мира",252
wolt,ВИТАМИНЫ и МИНЕРАЛЫ,ВИТАМИНЫ и МИНЕРАЛЫ,252
wolt,КОРМ ДЛЯ СОБАК И ЩЕНКОВ 🐕 / Влажный корм,КОРМ ДЛЯ СОБАК И ЩЕНКОВ 🐕 / Влажный корм,252
wolt,"БАКАЛЕЯ 🍝 / ПРОДУКТЫ БЫСТРОГО ПРИГОТОВЛЕНИЯ","БАКАЛЕЯ 🍝 / ПРОДУКТЫ БЫСТРОГО ПРИГОТОВЛЕНИЯ",252
wolt,МОЛОЧНАЯ ПРОДУКЦИЯ 🥛 / МОЛОЧНАЯ ПРОДУКЦИЯ,МОЛОЧНАЯ ПРОДУКЦИЯ 🥛 / МОЛОЧНАЯ ПРОДУКЦИЯ,252
wolt,БДСМ / МАСКИ,БДСМ / МАСКИ,252
wolt,ВЕТЕРИНАРНЫЕ ПРЕПАРАТЫ  / Препараты от блох и клещей,ВЕТЕРИНАРНЫЕ ПРЕПАРАТЫ  / Препараты от блох и клещей,252
wolt,ЛЕКАРСТВА ДЛЯ ГЛАЗ 👁️,ЛЕКАРСТВА ДЛЯ ГЛАЗ 👁️,252
wolt,"ГАСТРОНОМИЯ 🫓 / РЫБНЫЕ И МОРСКИЕ ДЕЛИКАТЕСЫ","ГАСТРОНОМИЯ 🫓 / РЫБНЫЕ И МОРСКИЕ ДЕЛИКАТЕСЫ",252
wolt,"Дом, дача, авто / Сад и огород","Дом, дача, авто / Сад и огород",251
wolt,"ПИРОЖКИ, САМСА 🥙","ПИРОЖКИ, САМСА 🥙",251
wolt,ОДНОРАЗОВАЯ ПОСУДА 🍽️,ОДНОРАЗОВАЯ ПОСУДА 🍽️,251
wolt,НАПИТКИ 🥤 / ВОДА 💧,НАПИТКИ 🥤 / ВОДА 💧,251
wolt,"СНЭКИ / Чипсы, крекеры","СНЭКИ / Чипсы, крекеры",250
wolt,СОКИ И НЕКТАРЫ / СОКИ,СОКИ И НЕКТАРЫ / СОКИ,250
wolt,МЫЛО / МЫЛО,МЫЛО / МЫЛО,250
wolt,"ПРОДУКТЫ БЫСТРОГО ПРИГОТОВЛЕНИЯ 🍜","ПРОДУКТЫ БЫСТРОГО ПРИГОТОВЛЕНИЯ 🍜",250
wolt,ПРОДУКТЫ БЫСТРОГО ПРИГОТОВЛЕНИЯ ,ПРОДУКТЫ БЫСТРОГО ПРИГОТОВЛЕНИЯ ,250
wolt,Препараты от кашля,Препараты от кашля,250
wolt,🐶СУХОЙ КОРМ ДЛЯ СОБАК (В УПАКОВКЕ)🐶 / GRANDORF🐕‍🦺,🐶СУХОЙ КОРМ ДЛЯ СОБАК (В УПАКОВКЕ)🐶 / GRANDORF🐕‍🦺,250
wolt,Сезон  Выпускных⭐🤗🌹,Сезон  Выпускных⭐🤗🌹,250
wolt,ВОДА И НАПИТКИ / ХОЛОДНЫЙ ЧАЙ И КОФЕ,ВОДА И НАПИТКИ / ХОЛОДНЫЙ ЧАЙ И КОФЕ,250
wolt,"ЧАЙ И КОФЕ / Чай","ЧАЙ И КОФЕ / Чай",250
wolt,"СРЕДСТВА ГИГИЕНЫ / Уход за телом","СРЕДСТВА ГИГИЕНЫ / Уход за телом",250
wolt,😺СУХОЙ КОРМ ДЛЯ КОШЕК (В УПАКОВКЕ) 🐈 / ROYAL CANIN🐾,😺СУХОЙ КОРМ ДЛЯ КОШЕК (В УПАКОВКЕ) 🐈 / ROYAL CANIN🐾,250
wolt,"АЛКОГОЛЬ / Сидр, пивные напитки","АЛКОГОЛЬ / Сидр, пивные напитки",250
wolt,КРАСОТА И ГИГИЕНА / ДЕЗОДОРАНТЫ,КРАСОТА И ГИГИЕНА / ДЕЗОДОРАНТЫ,250
wolt,ЗАМОРОЗКА / МОРОЖЕНОЕ,ЗАМОРОЗКА / МОРОЖЕНОЕ,250
wolt,ПОЛУФАБРИКАТЫ / УПАКОВКА,ПОЛУФАБРИКАТЫ / УПАКОВКА,250
wolt,МАСЛО,МАСЛО,250
wolt,"МАСЛО, СОУСЫ И СПЕЦИИ / Специи и приправы","МАСЛО, СОУСЫ И СПЕЦИИ / Специи и приправы",250
wolt,"ЧАЙ И КОФЕ / Кофе и какао","ЧАЙ И КОФЕ / Кофе и какао",250
wolt,"МАСЛО, СЫР, ЯЙЦА 🧀🥚 / Сыр с плесенью","МАСЛО, СЫР, ЯЙЦА 🧀🥚 / Сыр с плесенью",249
wolt,СОУСЫ 🌶 / Кетчуп,СОУСЫ 🌶 / Кетчуп,249
wolt,НАПИТКИ🥤 / ВОДА ,НАПИТКИ🥤 / ВОДА ,248
wolt,СЕКСУАЛЬНЫЕ ПОДАРКИ / Настольные игры,СЕКСУАЛЬНЫЕ ПОДАРКИ / Настольные игры,247
wolt,"Молочные продукты / Творог и сметана","Молочные продукты / Творог и сметана",247
wolt,КОРЕЙСКИЕ НАПИТКИ 🍇,КОРЕЙСКИЕ НАПИТКИ 🍇,247
wolt,"ДЛЯ НЕЁ / ВИБРАТОР КРОЛИК","ДЛЯ НЕЁ / ВИБРАТОР КРОЛИК",246
wolt,Лечение артэриального давления / Давление,Лечение артэриального давления / Давление,246
wolt,Маски для лица,Маски для лица,246
kaspi_food,Sandwiches,Sandwiches,246
wolt,ROUND LAB,ROUND LAB,246
wolt,    Косметика и гигиена /         Уход за телом,    Косметика и гигиена /         Уход за телом,246
wolt,"МАСТУРБАТОРЫ ДЛЯ МУЖЧИН							","МАСТУРБАТОРЫ ДЛЯ МУЖЧИН							",246
wolt,ПЭДЫ,ПЭДЫ,246
wolt,"КОНФЕТЫ И СЛАДОСТИ 🍭 / Бисквитное пирожное, бисквитное печенье","КОНФЕТЫ И СЛАДОСТИ 🍭 / Бисквитное пирожное, бисквитное печенье",246
wolt,СНОВА В ШКОЛУ / Чертежные принадлежности ,СНОВА В ШКОЛУ / Чертежные принадлежности ,246
wolt,ЧУЛОЧНО-НОСОЧНЫЕ ИЗДЕЛИЯ 🧦 / КОЛГОТКИ ,ЧУЛОЧНО-НОСОЧНЫЕ ИЗДЕЛИЯ 🧦 / КОЛГОТКИ ,246
wolt,ФРУКТЫ 🍏,ФРУКТЫ 🍏,246
wolt,"Кофе, чай, какао / Травяные и фруктовые чаи","Кофе, чай, какао / Травяные и фруктовые чаи",246
wolt,"ВОЗБУДИТЕЛИ ДЛЯ МУЖЧИН							","ВОЗБУДИТЕЛИ ДЛЯ МУЖЧИН							",246
wolt,"ТУАЛЕТЫ, ЛОТКИ ДЛЯ КОШЕК","ТУАЛЕТЫ, ЛОТКИ ДЛЯ КОШЕК",246
wolt,"ПРОДУКТЫ ДИЕТИЧЕСКИЕ🤸🏻 / ХЛЕБЦЫ, ПЕЧЕНЬЯ","ПРОДУКТЫ ДИЕТИЧЕСКИЕ🤸🏻 / ХЛЕБЦЫ, ПЕЧЕНЬЯ",246
wolt,"ОРЕХИ И СУХОФРУКТЫ 🌰","ОРЕХИ И СУХОФРУКТЫ 🌰",246
wolt,ЛИМОНАДЫ 🍹,ЛИМОНАДЫ 🍹,245
wolt,"ТОРТЫ / БЕНТО ТОРТ 🎂","ТОРТЫ / БЕНТО ТОРТ 🎂",245
wolt,ВЫГОДНО🔥🐾 / MURKEL КОМКУЮЩИЙСЯ🐱,ВЫГОДНО🔥🐾 / MURKEL КОМКУЮЩИЙСЯ🐱,245
wolt,"СРЕДСТВА ГИГИЕНЫ 🛁 / Уход за лицом","СРЕДСТВА ГИГИЕНЫ 🛁 / Уход за лицом",245
wolt,Марочный,Марочный,245
wolt,"ПИВО / РАЗЛИВНОЕ","ПИВО / РАЗЛИВНОЕ",244
wolt,СЛАДОСТИ 🍬 / Шоколадные плитки,СЛАДОСТИ 🍬 / Шоколадные плитки,244
wolt,ВОДА / С газом,ВОДА / С газом,243
wolt,ЗДОРОВОЕ ПИТАНИЕ 🏃‍♀️,ЗДОРОВОЕ ПИТАНИЕ 🏃‍♀️,242
wolt,Лечение венозной недостаточности,Лечение венозной недостаточности,242
wolt,АКЦИЯ,АКЦИЯ,242
wolt,ЦВЕТЫ И БУКЕТЫ ОТ «CACTUS» 🍃,ЦВЕТЫ И БУКЕТЫ ОТ «CACTUS» 🍃,242
wolt,БЫТОВАЯ ХИМИЯ / ДЛЯ ПОСУДЫ,БЫТОВАЯ ХИМИЯ / ДЛЯ ПОСУДЫ,241
wolt,Уход за телом,Уход за телом,241
wolt,"Полуфабрикаты","Полуфабрикаты",240
wolt,"СНЭКИ, СУХОФРУКТЫ И ОРЕХИ 🥜 / Чипсы","СНЭКИ, СУХОФРУКТЫ И ОРЕХИ 🥜 / Чипсы",240
wolt,"СМАЗКИ / ВАГИНАЛЬНЫЕ","СМАЗКИ / ВАГИНАЛЬНЫЕ",240
wolt,ВЛАЖНЫЙ КОРМ ДЛЯ КОШЕК 🐱 / SHEBA😺,ВЛАЖНЫЙ КОРМ ДЛЯ КОШЕК 🐱 / SHEBA😺,240
wolt,ДЕТСКИЕ КНИЖКИ,ДЕТСКИЕ КНИЖКИ,240
wolt,КРЕПКИЙ АЛКОГОЛЬ🥃 / ДЖИН  🍸,КРЕПКИЙ АЛКОГОЛЬ🥃 / ДЖИН  🍸,240
wolt,ЛЕКАРСТВЕННЫЕ СРЕДСТВА ДЛЯ ГИНЕКОЛОГИИ 💊,ЛЕКАРСТВЕННЫЕ СРЕДСТВА ДЛЯ ГИНЕКОЛОГИИ 💊,240
wolt,ВЛАЖНЫЙ КОРМ ДЛЯ КОШЕК 🐱 / WHISKAS😺,ВЛАЖНЫЙ КОРМ ДЛЯ КОШЕК 🐱 / WHISKAS😺,240
wolt,"ИГРЫ 18+							","ИГРЫ 18+							",240
wolt,ОБЪЕМ 10-30 МЛ.,ОБЪЕМ 10-30 МЛ.,240
wolt,ШАРИКИ 🎈 / Композиция из Шаров,ШАРИКИ 🎈 / Композиция из Шаров,240
wolt,КРАСОТА И ГИГИЕНА 🧴 / ЛЕЧЕБНАЯ КОСМЕТИКА,КРАСОТА И ГИГИЕНА 🧴 / ЛЕЧЕБНАЯ КОСМЕТИКА,240
wolt,ТОКПОККИ ,ТОКПОККИ ,240
wolt,"КРАСОТА И ГИГИЕНА 🧴 / ДЕПИЛЯЦИЯ, БРИТЬЕ","КРАСОТА И ГИГИЕНА 🧴 / ДЕПИЛЯЦИЯ, БРИТЬЕ",240
wolt,СТРОИТЕЛЬСТВО И РЕМОНТ / КОМБИНИРОВАННЫЕ КЛЮЧИ,СТРОИТЕЛЬСТВО И РЕМОНТ / КОМБИНИРОВАННЫЕ КЛЮЧИ,240
wolt,УХОД ЗА ТЕЛОМ🫧 / ДЛЯ ТЕЛА,УХОД ЗА ТЕЛОМ🫧 / ДЛЯ ТЕЛА,240
wolt,"ДНЯ НЕГО / МАСТУРБАТОРЫ","ДНЯ НЕГО / МАСТУРБАТОРЫ",240
wolt,"КОСМЕТИКА💄 / СЫВОРОТКИ, СЕРУМЫ, АМПУЛЫ ","КОСМЕТИКА💄 / СЫВОРОТКИ, СЕРУМЫ, АМПУЛЫ ",240
wolt,ПОНЧИКИ 🍩,ПОНЧИКИ 🍩,240
wolt,МОЛОЧНЫЕ_ПРОДУКТЫ / Масло сливочное/маргарин,МОЛОЧНЫЕ_ПРОДУКТЫ / Масло сливочное/маргарин,240
wolt,ВЛАЖНЫЙ КОРМ ДЛЯ КОШЕК 🐱 / ME-O😺,ВЛАЖНЫЙ КОРМ ДЛЯ КОШЕК 🐱 / ME-O😺,239
wolt,СЕКС ИГРУШКИ ДЛЯ ЖЕНЩИН / Секс игрушки для женщин,СЕКС ИГРУШКИ ДЛЯ ЖЕНЩИН / Секс игрушки для женщин,239
wolt,ПРОТИВ ВРЕДНЫХ ПРИВЫЧЕК 🚫,ПРОТИВ ВРЕДНЫХ ПРИВЫЧЕК 🚫,238
wolt,ГОТОВАЯ ЕДА 🥫 / Пицца,ГОТОВАЯ ЕДА 🥫 / Пицца,237
wolt,ЛЕКАРСТВА ДЛЯ ГЛАЗ👁️,ЛЕКАРСТВА ДЛЯ ГЛАЗ👁️,237
wolt,СНЭКИ 🥜 / Попкорн и кукурузные палочки,СНЭКИ 🥜 / Попкорн и кукурузные палочки,236
wolt,СНЭКИ 🍟🍿 / Кукурузные палочки,СНЭКИ 🍟🍿 / Кукурузные палочки,236
wolt,СРЕДСТВА ГИГИЕНЫ / Женская гигиена,СРЕДСТВА ГИГИЕНЫ / Женская гигиена,235
wolt,ТАБАЧНАЯ ПРОДУКЦИЯ💨 / Kent,ТАБАЧНАЯ ПРОДУКЦИЯ💨 / Kent,235
wolt,ЛЕКАРСТВА И БАДЫ💊 / Лечение заболеваний глаз,ЛЕКАРСТВА И БАДЫ💊 / Лечение заболеваний глаз,235
wolt,НАПИТКИ🥤 / ГАЗИРОВАННЫЕ НАПИТКИ,НАПИТКИ🥤 / ГАЗИРОВАННЫЕ НАПИТКИ,235
wolt,ОПТИКА,ОПТИКА,235
wolt,ВЛАЖНЫЙ КОРМ ДЛЯ СОБАК,ВЛАЖНЫЙ КОРМ ДЛЯ СОБАК,234
wolt,Свечи и гели  для Женщин,Свечи и гели  для Женщин,234
wolt,ТОВАРЫ ДЛЯ КУХНИ 🏡 / Керамическая посуда,ТОВАРЫ ДЛЯ КУХНИ 🏡 / Керамическая посуда,234
wolt,ПРЕЗЕРВАТИВЫ / ТОНКИЕ,ПРЕЗЕРВАТИВЫ / ТОНКИЕ,234
wolt,ОВОЩИ 🥔,ОВОЩИ 🥔,234
wolt,Пирожные / Коржевые пирожные,Пирожные / Коржевые пирожные,234
wolt,АНАЛЬНЫЕ СТИМУЛЯТОРЫ,АНАЛЬНЫЕ СТИМУЛЯТОРЫ,234
wolt,"ЗАКУСКИ / СНЕКИ","ЗАКУСКИ / СНЕКИ",234
wolt,КРАСОТА И ГИГИЕНА 🧴 / МАСКИ,КРАСОТА И ГИГИЕНА 🧴 / МАСКИ,234
wolt,УХОД ЗА ВОЛОСАМИ🧴 / ШАМПУНИ🪮,УХОД ЗА ВОЛОСАМИ🧴 / ШАМПУНИ🪮,234
wolt,"УХОД ЗА ВОЛОСАМИ💇🏻 / ШАМПУНИ, КОНДИЦИОНЕРЫ, МАСКИ","УХОД ЗА ВОЛОСАМИ💇🏻 / ШАМПУНИ, КОНДИЦИОНЕРЫ, МАСКИ",234
wolt,КОРМ ДЛЯ СОБАК 🐶 / ВЛАЖНЫЙ КОРМ ДЛЯ СОБАК 🐶,КОРМ ДЛЯ СОБАК 🐶 / ВЛАЖНЫЙ КОРМ ДЛЯ СОБАК 🐶,234
wolt,ТЕКИЛА,ТЕКИЛА,234
wolt,СУХОЙ КОРМ ДЛЯ КОШЕК (НА РАЗВЕС) 🐈 / PRO PLAN😺,СУХОЙ КОРМ ДЛЯ КОШЕК (НА РАЗВЕС) 🐈 / PRO PLAN😺,234
wolt,РАСТВОРЫ,РАСТВОРЫ,234
wolt,ДЕТСКОЕ ПИТАНИЕ И УХОД 🍼,ДЕТСКОЕ ПИТАНИЕ И УХОД 🍼,234
wolt,ЛЕКАРСТВЕННЫЕ СРЕДСТВА 💊 / СЛАБИТЕЛЬНЫЕ ПРЕПАРАТЫ,ЛЕКАРСТВЕННЫЕ СРЕДСТВА 💊 / СЛАБИТЕЛЬНЫЕ ПРЕПАРАТЫ,233
wolt,ЛЕКАРСТВА И БАДЫ💊 / Лечение женских заболеваний,ЛЕКАРСТВА И БАДЫ💊 / Лечение женских заболеваний,232
wolt,ШАРИКИ 🎈 / Для выписки,ШАРИКИ 🎈 / Для выписки,232
wolt,"ВСЕ ДЛЯ СТИРКИ🧺 / Кондиционеры, ополаскиватели","ВСЕ ДЛЯ СТИРКИ🧺 / Кондиционеры, ополаскиватели",232
wolt,Бытовая химия / Чистящие средства,Бытовая химия / Чистящие средства,231
wolt,"МАСЛО, СЫР, ЯЙЦА 🧀🥚 / сыр","МАСЛО, СЫР, ЯЙЦА 🧀🥚 / сыр",231
wolt,БЕЛОЕ ВИНО🤍,БЕЛОЕ ВИНО🤍,230
wolt,Лекарственные средства / Средства от боли в суставах и мышцах,Лекарственные средства / Средства от боли в суставах и мышцах,229
wolt,"СЛАДКАЯ ВЫПЕЧКА 🍰","СЛАДКАЯ ВЫПЕЧКА 🍰",228
wolt,"ПРЕЗЕРВАТИВЫ / РЕЛЬЕФНЫЕ","ПРЕЗЕРВАТИВЫ / РЕЛЬЕФНЫЕ",228
wolt,СНОВА В ШКОЛУ,СНОВА В ШКОЛУ,228
wolt,МОНО Витамины ,МОНО Витамины ,228
wolt,CELIMAX,CELIMAX,228
wolt,ЛЕКАРСТВЕННЫЕ СРЕДСТВА 💊 / ПРЕПАРАТЫ ЖЕЛЕЗА,ЛЕКАРСТВЕННЫЕ СРЕДСТВА 💊 / ПРЕПАРАТЫ ЖЕЛЕЗА,228
wolt,Натуральные линзы,Натуральные линзы,228
wolt,Лекарственные средства / Противогрибковые препараты,Лекарственные средства / Противогрибковые препараты,228
wolt,ДЛЯ МАМЫ И РЕБЕНКА 👩🏻‍🍼 / БУТЫЛОЧКИ,ДЛЯ МАМЫ И РЕБЕНКА 👩🏻‍🍼 / БУТЫЛОЧКИ,228
wolt,ВЛАЖНЫЕ КОРМА 🫘 / WHISKAS,ВЛАЖНЫЕ КОРМА 🫘 / WHISKAS,228
wolt,ПОЛУФАБРИКАТЫ 🥟 / Пельмени,ПОЛУФАБРИКАТЫ 🥟 / Пельмени,227
wolt,МАСЛО. СОУСЫ. СПЕЦИИ / Маринады и рассолы,МАСЛО. СОУСЫ. СПЕЦИИ / Маринады и рассолы,227
wolt,"ЗАКУСКИ / Антипасти Plaza del Sol","ЗАКУСКИ / Антипасти Plaza del Sol",227
wolt,"Успокоительные и Седативные, противоэпилептические","Успокоительные и Седативные, противоэпилептические",227
wolt,ТОВАРЫ ДЛЯ ДОМА / Уход за одеждой,ТОВАРЫ ДЛЯ ДОМА / Уход за одеждой,227
wolt,"Замороженная продукция / Овощи и овощные смеси","Замороженная продукция / Овощи и овощные смеси",227
wolt,ТОВАРЫ ДЛЯ ДОМА / ДЛЯ ДОМА ,ТОВАРЫ ДЛЯ ДОМА / ДЛЯ ДОМА ,227
wolt,"ПИВО / БАНОЧНОЕ","ПИВО / БАНОЧНОЕ",226
wolt,СЛАДКОЕ 🍬 / Драже,СЛАДКОЕ 🍬 / Драже,226
wolt,НАПОЛНИТЕЛИ 🧻 / Силикагель,НАПОЛНИТЕЛИ 🧻 / Силикагель,226
wolt,ВИСКИ 🥃 / США,ВИСКИ 🥃 / США,226
wolt,Омега-3 для детей и взрослых,Омега-3 для детей и взрослых,226
wolt,Маркет,Маркет,225
wolt,ВОДА / Минеральная,ВОДА / Минеральная,225
wolt,"МОЛОЧНЫЕ ПРОДУКТЫ 🧈 / МАСЛО","МОЛОЧНЫЕ ПРОДУКТЫ 🧈 / МАСЛО",225
wolt,"МОЛОЧНЫЕ ПРОДУКТЫ 🧈 / СЛИВКИ И КРЕМ","МОЛОЧНЫЕ ПРОДУКТЫ 🧈 / СЛИВКИ И КРЕМ",224
wolt,Хризантема🌼,Хризантема🌼,224
wolt,"КОНДИТЕРСКИЕ ИЗДЕЛИЯ 🍪 / ЗАВТРАКИ","КОНДИТЕРСКИЕ ИЗДЕЛИЯ 🍪 / ЗАВТРАКИ",222
wolt,ТОВАРЫ ДЛЯ ДОМА 🏠 / Вентиляторы,ТОВАРЫ ДЛЯ ДОМА 🏠 / Вентиляторы,222
wolt,ДЛЯ МАМЫ И РЕБЕНКА 👩🏻‍🍼 / СОЛНЦЕЗАЩИТНЫЕ СРЕДСТВА,ДЛЯ МАМЫ И РЕБЕНКА 👩🏻‍🍼 / СОЛНЦЕЗАЩИТНЫЕ СРЕДСТВА,222
wolt,СОУСЫ 🌶 / Соусы,СОУСЫ 🌶 / Соусы,222
wolt,ПРОДУКТЫ 🍜 / МОРСКАЯ КАПУСТА 🍙,ПРОДУКТЫ 🍜 / МОРСКАЯ КАПУСТА 🍙,222
wolt,Препараты Почек и Мочевыводящих  путей,Препараты Почек и Мочевыводящих  путей,222
wolt,"ТЕКИЛА, РОМ, ЛИКЕР🥃 / Ром","ТЕКИЛА, РОМ, ЛИКЕР🥃 / Ром",222
wolt,АЛКОГОЛЬ🥂🍫,АЛКОГОЛЬ🥂🍫,222
wolt,"КОЛБАСЫ 🍖 / СОСИСКИ","КОЛБАСЫ 🍖 / СОСИСКИ",221
wolt,Хозяйственные товары / Губки сребки для мытья посуды,Хозяйственные товары / Губки сребки для мытья посуды,220
wolt,ЗАМОРОЖЕННАЯ ПРОДУКЦИЯ / Полуфабрикаты,ЗАМОРОЖЕННАЯ ПРОДУКЦИЯ / Полуфабрикаты,220
wolt,"МАСЛО, СОУСЫ, СПЕЦИИ / КЕТЧУП","МАСЛО, СОУСЫ, СПЕЦИИ / КЕТЧУП",220
wolt,РАЗЛИВНОЕ ПИВО И НАПИТКИ ,РАЗЛИВНОЕ ПИВО И НАПИТКИ ,218
wolt,МОЛОЧНЫЕ ПРОДУКТЫ 🥛 / молоко и сливки,МОЛОЧНЫЕ ПРОДУКТЫ 🥛 / молоко и сливки,217
wolt,SOUR🍓,SOUR🍓,217
wolt,СУХОЙ КОРМ НА РАЗВЕС,СУХОЙ КОРМ НА РАЗВЕС,217
wolt,ИГРУШКИ ДЛЯ НЕЁ / ВИБРОТРУСИКИ,ИГРУШКИ ДЛЯ НЕЁ / ВИБРОТРУСИКИ,217
wolt,"СРЕДСТВА ГИГИЕНЫ, ФАРМАЦЕВТИКА / УХОД ЗА ПОЛОСТЬЮ РТА","СРЕДСТВА ГИГИЕНЫ, ФАРМАЦЕВТИКА / УХОД ЗА ПОЛОСТЬЮ РТА",216
wolt,СЕКСУАЛЬНЫЕ ПОДАРКИ / Подарочные наборы,СЕКСУАЛЬНЫЕ ПОДАРКИ / Подарочные наборы,216
wolt,"    Косметика и гигиена /         Предметы гигиены","    Косметика и гигиена /         Предметы гигиены",216
wolt,СУХОЙ КОРМ ДЛЯ КОШЕК НА РАЗВЕС 🐱,СУХОЙ КОРМ ДЛЯ КОШЕК НА РАЗВЕС 🐱,216
wolt,УХОД ДЛЯ ВОЛОС 💆‍♀️,УХОД ДЛЯ ВОЛОС 💆‍♀️,216
wolt,"НАПИТКИ, ВОДА 🥤","НАПИТКИ, ВОДА 🥤",216
wolt,ИГРУШКИ ДЛЯ ДВОИХ / СТРАПОНЫ,ИГРУШКИ ДЛЯ ДВОИХ / СТРАПОНЫ,216
wolt,"МУЖСКИЕ ТОВАРЫ ДЛЯ ВЗРОСЛЫХ / МАСТУРБАТОРЫ","МУЖСКИЕ ТОВАРЫ ДЛЯ ВЗРОСЛЫХ / МАСТУРБАТОРЫ",216
wolt,УХОД ЗА ТЕЛОМ 🧴 / КРЕМЫ ДЛЯ РУК 💫,УХОД ЗА ТЕЛОМ 🧴 / КРЕМЫ ДЛЯ РУК 💫,216
wolt,СОКИ🧃,СОКИ🧃,216
wolt,"ЗАМОРОЖЕННЫЕ ПРОДУКТЫ🧊 / КУРИЦА, ИНДЕЙКА","ЗАМОРОЖЕННЫЕ ПРОДУКТЫ🧊 / КУРИЦА, ИНДЕЙКА",216
wolt,ВЛАЖНЫЙ КОРМ ДЛЯ КОШЕК 🐱 / BLITZ😺,ВЛАЖНЫЙ КОРМ ДЛЯ КОШЕК 🐱 / BLITZ😺,216
wolt,МОЛОЧНЫЕ ПРОДУКТЫ / КИСЛОМОЛОЧНЫЕ НАПИТКИ,МОЛОЧНЫЕ ПРОДУКТЫ / КИСЛОМОЛОЧНЫЕ НАПИТКИ,216
wolt,БЫТОВАЯ ХИМИЯ / ДЛЯ РАЗЛИЧНЫХ ПОВЕРХНОСТЕЙ,БЫТОВАЯ ХИМИЯ / ДЛЯ РАЗЛИЧНЫХ ПОВЕРХНОСТЕЙ,216
wolt,ГАСТРОНОМИЯ 🧀 / Сыры,ГАСТРОНОМИЯ 🧀 / Сыры,216
wolt,ПИРОГИ 🥮,ПИРОГИ 🥮,216
wolt,ВОЗБУЖДАЮЩИЕ СРЕДСТВА / МУЖСКИЕ,ВОЗБУЖДАЮЩИЕ СРЕДСТВА / МУЖСКИЕ,216
wolt,"    Хлеб, выпечка, печенье /         Рулеты, вафли, трубочки","    Хлеб, выпечка, печенье /         Рулеты, вафли, трубочки",216
wolt,"МАСЛО, СЫР, ЯЙЦА / Сыр","МАСЛО, СЫР, ЯЙЦА / Сыр",215
wolt,ТОВАРЫ ДЛЯ ДОМА / Источники питания,ТОВАРЫ ДЛЯ ДОМА / Источники питания,215
wolt,МОЛОЧНЫЕ ПРОДУКТЫ 🧈,МОЛОЧНЫЕ ПРОДУКТЫ 🧈,214
wolt,ОБОРУДОВАНИЕ ДЛЯ АКВАРИУМА🦈🐟🐠,ОБОРУДОВАНИЕ ДЛЯ АКВАРИУМА🦈🐟🐠,214
wolt,МАССАЖЕРЫ. КРАСОТА И ЗДОРОВЬЕ / УХОД ЗА ЛИЦОМ И ТЕЛОМ,МАССАЖЕРЫ. КРАСОТА И ЗДОРОВЬЕ / УХОД ЗА ЛИЦОМ И ТЕЛОМ,214
wolt,Конфеты и сладости / Venchi,Конфеты и сладости / Venchi,214
wolt,МАКАРОНСЫ,МАКАРОНСЫ,213
wolt,ВЫГОДНО🔥🐾 / MURKEL СИЛИКАГЕЛЬ🐱,ВЫГОДНО🔥🐾 / MURKEL СИЛИКАГЕЛЬ🐱,213
wolt,ЛЕКАРСТВЕННЫЕ СРЕДСТВА 💊 / МУЖСКИЕ ПРЕПАРАТЫ,ЛЕКАРСТВЕННЫЕ СРЕДСТВА 💊 / МУЖСКИЕ ПРЕПАРАТЫ,213
wolt,"Молочные продукты / Кисломолочные напитки","Молочные продукты / Кисломолочные напитки",212
wolt,МАСЛО. СОУСЫ. СПЕЦИИ / Кисели и желе,МАСЛО. СОУСЫ. СПЕЦИИ / Кисели и желе,212
wolt,Суперфуды,Суперфуды,211
wolt,ВИСКИ🥃,ВИСКИ🥃,211
wolt,Для питомцев,Для питомцев,211
wolt,"ЛИМОНАДЫ, ЧАЙ И КВАС 🥤 / Газированные напитки","ЛИМОНАДЫ, ЧАЙ И КВАС 🥤 / Газированные напитки",211
wolt,"СМАЗКИ НА ВОДНОЙ ОСНОВЕ							","СМАЗКИ НА ВОДНОЙ ОСНОВЕ							",210
wolt,БДСМ / НАРУЧНИКИ И ОКОВЫ,БДСМ / НАРУЧНИКИ И ОКОВЫ,210
wolt,Препараты Потенции и предстательной железы ,Препараты Потенции и предстательной железы ,210
wolt,ИГРУШКИ ДЛЯ НЕЁ / ВИБРОЯЙЦА,ИГРУШКИ ДЛЯ НЕЁ / ВИБРОЯЙЦА,210
wolt,ВЛАЖНЫЙ КОРМ ДЛЯ КОШЕК 🐈 / Leonardo🇩🇪,ВЛАЖНЫЙ КОРМ ДЛЯ КОШЕК 🐈 / Leonardo🇩🇪,210
wolt,ИГРУШКИ ДЛЯ НЕЁ / РЕАЛИСТИЧНЫЕ,ИГРУШКИ ДЛЯ НЕЁ / РЕАЛИСТИЧНЫЕ,210
wolt,"Кофе, чай, какао / Матча, чай латте","Кофе, чай, какао / Матча, чай латте",210
wolt,ЛАКОМСТВА ДЛЯ КОШЕК / Деревенские Лакомства,ЛАКОМСТВА ДЛЯ КОШЕК / Деревенские Лакомства,210
wolt,ВКУСНЕЙШИЕ ЗАКУСКИ К ПИВУ / ЧЕЧИЛ,ВКУСНЕЙШИЕ ЗАКУСКИ К ПИВУ / ЧЕЧИЛ,210
wolt,ТОВАРЫ ДЛЯ ДОМА 🏠 / Сумки для ланча,ТОВАРЫ ДЛЯ ДОМА 🏠 / Сумки для ланча,210
wolt,УХОД ЗА ТЕЛОМ 🧴 / ГЕЛИ ДЛЯ ДУША 🚿,УХОД ЗА ТЕЛОМ 🧴 / ГЕЛИ ДЛЯ ДУША 🚿,210
wolt,Сиропы и топпинги / BARLINE,Сиропы и топпинги / BARLINE,210
wolt,Хозяйственные товары / Уход за обовью,Хозяйственные товары / Уход за обовью,210
wolt,ЛЕКАРСТВА И БАДЫ💊 / От аллергии,ЛЕКАРСТВА И БАДЫ💊 / От аллергии,210
wolt,СЛАДКОЕ 🍰,СЛАДКОЕ 🍰,210
wolt,ДЛЯ ДВОИХ / АНАЛЬНЫЕ ИГРУШКИ,ДЛЯ ДВОИХ / АНАЛЬНЫЕ ИГРУШКИ,210
wolt,"СРЕДСТВА ГИГИЕНЫ / Уход за волосами","СРЕДСТВА ГИГИЕНЫ / Уход за волосами",210
wolt,БАТОНЧИК 🍫,БАТОНЧИК 🍫,210
wolt,QAZAQSALT etno stores ✍🏻 / ПЛАТКИ ШЕЛКОВЫЕ,QAZAQSALT etno stores ✍🏻 / ПЛАТКИ ШЕЛКОВЫЕ,210
wolt,"КОНДИТЕРСКИЕ ИЗДЕЛИЯ 🍪 / ВАФЛИ","КОНДИТЕРСКИЕ ИЗДЕЛИЯ 🍪 / ВАФЛИ",210
wolt,Сладости без сахара / Батончики,Сладости без сахара / Батончики,209
wolt,АЛКОГОЛЬНЫЕ НАПИТКИ🥂 / АБСЕНТ,АЛКОГОЛЬНЫЕ НАПИТКИ🥂 / АБСЕНТ,209
wolt,НАСМОРК и ЗАЛОЖЕННОСТЬ,НАСМОРК и ЗАЛОЖЕННОСТЬ,208
wolt,БЕЗАЛКОГОЛЬНЫЕ НАПИТКИ / КВАС,БЕЗАЛКОГОЛЬНЫЕ НАПИТКИ / КВАС,208
wolt,Спрей-роза🌸,Спрей-роза🌸,207
wolt,ЛИМОНАДЫ🍹,ЛИМОНАДЫ🍹,207
wolt,ДЕТСКИЕ ТОВАРЫ / Шампуни,ДЕТСКИЕ ТОВАРЫ / Шампуни,207
wolt,НАПОЛНИТЕЛИ ДЛЯ КОШАЧЬЕГО ТУАЛЕТА (В УПАКОВКЕ) / ALPINE CAT😻,НАПОЛНИТЕЛИ ДЛЯ КОШАЧЬЕГО ТУАЛЕТА (В УПАКОВКЕ) / ALPINE CAT😻,206
wolt,Авторские букеты💫,Авторские букеты💫,206
wolt,ШАМПУНИ ДЛЯ КОШЕК И СОБАК ,ШАМПУНИ ДЛЯ КОШЕК И СОБАК ,204
wolt,СЕКС ИГРУШКИ ДЛЯ ЖЕНЩИН / Вибраторы с электростимуляцией,СЕКС ИГРУШКИ ДЛЯ ЖЕНЩИН / Вибраторы с электростимуляцией,204
wolt,"АЛКОГОЛЬНЫЕ НАПИТКИ / ВИСКИ","АЛКОГОЛЬНЫЕ НАПИТКИ / ВИСКИ",204
wolt,Антигистаминные препараты,Антигистаминные препараты,204
wolt,МУЖСКАЯ ПАРФЮМЕРИЯ,МУЖСКАЯ ПАРФЮМЕРИЯ,204
wolt,АВТОМОБИЛЬНЫЕ АКСЕССУАРЫ,АВТОМОБИЛЬНЫЕ АКСЕССУАРЫ,204
wolt,"ГАСТРОНОМИЯ 🫓 / МОРОЖЕНОЕ","ГАСТРОНОМИЯ 🫓 / МОРОЖЕНОЕ",204
wolt,КОНСЕРВАЦИЯ ,КОНСЕРВАЦИЯ ,204
wolt,НАПОЛНИТЕЛИ🚾,НАПОЛНИТЕЛИ🚾,204
wolt,"    Молочная продукция, сыр, яйцо /         Йогурты, Творожки","    Молочная продукция, сыр, яйцо /         Йогурты, Творожки",204
wolt,"ВЛАЖНЫЙ КОРМ ДЛЯ КОШЕК 🐈 / Me-O🇹🇭","ВЛАЖНЫЙ КОРМ ДЛЯ КОШЕК 🐈 / Me-O🇹🇭",204
wolt,ШАРИКИ 🎈 / Шарики ,ШАРИКИ 🎈 / Шарики ,204
wolt,БДСМ / ПЛЕТКИ И ПАДДЛЫ,БДСМ / ПЛЕТКИ И ПАДДЛЫ,204
wolt,ЗАМОРОЖЕННАЯ ПРОДУКЦИЯ,ЗАМОРОЖЕННАЯ ПРОДУКЦИЯ,204
wolt,ЛАКОМСТВА ДЛЯ ПТИЦ🦜,ЛАКОМСТВА ДЛЯ ПТИЦ🦜,204
wolt,"СОКИ, НЕКТАРЫ И КОМПОТЫ / Напитки сокосодержащие","СОКИ, НЕКТАРЫ И КОМПОТЫ / Напитки сокосодержащие",204
kaspi_food,Mustard and horseradish,Mustard and horseradish,204
wolt,ПРОЧИЕ ГЕМАТОЛОГИЧЕСКИЕ ПРЕПАРАТЫ,ПРОЧИЕ ГЕМАТОЛОГИЧЕСКИЕ ПРЕПАРАТЫ,203
wolt,Косметическая продукция / Дипиляция бритье,Косметическая продукция / Дипиляция бритье,202
wolt,МЕДИЦИНСКИЕ ИЗДЕЛИЯ И МЕДТЕХНИКА💉 / Перевязочные материалы,МЕДИЦИНСКИЕ ИЗДЕЛИЯ И МЕДТЕХНИКА💉 / Перевязочные материалы,202
wolt,Бурбон,Бурбон,202
wolt,Ушные капли,Ушные капли,201
wolt,ОЧИЩЕНИЕ И СНЯТИЕ МАКИЯЖА,ОЧИЩЕНИЕ И СНЯТИЕ МАКИЯЖА,201
wolt,"ДЕТСКОЕ ПИТАНИЕ И ГИГИЕНА / Детское питание","ДЕТСКОЕ ПИТАНИЕ И ГИГИЕНА / Детское питание",200
wolt,СИРОПЫ🍹,СИРОПЫ🍹,200
wolt,ЛИЧНАЯ ГИГИЕНА 🧴,ЛИЧНАЯ ГИГИЕНА 🧴,199
wolt,ДЕСЕРТЫ В СТАКАНЧИКАХ 🍰 ,ДЕСЕРТЫ В СТАКАНЧИКАХ 🍰 ,199
wolt,"КОЛБАСЫ 🍖 / САРДЕЛЬКИ","КОЛБАСЫ 🍖 / САРДЕЛЬКИ",199
wolt,"КОСМЕТИКА,ПАРФЮМЕРИЯ / УХОД ЗА ТЕЛОМ","КОСМЕТИКА,ПАРФЮМЕРИЯ / УХОД ЗА ТЕЛОМ",199
wolt,Bioderma / Акционные наборы,Bioderma / Акционные наборы,198
wolt,ЛЕКАРСТВЕННЫЕ СРЕДСТВА 💊 / ДИАБЕТ,ЛЕКАРСТВЕННЫЕ СРЕДСТВА 💊 / ДИАБЕТ,198
wolt,ЛЕКАРСТВЕННЫЕ СРЕДСТВА 💊 / ЛЕЧЕНИЕ ПЕЧЕНИ,ЛЕКАРСТВЕННЫЕ СРЕДСТВА 💊 / ЛЕЧЕНИЕ ПЕЧЕНИ,198
wolt,ДЛЯ ЗРЕНИЯ,ДЛЯ ЗРЕНИЯ,198
wolt,Полезные завтраки  / Макробиотические каши,Полезные завтраки  / Макробиотические каши,198
wolt,Silver,Silver,198
wolt,"БАКАЛЕЯ  / СОУСЫ И ПАСТЫ","БАКАЛЕЯ  / СОУСЫ И ПАСТЫ",198
wolt,Подарочные наборы / Наборы для вязания,Подарочные наборы / Наборы для вязания,198
wolt,ВЛАЖНЫЕ КОРМА 🫘 / Other,ВЛАЖНЫЕ КОРМА 🫘 / Other,198
wolt,Детское питание и уход / Детские игрушки,Детское питание и уход / Детские игрушки,198
wolt,ХОЗТОВАРЫ_И_БЫТОВАЯ_ХИМИЯ / Уход за полостью рта,ХОЗТОВАРЫ_И_БЫТОВАЯ_ХИМИЯ / Уход за полостью рта,198
wolt,СНЕКИ🫘 / ЧИПСЫ,СНЕКИ🫘 / ЧИПСЫ,198
wolt,"КОСМЕТИКА💄 / МАСКИ, ПАТЧИ ДЛЯ ЛИЦА","КОСМЕТИКА💄 / МАСКИ, ПАТЧИ ДЛЯ ЛИЦА",198
wolt,"КОНСЕРВЫ МЯСНЫЕ И РЫБНЫЕ🥫","КОНСЕРВЫ МЯСНЫЕ И РЫБНЫЕ🥫",198
wolt,BUBBLE TEA🧋,BUBBLE TEA🧋,198
wolt,МОЛОКО И ЯЙЦО 🥚 / ТВОРОГ И ТВОРОЖНАЯ МАССА,МОЛОКО И ЯЙЦО 🥚 / ТВОРОГ И ТВОРОЖНАЯ МАССА,198
wolt,СЛАДОСТИ 🍭,СЛАДОСТИ 🍭,198
wolt,"    Молочная продукция, сыр, яйцо /         Молоко, молочные коктейли","    Молочная продукция, сыр, яйцо /         Молоко, молочные коктейли",198
wolt,ОБЕЗБОЛИВАЮЩИЕ И УСПОКОИТЕЛЬНЫЕ,ОБЕЗБОЛИВАЮЩИЕ И УСПОКОИТЕЛЬНЫЕ,198
wolt,"ОДЕЖДА, НИЖНЕЕ БЕЛЬЕ, ТАПОЧКИ  / ЖЕНСКОЕ БЕЛЬЕ ","ОДЕЖДА, НИЖНЕЕ БЕЛЬЕ, ТАПОЧКИ  / ЖЕНСКОЕ БЕЛЬЕ ",198
wolt,СРЕДСТВА ГИГИЕНЫ / Прокладки,СРЕДСТВА ГИГИЕНЫ / Прокладки,198
wolt,БАДЫ И ВИТАМИНЫ💊,БАДЫ И ВИТАМИНЫ💊,198
wolt,ВЕТ АПТЕКА 💊,ВЕТ АПТЕКА 💊,198
wolt,КОРМ ДЛЯ ГРЫЗУНОВ🐭,КОРМ ДЛЯ ГРЫЗУНОВ🐭,198
wolt,"БЫТОВАЯ ХИМИЯ И СРЕДСТВА ГИГИЕНЫ 🫧 / МОЮЩИЕ СРЕДСТВА","БЫТОВАЯ ХИМИЯ И СРЕДСТВА ГИГИЕНЫ 🫧 / МОЮЩИЕ СРЕДСТВА",198
wolt,СЛОЕНЫЕ ИЗДЕЛИЯ🥟,СЛОЕНЫЕ ИЗДЕЛИЯ🥟,198
wolt,БЕЛОЕ ВИНО🍷,БЕЛОЕ ВИНО🍷,197
wolt,"ТУРИЗМ, ПИКНИК⛺️","ТУРИЗМ, ПИКНИК⛺️",197
wolt,Лекарственные средства / От варикоза (венотоники),Лекарственные средства / От варикоза (венотоники),197
wolt,ENGLISH TEA / 80шт,ENGLISH TEA / 80шт,196
wolt,КОСМЕТИКА 🎀 / ПЭДЫ ☁️,КОСМЕТИКА 🎀 / ПЭДЫ ☁️,196
wolt,Бумажно-гигиеническая продукция / Туалетная бумага,Бумажно-гигиеническая продукция / Туалетная бумага,196
wolt,КОРМА ДЛЯ КОШЕК 🐱 / Alpha Pet (Альфа Пэт),КОРМА ДЛЯ КОШЕК 🐱 / Alpha Pet (Альфа Пэт),196
wolt,Адсорбенты,Адсорбенты,196
wolt,ГОТОВАЯ ЕДА 🥫 / Супы,ГОТОВАЯ ЕДА 🥫 / Супы,196
wolt,"КРАСОТА / Крем, гель, маски для лица","КРАСОТА / Крем, гель, маски для лица",195
wolt,"Азиатская кухня ","Азиатская кухня ",195
wolt,Лекарственные средства / Хондропротекторы,Лекарственные средства / Хондропротекторы,195
wolt,"Лекарственные средства / Вагинальные свечи, крема","Лекарственные средства / Вагинальные свечи, крема",195
wolt,Dolce Gusto • Капсулы / GIMOKA,Dolce Gusto • Капсулы / GIMOKA,194
wolt,"ВСЕ ДЛЯ СТИРКИ🧺 / Стиральные порошки, капсулы","ВСЕ ДЛЯ СТИРКИ🧺 / Стиральные порошки, капсулы",194
wolt,БРАНЧИ С СОБОЙ🥪,БРАНЧИ С СОБОЙ🥪,193
wolt,ВЛАЖНЫЙ КОРМ ДЛЯ КОШЕК 🐱 / GOURMET😺,ВЛАЖНЫЙ КОРМ ДЛЯ КОШЕК 🐱 / GOURMET😺,193
wolt,ЛАКОМСТВА ДЛЯ КОШЕК / INABA,ЛАКОМСТВА ДЛЯ КОШЕК / INABA,192
wolt,БАЛЬЗАМИК,БАЛЬЗАМИК,192
wolt,"ОРЕХИ, КУРТ / ФИСТАШКИ/МИНДАЛЬ/КЕШЬЮ/БОБЫ","ОРЕХИ, КУРТ / ФИСТАШКИ/МИНДАЛЬ/КЕШЬЮ/БОБЫ",192
wolt,Заморозка / Лед,Заморозка / Лед,192
wolt,ИГРУШКИ ДЛЯ КОШЕК,ИГРУШКИ ДЛЯ КОШЕК,192
wolt,КОНДИТЕРСКИЕ ИЗДЕЛИЯ / ЯЙЦА ШОКОЛАДНЫЕ,КОНДИТЕРСКИЕ ИЗДЕЛИЯ / ЯЙЦА ШОКОЛАДНЫЕ,192
wolt,ДИЕТИЧЕСКИЕ ПРОДУКТЫ🥗 / Продукты без глютена,ДИЕТИЧЕСКИЕ ПРОДУКТЫ🥗 / Продукты без глютена,192
wolt,ЛАКОМСТВА / ДЛЯ КОШЕК,ЛАКОМСТВА / ДЛЯ КОШЕК,192
wolt,ЗДОРОВЬЕ💊,ЗДОРОВЬЕ💊,192
wolt,ENGLISH TEA / 240шт,ENGLISH TEA / 240шт,192
wolt,"ВЛАЖНЫЙ КОРМ ДЛЯ КОШЕК 🐈 / Alpha Pet🇷🇺","ВЛАЖНЫЙ КОРМ ДЛЯ КОШЕК 🐈 / Alpha Pet🇷🇺",192
wolt,ПРЕПАРАТЫ ДЛЯ ЖИВОТНЫХ,ПРЕПАРАТЫ ДЛЯ ЖИВОТНЫХ,192
wolt,БЕЗАЛКОГОЛЬНЫЕ НАПИТКИ🥤,БЕЗАЛКОГОЛЬНЫЕ НАПИТКИ🥤,192
wolt,😺СУХОЙ КОРМ ДЛЯ КОШЕК (НА РАЗВЕС) 🐈 / ROYAL CANIN😺,😺СУХОЙ КОРМ ДЛЯ КОШЕК (НА РАЗВЕС) 🐈 / ROYAL CANIN😺,192
wolt,ВЛАЖНЫЕ КОРМА 🫘 / FELIX,ВЛАЖНЫЕ КОРМА 🫘 / FELIX,192
wolt,ЛАКОМСТВА 🦴,ЛАКОМСТВА 🦴,192
wolt,ВСЕ ДЛЯ ПТИЦ  / Корм,ВСЕ ДЛЯ ПТИЦ  / Корм,192
wolt,ДОМАШНЯЯ АПТЕЧКА🧰,ДОМАШНЯЯ АПТЕЧКА🧰,191
wolt,СРЕДСТВА ГИГИЕНЫ🪥 / Уход за лицом,СРЕДСТВА ГИГИЕНЫ🪥 / Уход за лицом,191
wolt,СОЛНЦЕЗАЩИТНЫЕ СРЕДСТВА,СОЛНЦЕЗАЩИТНЫЕ СРЕДСТВА,191
wolt,ПИРОГИ,ПИРОГИ,190
wolt,ENGLISH TEA / 40шт,ENGLISH TEA / 40шт,190
wolt,АЛКОГОЛЬНЫЕ НАПИТКИ 🥂 / Ликер,АЛКОГОЛЬНЫЕ НАПИТКИ 🥂 / Ликер,190
wolt,"СЛАДКОЕ / Торты, десерты и печенье","СЛАДКОЕ / Торты, десерты и печенье",189
wolt,ЧАЙ И КОФЕ ☕️ / Фруктовый чай,ЧАЙ И КОФЕ ☕️ / Фруктовый чай,189
wolt,Выбор гостей CHIN-CHIN,Выбор гостей CHIN-CHIN,189
wolt,ТОВАРЫ ДЛЯ ЖИВОТНЫХ / Для собак,ТОВАРЫ ДЛЯ ЖИВОТНЫХ / Для собак,189
wolt,НАПИТКИ🥤 / ЭНЕРГЕТИКИ ,НАПИТКИ🥤 / ЭНЕРГЕТИКИ ,189
wolt,ОВОЩИ И ФРУКТЫ 🍎 / Экзотические фрукты🔥,ОВОЩИ И ФРУКТЫ 🍎 / Экзотические фрукты🔥,188
wolt,SPF - защита ☀,SPF - защита ☀,188
wolt,СЕКС ИГРУШКИ ДЛЯ ДВОИХ / Секс игрушки для двоих,СЕКС ИГРУШКИ ДЛЯ ДВОИХ / Секс игрушки для двоих,187
wolt,НПВП,НПВП,186
wolt,"ПРОТЕИНОВЫЕ БАТОНЧИКИ, ПЕЧЕНЬЕ, ПАНКЕЙКИ,","ПРОТЕИНОВЫЕ БАТОНЧИКИ, ПЕЧЕНЬЕ, ПАНКЕЙКИ,",186
wolt,ТВОРЧЕСТВО  / Поделки,ТВОРЧЕСТВО  / Поделки,186
wolt,С ДНЁМ РОЖДЕНИЯ / Бенто S,С ДНЁМ РОЖДЕНИЯ / Бенто S,186
wolt,СРЕДСТВА ЛИЧНОЙ ГИГИЕНЫ 🧽 / Зубная Паста,СРЕДСТВА ЛИЧНОЙ ГИГИЕНЫ 🧽 / Зубная Паста,186
wolt,Grandorf 🐱,Grandorf 🐱,186
wolt,БЫТОВАЯ ХИМИЯ И СРЕДСТВА ГИГИЕНЫ 🫧 / ПЕНА ДЛЯ ВАНН,БЫТОВАЯ ХИМИЯ И СРЕДСТВА ГИГИЕНЫ 🫧 / ПЕНА ДЛЯ ВАНН,186
wolt,"АЛКОГОЛЬНЫЕ НАПИТКИ 🥃 / КОНЬЯК","АЛКОГОЛЬНЫЕ НАПИТКИ 🥃 / КОНЬЯК",186
wolt,"    Молочная продукция, сыр, яйцо /         Масло, Маргарин, Спреды","    Молочная продукция, сыр, яйцо /         Масло, Маргарин, Спреды",186
wolt,КОРМА ДЛЯ КОШЕК 🐱 / Whiskas (Вискас),КОРМА ДЛЯ КОШЕК 🐱 / Whiskas (Вискас),186
wolt,АПТЕЧКА,АПТЕЧКА,186
wolt,Драже,Драже,186
wolt,УХОД ЗА ВОЛОСАМИ💇🏻‍♀️ / Несмываемый уход,УХОД ЗА ВОЛОСАМИ💇🏻‍♀️ / Несмываемый уход,186
wolt,ЖЕНСКАЯ ПАРФЮМЕРИЯ 👩‍🦱,ЖЕНСКАЯ ПАРФЮМЕРИЯ 👩‍🦱,186
wolt,ТОВАРЫ ДЛЯ ОТДЫХА / МАНГАЛЫ,ТОВАРЫ ДЛЯ ОТДЫХА / МАНГАЛЫ,186
wolt,Лекарственные средства / Лекарства от дисбактериоза,Лекарственные средства / Лекарства от дисбактериоза,185
wolt,МАССОВЫЕ ТОРТЫ 🎂,МАССОВЫЕ ТОРТЫ 🎂,185
wolt,ДЕКОРАТИВНАЯ КОСМЕТИКА💄 / ТОН ✨,ДЕКОРАТИВНАЯ КОСМЕТИКА💄 / ТОН ✨,185
wolt,ИГРУШКИ,ИГРУШКИ,185
wolt,"СРЕДСТВА ГИГИЕНЫ / Уход за полостью рта","СРЕДСТВА ГИГИЕНЫ / Уход за полостью рта",185
wolt,АЛКОГОЛЬНЫЕ НАПИТКИ 🥂 / Ром,АЛКОГОЛЬНЫЕ НАПИТКИ 🥂 / Ром,185
wolt,"ТАБАЧНЫЕ ИЗДЕЛИЯ, ЗАЖИГАЛКИ🕯️","ТАБАЧНЫЕ ИЗДЕЛИЯ, ЗАЖИГАЛКИ🕯️",185
wolt,Мука ингредиенты для выпечки и масло / Растительные масла,Мука ингредиенты для выпечки и масло / Растительные масла,185
wolt,"ТОВАРЫ ДЛЯ ДОМА 🏠 / Средства для мытья посуды","ТОВАРЫ ДЛЯ ДОМА 🏠 / Средства для мытья посуды",185
wolt,Пирожные / Пирожные бисквитные ,Пирожные / Пирожные бисквитные ,184
wolt,"ВСЕ ДЛЯ СТИРКИ 🧺 / Стиральные порошки, капсулы","ВСЕ ДЛЯ СТИРКИ 🧺 / Стиральные порошки, капсулы",184
wolt,УХОД ЗА ЛИЦОМ💆🏻‍♀️ / Маски,УХОД ЗА ЛИЦОМ💆🏻‍♀️ / Маски,184
wolt,СУХОЙ КОРМ ДЛЯ КОШЕК (НА РАЗВЕС) 🐈 / FITMIN😺,СУХОЙ КОРМ ДЛЯ КОШЕК (НА РАЗВЕС) 🐈 / FITMIN😺,184
wolt,Скидки дня / Успей купить,Скидки дня / Успей купить,184
wolt,УХОД ЗА ЛИЦОМ💆🏻‍♀️ / Очищающие пенки и гели,УХОД ЗА ЛИЦОМ💆🏻‍♀️ / Очищающие пенки и гели,184
wolt,СЛАДКИЕ ПИРОГИ 🥧,СЛАДКИЕ ПИРОГИ 🥧,183
wolt,МЕДИЦИНСКИЕ ИЗДЕЛИЯ И МЕДТЕХНИКА💉 / Презервативы и интимные гель-смазки лубриканты,МЕДИЦИНСКИЕ ИЗДЕЛИЯ И МЕДТЕХНИКА💉 / Презервативы и интимные гель-смазки лубриканты,183
wolt,ТОВАРЫ ДЛЯ ДОМА / Средства для стекол,ТОВАРЫ ДЛЯ ДОМА / Средства для стекол,182
wolt,МАСЛО. СЫР. ЯЙЦА / Растительные сыры,МАСЛО. СЫР. ЯЙЦА / Растительные сыры,182
wolt,"КОРМА ДЛЯ РЫБ И ЧЕРЕПАХ, АКВАРИУМЫ","КОРМА ДЛЯ РЫБ И ЧЕРЕПАХ, АКВАРИУМЫ",181
wolt,КОНДИТЕРСКИЕ ИЗДЕЛИЯ 🎂 / Круассаны,КОНДИТЕРСКИЕ ИЗДЕЛИЯ 🎂 / Круассаны,180
wolt,"ЖЕНСКИЕ ИГРУШКИ / ВИБРАТОР","ЖЕНСКИЕ ИГРУШКИ / ВИБРАТОР",180
wolt,"ЖЕНСКИЕ ТОВАРЫ ДЛЯ ВЗРОСЛЫХ / ВИБРАТОРЫ","ЖЕНСКИЕ ТОВАРЫ ДЛЯ ВЗРОСЛЫХ / ВИБРАТОРЫ",180
wolt,"ЗАКУСКИ / МЯСНАЯ ЗАКУСКА","ЗАКУСКИ / МЯСНАЯ ЗАКУСКА",180
wolt,"СРЕДСТВА ГИГИЕНЫ / БРИТВА, ПЕНА ДЛЯ БРИТЬЯ","СРЕДСТВА ГИГИЕНЫ / БРИТВА, ПЕНА ДЛЯ БРИТЬЯ",180
wolt,ЛАКОМСТВА ДЛЯ КОШЕК 😻 / TITBIT🐱,ЛАКОМСТВА ДЛЯ КОШЕК 😻 / TITBIT🐱,180
wolt,СУХОЙ КОРМ ДЛЯ КОШЕК (НА РАЗВЕС) 🐈 / LEONARDO😺,СУХОЙ КОРМ ДЛЯ КОШЕК (НА РАЗВЕС) 🐈 / LEONARDO😺,180
wolt,КОСМЕТИКА И УХОД / МАССАЖНЫЕ АРОМАСВЕЧИ,КОСМЕТИКА И УХОД / МАССАЖНЫЕ АРОМАСВЕЧИ,180
wolt,ТВОРЧЕСТВО  / Лепка,ТВОРЧЕСТВО  / Лепка,180
wolt,ЛЕКАРСТВЕННЫЕ СРЕДСТВА 💊 / АНТИТРОМБОЗ,ЛЕКАРСТВЕННЫЕ СРЕДСТВА 💊 / АНТИТРОМБОЗ,180
wolt,ВЕТЕРИНАРНЫЕ ПРЕПАРАТЫ 💊 / Лекарственные препараты ,ВЕТЕРИНАРНЫЕ ПРЕПАРАТЫ 💊 / Лекарственные препараты ,180
wolt,гинекология и урология / женское здоровье,гинекология и урология / женское здоровье,180
wolt,БДСМ / ОШЕЙНИКИ И ЧОКЕРЫ,БДСМ / ОШЕЙНИКИ И ЧОКЕРЫ,180
wolt,МАКАРОНС 🍪,МАКАРОНС 🍪,180
wolt,ЛАКОМСТВА  ДЛЯ  КОШЕК,ЛАКОМСТВА  ДЛЯ  КОШЕК,180
wolt,ВЛАЖНЫЙ КОРМ ДЛЯ КОШЕК🐱,ВЛАЖНЫЙ КОРМ ДЛЯ КОШЕК🐱,180
wolt,БАКАЛЕЯ🥫,БАКАЛЕЯ🥫,180
wolt,БДСМ атрибуты,БДСМ атрибуты,180
wolt,УХОД ЗА ПОЛОСТЬЮ РТА🪥,УХОД ЗА ПОЛОСТЬЮ РТА🪥,180
wolt,ДЛЯ МАТЕРИ И РЕБЕНКА🍼 / Изделия для кормления детей,ДЛЯ МАТЕРИ И РЕБЕНКА🍼 / Изделия для кормления детей,180
wolt,ТОВАРЫ ДЛЯ КУХНИ 🏡 / Формы для использования в духовке,ТОВАРЫ ДЛЯ КУХНИ 🏡 / Формы для использования в духовке,180
wolt,ПРОТЕИНОВЫЕ БАТОНЧИКИ,ПРОТЕИНОВЫЕ БАТОНЧИКИ,180
wolt,ДЛЯ ДОМА🏠,ДЛЯ ДОМА🏠,180
wolt,ЗООТОВАРЫ🐾 / ДЛЯ КОШЕК,ЗООТОВАРЫ🐾 / ДЛЯ КОШЕК,180
wolt,СНЭКИ 🍿,СНЭКИ 🍿,180
wolt,"    Напитки /         Газированные напитки","    Напитки /         Газированные напитки",180
wolt,"НАПИТКИ ГАЗИРОВАННЫЕ / ЖБ, маленький объем","НАПИТКИ ГАЗИРОВАННЫЕ / ЖБ, маленький объем",180
wolt,БОКСЫ🎁,БОКСЫ🎁,180
wolt,ВЛАЖНЫЙ КОРМ ДЛЯ КОШЕК 🐱 / SCHESIR🐱🥩,ВЛАЖНЫЙ КОРМ ДЛЯ КОШЕК 🐱 / SCHESIR🐱🥩,180
wolt,ВЛАЖНЫЙ КОРМ ДЛЯ КОШЕК 🐱 / SCHESIR😸,ВЛАЖНЫЙ КОРМ ДЛЯ КОШЕК 🐱 / SCHESIR😸,180
wolt,ВОДА И МИНЕРАЛЬНАЯ ВОДА,ВОДА И МИНЕРАЛЬНАЯ ВОДА,180
wolt,Бытовая химия / Освежители ароматизаторы,Бытовая химия / Освежители ароматизаторы,180
wolt,"Завтраки / Хлопья","Завтраки / Хлопья",179
wolt,"КРЕМА, ГЕЛИ, МАЗИ","КРЕМА, ГЕЛИ, МАЗИ",179
wolt,Лекарственные настойки,Лекарственные настойки,179
wolt,Смазки,Смазки,178
wolt,НАПИТКИ 🥤 / Тоники,НАПИТКИ 🥤 / Тоники,178
wolt,ТАРТАЛЕТКИ 🍪,ТАРТАЛЕТКИ 🍪,178
wolt,Снеки орехи и сухофрукты / Попкорн вата палочки,Снеки орехи и сухофрукты / Попкорн вата палочки,178
wolt,УХОД ЗА ВОЛОСАМИ💇🏻‍♀️ / Кондиционеры,УХОД ЗА ВОЛОСАМИ💇🏻‍♀️ / Кондиционеры,176
wolt,АКЦИИ / АКЦИИ,АКЦИИ / АКЦИИ,175
wolt,"ГАСТРОНОМИЯ 🫓 / МАЙОНЕЗЫ","ГАСТРОНОМИЯ 🫓 / МАЙОНЕЗЫ",174
wolt,СНЭКИ ⚡️,СНЭКИ ⚡️,174
wolt,"БУКЕТЫ 💐","БУКЕТЫ 💐",174
wolt,"АЛКОГОЛЬНЫЕ НАПИТКИ 🥃 / ВИНО ИГРИСТОЕ","АЛКОГОЛЬНЫЕ НАПИТКИ 🥃 / ВИНО ИГРИСТОЕ",174
wolt,"ГАСТРОНОМИЯ 🫓 / ПОЛУФАБРИКАТЫ","ГАСТРОНОМИЯ 🫓 / ПОЛУФАБРИКАТЫ",174
wolt,"    Косметика и гигиена /         Уход за полостью рта","    Косметика и гигиена /         Уход за полостью рта",174
wolt,"ВОДА И НАПИТКИ🥤 / Холодный чай, кофе и морс","ВОДА И НАПИТКИ🥤 / Холодный чай, кофе и морс",174
wolt,Institut Esthederm / Все,Institut Esthederm / Все,174
wolt,ПРЕПАРАТЫ ДЛЯ МУЖСКОЙ СИЛЫ 🚹,ПРЕПАРАТЫ ДЛЯ МУЖСКОЙ СИЛЫ 🚹,174
wolt,"ВЛАЖНЫЙ КОРМ ДЛЯ КОШЕК 🐈 / Royal Canin🇫🇷","ВЛАЖНЫЙ КОРМ ДЛЯ КОШЕК 🐈 / Royal Canin🇫🇷",174
wolt,"КОНДИТЕРСКИЕ ИЗДЕЛИЯ 🍪 / БИСКВИТЫ","КОНДИТЕРСКИЕ ИЗДЕЛИЯ 🍪 / БИСКВИТЫ",174
wolt,ПРОТИВОАЛЛЕРГЕННЫЕ ЛЕКАРСТВА 😷,ПРОТИВОАЛЛЕРГЕННЫЕ ЛЕКАРСТВА 😷,174
wolt,"ДЛЯ МАМЫ И РЕБЕНКА 👩🏻‍🍼 / ГЕЛЬ, ПЕНА ДЛЯ КУПАНИЯ","ДЛЯ МАМЫ И РЕБЕНКА 👩🏻‍🍼 / ГЕЛЬ, ПЕНА ДЛЯ КУПАНИЯ",174
wolt,АНТИБИОТИКИ ,АНТИБИОТИКИ ,174
wolt,БДСМ / БДСМ НАБОРЫ,БДСМ / БДСМ НАБОРЫ,174
wolt,ДОМАШНИЕ ЗАГАТОВКИ,ДОМАШНИЕ ЗАГАТОВКИ,174
wolt,"    Товары для детей /         Детская гигиена","    Товары для детей /         Детская гигиена",174
wolt,СЕТЫ🎁,СЕТЫ🎁,174
wolt,Спрей для носа / Спрей для носа,Спрей для носа / Спрей для носа,174
wolt,ВЕТАПТЕКА / АНТИПАРАЗИТАРНЫЕ СРЕДСТВА,ВЕТАПТЕКА / АНТИПАРАЗИТАРНЫЕ СРЕДСТВА,174
wolt,Безалкогольное пиво,Безалкогольное пиво,173
wolt,"ТОВАРЫ ДЛЯ ДОМА 🏠 / Все для дома","ТОВАРЫ ДЛЯ ДОМА 🏠 / Все для дома",173
wolt,"Колбасы, сосиски, деликатесы / Копченые и вяленые колбасы","Колбасы, сосиски, деликатесы / Копченые и вяленые колбасы",172
wolt,Бытовая химия / Средства для мытья посуды,Бытовая химия / Средства для мытья посуды,172
wolt,УХОД ЗА ЛИЦОМ💆🏻‍♀️ / Тонизирование,УХОД ЗА ЛИЦОМ💆🏻‍♀️ / Тонизирование,172
wolt,ЛЕКАРСТВЕННЫЕ СРЕДСТВА 💊 / ЭНДОКРИННАЯ СИСТЕМА,ЛЕКАРСТВЕННЫЕ СРЕДСТВА 💊 / ЭНДОКРИННАЯ СИСТЕМА,172
wolt,СРЕДСТВА ГИГИЕНЫ / Ватные диски и палочки,СРЕДСТВА ГИГИЕНЫ / Ватные диски и палочки,171
wolt,"Молочные продукты / Творожная продукция и сырки","Молочные продукты / Творожная продукция и сырки",171
wolt,"ТВОРОГ, СМЕТАНА / Сметана","ТВОРОГ, СМЕТАНА / Сметана",170
wolt,"НАСАДКИ НА ПЕНИС							","НАСАДКИ НА ПЕНИС							",168
wolt,"БАКАЛЕЯ  / КОНСЕРВЫ","БАКАЛЕЯ  / КОНСЕРВЫ",168
wolt,МИСКИ ДЛЯ КОШЕК И СОБАК / КЕРАМИЧЕСКИЕ ,МИСКИ ДЛЯ КОШЕК И СОБАК / КЕРАМИЧЕСКИЕ ,168
wolt,ВОДОРОСЛИ КИМ,ВОДОРОСЛИ КИМ,168
wolt,ЛАКОМСТВА ДЛЯ СОБАК🐶,ЛАКОМСТВА ДЛЯ СОБАК🐶,168
wolt,ИГРУШКИ БДСМ / Медицинский фетиш,ИГРУШКИ БДСМ / Медицинский фетиш,168
wolt,    Снеки /         Чипсы,    Снеки /         Чипсы,168
wolt,ХЛЕБ,ХЛЕБ,168
wolt,"ПРЕЗЕРВАТИВЫ / УЛЬТРАТОНКИЕ","ПРЕЗЕРВАТИВЫ / УЛЬТРАТОНКИЕ",168
wolt,ИГРУШКИ / ИГРУШКИ ,ИГРУШКИ / ИГРУШКИ ,168
wolt,НАПИТКИ НЕ ГАЗИРОВАННЫЕ ,НАПИТКИ НЕ ГАЗИРОВАННЫЕ ,168
wolt,НАПИТКИ 🧃 / Безалкогольные напитки,НАПИТКИ 🧃 / Безалкогольные напитки,168
wolt,ЛАКОМСТВА ДЛЯ КОШЕК😻 / КОЛБАСКИ/ТРУБОЧКИ,ЛАКОМСТВА ДЛЯ КОШЕК😻 / КОЛБАСКИ/ТРУБОЧКИ,168
wolt,ВЛАЖНЫЙ КОРМ ДЛЯ КОШЕК 🐈 / Blitz🇷🇺,ВЛАЖНЫЙ КОРМ ДЛЯ КОШЕК 🐈 / Blitz🇷🇺,168
wolt,"Бакалея / Растительное масло","Бакалея / Растительное масло",168
wolt,БУКЕТЫ ЧУВСТВ 💐,БУКЕТЫ ЧУВСТВ 💐,168
wolt,Лекарственные средства / Мази от боли и ушибов,Лекарственные средства / Мази от боли и ушибов,168
wolt,Капли для глаз / Капли для глаз,Капли для глаз / Капли для глаз,168
wolt,"КРАСОТА И ГИГИЕНА 🧴 / ГЕЛЬ ДЛЯ ДУША, ПЕНА","КРАСОТА И ГИГИЕНА 🧴 / ГЕЛЬ ДЛЯ ДУША, ПЕНА",168
wolt,КОНФЕТЫ И СЛАДОСТИ 🍫,КОНФЕТЫ И СЛАДОСТИ 🍫,168
wolt,БАНЯ 🧼,БАНЯ 🧼,168
wolt,КОРМ ДЛЯ СОБАК И ЩЕНКОВ 🐕 / Сухой корм на развес,КОРМ ДЛЯ СОБАК И ЩЕНКОВ 🐕 / Сухой корм на развес,168
wolt,Десерты / Печенье в стаканчике,Десерты / Печенье в стаканчике,168
wolt,ЗАКУСКИ 🍿,ЗАКУСКИ 🍿,168
wolt,КОРМА ДЛЯ КОШЕК 🐱 / Probalance (Пробаланс),КОРМА ДЛЯ КОШЕК 🐱 / Probalance (Пробаланс),168
wolt,"ЗАКУСКИ / ЧИПСЫ","ЗАКУСКИ / ЧИПСЫ",168
wolt,"Кепка, панама, шляпа, Очки / Кепка, Панама, Шляпа.","Кепка, панама, шляпа, Очки / Кепка, Панама, Шляпа.",168
wolt,"СЛАБОАЛКОГОЛЬНЫЕ НАПИТКИ / СИДР","СЛАБОАЛКОГОЛЬНЫЕ НАПИТКИ / СИДР",168
wolt,НОВОГОДНИЕ ,НОВОГОДНИЕ ,168
wolt,МАСКИ ДЛЯ ЛИЦА 🧏🏻‍♀️,МАСКИ ДЛЯ ЛИЦА 🧏🏻‍♀️,168
wolt,ЗАКУСКИ ​🍟,ЗАКУСКИ ​🍟,167
wolt,Лекарственные средства / Препараты для лечения печени (гепатопротекторы),Лекарственные средства / Препараты для лечения печени (гепатопротекторы),167
wolt,Красота и уход / КОСМЕТИКА,Красота и уход / КОСМЕТИКА,167
wolt,КАШЕЛЬ,КАШЕЛЬ,167
wolt,"МОЛОЧНЫЕ ПРОДУКТЫ / Молоко и сливки","МОЛОЧНЫЕ ПРОДУКТЫ / Молоко и сливки",167
wolt,ЛЕКАРСТВЕННЫЕ СРЕДСТВА 💊 / СТОМАТОЛОГИЧЕСКИЕ СРЕДСТВА,ЛЕКАРСТВЕННЫЕ СРЕДСТВА 💊 / СТОМАТОЛОГИЧЕСКИЕ СРЕДСТВА,166
wolt,ТАРТАЛЕТКИ,ТАРТАЛЕТКИ,164
wolt,"Здоровье / Безрецептурные лекарства, благополучие","Здоровье / Безрецептурные лекарства, благополучие",164
wolt,ГОРЛО / таблетки и растворы,ГОРЛО / таблетки и растворы,163
wolt,СЕКС ИГРУШКИ ДЛЯ ДВОИХ / Наборы секс игрушек,СЕКС ИГРУШКИ ДЛЯ ДВОИХ / Наборы секс игрушек,163
wolt, КОРМ ДЛЯ ГРЫЗУНОВ 🐹, КОРМ ДЛЯ ГРЫЗУНОВ 🐹,162
wolt,АЛКОГОЛЬ / ЛИКЕР И ВЕРМУТ,АЛКОГОЛЬ / ЛИКЕР И ВЕРМУТ,162
wolt,УХОД ЗА ВОЛОСАМИ💇🏻‍♀️ / Шампуни,УХОД ЗА ВОЛОСАМИ💇🏻‍♀️ / Шампуни,162
wolt,ВЛАЖНЫЙ КОРМ ДЛЯ КОШЕК ЖБ 🐱,ВЛАЖНЫЙ КОРМ ДЛЯ КОШЕК ЖБ 🐱,162
wolt,СНЕКИ 🍿 / Семечки,СНЕКИ 🍿 / Семечки,162
wolt,Сладости без сахара / Печенье без сахара,Сладости без сахара / Печенье без сахара,162
wolt,КОРМА ДЛЯ КОШЕК 🐱 / Felix (Феликс),КОРМА ДЛЯ КОШЕК 🐱 / Felix (Феликс),162
wolt,УХОД ЗА ЛИЦОМ 🚿,УХОД ЗА ЛИЦОМ 🚿,162
wolt,ЧАЧА🫗,ЧАЧА🫗,162
wolt,МАСЛА,МАСЛА,162
wolt,"ВИТАМИНЫ, БАДЫ, ФИТОСВЕЧИ.","ВИТАМИНЫ, БАДЫ, ФИТОСВЕЧИ.",162
wolt,ВИСКИ🥃 / Импорт,ВИСКИ🥃 / Импорт,162
wolt,ЛИМОНАД,ЛИМОНАД,162
wolt,СУХИЕ КОРМА ДЛЯ СОБАК / GRANDORF Medium & Maxi,СУХИЕ КОРМА ДЛЯ СОБАК / GRANDORF Medium & Maxi,162
wolt,"КОНДИТЕРСКИЕ ИЗДЕЛИЯ 🍪 / МАРМЕЛАД","КОНДИТЕРСКИЕ ИЗДЕЛИЯ 🍪 / МАРМЕЛАД",162
wolt,Печеночно-Желчегонные  Препараты ,Печеночно-Желчегонные  Препараты ,162
wolt,КОРМ ДЛЯ СОБАК И ЩЕНКОВ 🐕 / Сухой корм в упаковке,КОРМ ДЛЯ СОБАК И ЩЕНКОВ 🐕 / Сухой корм в упаковке,162
wolt,"МУЖСКИЕ ТОВАРЫ ДЛЯ ВЗРОСЛЫХ / НАСАДКИ НА ПЕНИС","МУЖСКИЕ ТОВАРЫ ДЛЯ ВЗРОСЛЫХ / НАСАДКИ НА ПЕНИС",162
wolt,ТРАЙФЛЫ 🧁,ТРАЙФЛЫ 🧁,162
wolt,Экохимия и натуральный уход / Для стирки,Экохимия и натуральный уход / Для стирки,162
wolt,"КОСМЕТИКА💄 / ПЕНКИ, ГЕЛИ ДЛЯ УМЫВАНИЯ","КОСМЕТИКА💄 / ПЕНКИ, ГЕЛИ ДЛЯ УМЫВАНИЯ",162
wolt,АЛКОГОЛЬ🍷 / Текила,АЛКОГОЛЬ🍷 / Текила,162
wolt,ДЕКОРАТИВНАЯ КОСМЕТИКА💄 / ПОМАДЫ 💋,ДЕКОРАТИВНАЯ КОСМЕТИКА💄 / ПОМАДЫ 💋,162
wolt,личная гигиена / презервативы,личная гигиена / презервативы,162
wolt,ГОРМОНАЛЬНЫЙ БАЛАНС,ГОРМОНАЛЬНЫЙ БАЛАНС,162
wolt,БАКАЛЕЯ / СИРОПЫ,БАКАЛЕЯ / СИРОПЫ,161
wolt,😺СУХОЙ КОРМ ДЛЯ КОШЕК (В УПАКОВКЕ) 🐈 / GRANDORF🐾,😺СУХОЙ КОРМ ДЛЯ КОШЕК (В УПАКОВКЕ) 🐈 / GRANDORF🐾,161
wolt,Электроника / Телефоны и аксессуары,Электроника / Телефоны и аксессуары,161
wolt,Алкоголь / Слабоалкогольные напитки,Алкоголь / Слабоалкогольные напитки,160
wolt,Диетические и диабетические продукты / Батончики/ конфеты/ шоколад,Диетические и диабетические продукты / Батончики/ конфеты/ шоколад,160
wolt,Бумажно-гигиеническая продукция / Бумажные салфетки и полотенца,Бумажно-гигиеническая продукция / Бумажные салфетки и полотенца,160
wolt,Консервы и соленья / Оливки/ маслины,Консервы и соленья / Оливки/ маслины,160
wolt,СКИДКИ🍸,СКИДКИ🍸,160
wolt,ВЛАЖНЫЕ КОРМА 🫘,ВЛАЖНЫЕ КОРМА 🫘,160
wolt,КОРМ ДЛЯ ГРЫЗУНОВ 🐹,КОРМ ДЛЯ ГРЫЗУНОВ 🐹,159
wolt,"МАСЛО, СПЕЦИИ, СОУСЫ 🌶","МАСЛО, СПЕЦИИ, СОУСЫ 🌶",159
wolt,"ЧИПСЫ, ОРЕХИ, СНЕКИ🍟 / Кукурузные палочки, попкорн🍿","ЧИПСЫ, ОРЕХИ, СНЕКИ🍟 / Кукурузные палочки, попкорн🍿",159
wolt,ТАБАЧНАЯ ПРОДУКЦИЯ / Зажигалки,ТАБАЧНАЯ ПРОДУКЦИЯ / Зажигалки,158
wolt,УХОД ЗА ОДЕЖДОЙ И ОБУВЬЮ 👞,УХОД ЗА ОДЕЖДОЙ И ОБУВЬЮ 👞,157
wolt,НАПОЛНИТЕЛИ ДЛЯ КОШАЧЬЕГО ТУАЛЕТА 🐱 / Комкующиеся,НАПОЛНИТЕЛИ ДЛЯ КОШАЧЬЕГО ТУАЛЕТА 🐱 / Комкующиеся,157
wolt,Лекарственные средства / Слабительные препараты,Лекарственные средства / Слабительные препараты,157
wolt,ТОВАРЫ ДЛЯ ГРЫЗУНОВ  / ЛАКОМСТВА ДЛЯ ГРЫЗУНОВ,ТОВАРЫ ДЛЯ ГРЫЗУНОВ  / ЛАКОМСТВА ДЛЯ ГРЫЗУНОВ,156
wolt,ДЕТСКОЕ ПИТАНИЕ И ГИГИЕНА / ИГРУШКИ,ДЕТСКОЕ ПИТАНИЕ И ГИГИЕНА / ИГРУШКИ,156
wolt,АКЦИОННЫЕ ТОВАРЫ ,АКЦИОННЫЕ ТОВАРЫ ,156
wolt,Гормональные женское здоровье,Гормональные женское здоровье,156
wolt,"СМАЗКИ / ВКУСОВЫЕ","СМАЗКИ / ВКУСОВЫЕ",156
wolt,СОВКИ ДЛЯ КОШАЧЬИХ ЛОТКОВ ,СОВКИ ДЛЯ КОШАЧЬИХ ЛОТКОВ ,156
wolt,ЭРОТИЧЕСКОЕ БЕЛЬЕ / Портупеи из натуральной кожи,ЭРОТИЧЕСКОЕ БЕЛЬЕ / Портупеи из натуральной кожи,156
wolt,ДЛЯ МАМЫ И РЕБЕНКА 👩🏻‍🍼 / ШАМПУНЬ,ДЛЯ МАМЫ И РЕБЕНКА 👩🏻‍🍼 / ШАМПУНЬ,156
wolt,Хоз. товары,Хоз. товары,156
wolt,ШАРИКИ 🎈 / Мультяшки(персонажи),ШАРИКИ 🎈 / Мультяшки(персонажи),156
wolt,СРЕДСТВА ГИГИЕНЫ / УХОД ЗА ТЕЛОМ,СРЕДСТВА ГИГИЕНЫ / УХОД ЗА ТЕЛОМ,156
wolt,ЖЕНСКИЕ СЕКС ИГРУШКИ  / ВИБРАТОРЫ,ЖЕНСКИЕ СЕКС ИГРУШКИ  / ВИБРАТОРЫ,156
wolt,"СУХИЕ СМЕСИ, СУХАРИ ПАНИРОВОЧНЫЕ","СУХИЕ СМЕСИ, СУХАРИ ПАНИРОВОЧНЫЕ",156
wolt,ЭРОТИЧЕСКОЕ БЕЛЬЕ / Мужское эротическое белье,ЭРОТИЧЕСКОЕ БЕЛЬЕ / Мужское эротическое белье,156
wolt,ИГРУШКИ ДЛЯ СОБАК🐕,ИГРУШКИ ДЛЯ СОБАК🐕,156
wolt,"НАБОР ""САМ СЕБЕ ФЛОРИСТ""🎀","НАБОР ""САМ СЕБЕ ФЛОРИСТ""🎀",156
wolt,"СРЕДСТВА ГИГИЕНЫ 🛁 / Бумага и салфетки","СРЕДСТВА ГИГИЕНЫ 🛁 / Бумага и салфетки",156
wolt,БДСМ / ВЕРЕВКИ,БДСМ / ВЕРЕВКИ,156
wolt,НАПОЛНИТЕЛИ 🧻 / Тофу,НАПОЛНИТЕЛИ 🧻 / Тофу,156
wolt,Vertuo • Капсулы,Vertuo • Капсулы,156
wolt,СЭНДВИЧ 🥪,СЭНДВИЧ 🥪,155
wolt,ТОНАЛЬНЫЕ СРЕДСТВА,ТОНАЛЬНЫЕ СРЕДСТВА,155
wolt,БЕЗАЛКОГОЛЬНОЕ ПИВО,БЕЗАЛКОГОЛЬНОЕ ПИВО,155
wolt,Препараты для снижения веса,Препараты для снижения веса,154
wolt,ЛЕКАРСТВЕННЫЕ СРЕДСТВА 💊 / ДИАРЕЯ,ЛЕКАРСТВЕННЫЕ СРЕДСТВА 💊 / ДИАРЕЯ,154
wolt,ЗАКУСКИ И ЧИПСЫ / ЧИПСЫ,ЗАКУСКИ И ЧИПСЫ / ЧИПСЫ,154
wolt,СЫТНЫЕ ПЕРЕКУСЫ🥪,СЫТНЫЕ ПЕРЕКУСЫ🥪,154
wolt,ЛЕКАРСТВА И БАДЫ💊 / Лечение варикоза и геморроя,ЛЕКАРСТВА И БАДЫ💊 / Лечение варикоза и геморроя,154
wolt,СУХОЙ КОРМ ДЛЯ СОБАК ВЕС,СУХОЙ КОРМ ДЛЯ СОБАК ВЕС,153
wolt,УХОД ЗА ЛИЦОМ💆🏻‍♀️ / Средства для демакияжа,УХОД ЗА ЛИЦОМ💆🏻‍♀️ / Средства для демакияжа,152
wolt, Респираторные средства в комбинациях, Респираторные средства в комбинациях,152
wolt,Для любого повода 🎉,Для любого повода 🎉,152
wolt,ИГРУШКИ БДСМ / Одежда для BDSM,ИГРУШКИ БДСМ / Одежда для BDSM,151
wolt,ТОВАРЫ СДЕЛАЙ САМ✂️,ТОВАРЫ СДЕЛАЙ САМ✂️,151
wolt,Лекарственные средства / Препараты для снижения холестерина,Лекарственные средства / Препараты для снижения холестерина,151
wolt,ЛЕКАРСТВА НЕРВНОЙ СИСТЕМЫ 💊,ЛЕКАРСТВА НЕРВНОЙ СИСТЕМЫ 💊,150
wolt,КОНСЕРВЫ / КОНСЕРВИРОВАННЫЕ САЛАТЫ,КОНСЕРВЫ / КОНСЕРВИРОВАННЫЕ САЛАТЫ,150
wolt,"ВЛАЖНЫЙ КОРМ ДЛЯ КОШЕК 🐈 / Whiskas🇷🇺","ВЛАЖНЫЙ КОРМ ДЛЯ КОШЕК 🐈 / Whiskas🇷🇺",150
wolt,😺СУХОЙ КОРМ ДЛЯ КОШЕК (В УПАКОВКЕ) 🐈 / PRO PLAN🐾,😺СУХОЙ КОРМ ДЛЯ КОШЕК (В УПАКОВКЕ) 🐈 / PRO PLAN🐾,150
wolt,"СРЕДСТВА ГИГИЕНЫ / Уход за лицом","СРЕДСТВА ГИГИЕНЫ / Уход за лицом",150
wolt,Кондитерские изделия / Паста шоколадная и из орехов,Кондитерские изделия / Паста шоколадная и из орехов,150
wolt,Молочные продукты / Продукты на растительном молоке,Молочные продукты / Продукты на растительном молоке,150
wolt,"ДЕСЕРТЫ","ДЕСЕРТЫ",150
wolt,КОНФЕТЫ И СЛАДОСТИ / печенье и вафли,КОНФЕТЫ И СЛАДОСТИ / печенье и вафли,150
wolt,Разное,Разное,150
wolt,"НАПИТКИ 🥤 / ЭНЕРГЕТИЧЕСКИЕ НАПИТКИ","НАПИТКИ 🥤 / ЭНЕРГЕТИЧЕСКИЕ НАПИТКИ",150
wolt,ВЛАЖНЫЕ КОРМА ДЛЯ КОШЕК 😻 / Royal Canin,ВЛАЖНЫЕ КОРМА ДЛЯ КОШЕК 😻 / Royal Canin,150
wolt,МИСКИ 🦴,МИСКИ 🦴,150
wolt,ГОТОВАЯ ПРОДУКЦИЯ,ГОТОВАЯ ПРОДУКЦИЯ,150
wolt,ЛАКОМСТВА ДЛЯ КОШЕК😺 / Кремовые супчики/пюре/паштеты,ЛАКОМСТВА ДЛЯ КОШЕК😺 / Кремовые супчики/пюре/паштеты,150
wolt,МЕДИЦИНСКИЕ ИЗДЕЛИЯ 💉 / БАНДАЖ,МЕДИЦИНСКИЕ ИЗДЕЛИЯ 💉 / БАНДАЖ,150
wolt,ВЛАЖНЫЕ КОРМА ДЛЯ КОШЕК / Felix,ВЛАЖНЫЕ КОРМА ДЛЯ КОШЕК / Felix,150
wolt,ЛАКОМСТВА ДЛЯ КОШЕК 😻 / МНЯМС🦊,ЛАКОМСТВА ДЛЯ КОШЕК 😻 / МНЯМС🦊,150
wolt,СУХОЙ КОРМ ДЛЯ КОШЕК 🐱 / Fitmin 🇨🇿,СУХОЙ КОРМ ДЛЯ КОШЕК 🐱 / Fitmin 🇨🇿,150
wolt,МАССАЖЕРЫ. КРАСОТА И ЗДОРОВЬЕ / МАССАЖЕРЫ ,МАССАЖЕРЫ. КРАСОТА И ЗДОРОВЬЕ / МАССАЖЕРЫ ,150
wolt,СУХОЙ КОРМ ДЛЯ КОШЕК (НА РАЗВЕС) 🐈 / PROBALANCE😺,СУХОЙ КОРМ ДЛЯ КОШЕК (НА РАЗВЕС) 🐈 / PROBALANCE😺,150
wolt,ПОДГУЗНИКИ ДЛЯ ДЕТЕЙ👶🏻 / Tomiko,ПОДГУЗНИКИ ДЛЯ ДЕТЕЙ👶🏻 / Tomiko,150
wolt,СРЕДСТВА ГИГИЕНЫ / Ежедневки,СРЕДСТВА ГИГИЕНЫ / Ежедневки,150
wolt,АЛКОГОЛЬНЫЕ НАПИТКИ 🍸,АЛКОГОЛЬНЫЕ НАПИТКИ 🍸,150
wolt,"ТЕКИЛА, РОМ, ЛИКЕР🥃 / Ликер🍹","ТЕКИЛА, РОМ, ЛИКЕР🥃 / Ликер🍹",150
wolt,Алкогольные напитки / Ром,Алкогольные напитки / Ром,150
wolt,БЕЗАЛКОГОЛЬНЫЕ НАПИТКИ 🧃 / ХОЛОДНЫЙ ЧАЙ🧋,БЕЗАЛКОГОЛЬНЫЕ НАПИТКИ 🧃 / ХОЛОДНЫЙ ЧАЙ🧋,150
wolt,СЛАДКАЯ ВЫПЕЧКА 🧁,СЛАДКАЯ ВЫПЕЧКА 🧁,150
wolt,Хризантема🌸,Хризантема🌸,150
wolt,"ОБОРУДОВАНИЕ, ПОСУДА ","ОБОРУДОВАНИЕ, ПОСУДА ",150
wolt,Bioderma / Sensibio,Bioderma / Sensibio,150
wolt,"    Овощи и фрукты /         Овощи и зелень","    Овощи и фрукты /         Овощи и зелень",150
wolt,ЧАЙ/КОФЕ,ЧАЙ/КОФЕ,150
wolt,ЧИСТЯЩИЕ СРЕДСТВА / УНИВЕРСАЛЬНЫЕ СРЕДСТВА,ЧИСТЯЩИЕ СРЕДСТВА / УНИВЕРСАЛЬНЫЕ СРЕДСТВА,150
wolt,Препараты Давления  / Препараты для мозгового кровообращения ,Препараты Давления  / Препараты для мозгового кровообращения ,150
wolt,УХОД ЗА ВОЛОСАМИ🧴 / КРАСКИ ДЛЯ ВОЛОС 🎨,УХОД ЗА ВОЛОСАМИ🧴 / КРАСКИ ДЛЯ ВОЛОС 🎨,149
wolt,Косметическая продукция / Уход за лицом,Косметическая продукция / Уход за лицом,149
wolt,ДЕРМАТОЛОГИЧЕСКИЕ СРЕДСТВА,ДЕРМАТОЛОГИЧЕСКИЕ СРЕДСТВА,149
wolt,КРАСОТА и ГИГИЕНА / Гигиена рта,КРАСОТА и ГИГИЕНА / Гигиена рта,149
wolt,СУХОЙ КОРМ ДЛЯ КОШЕК 🐈 / ProPlan,СУХОЙ КОРМ ДЛЯ КОШЕК 🐈 / ProPlan,149
wolt,"ВСЕ ДЛЯ СТИРКИ 🧺 / Кондиционеры, ополаскиватели","ВСЕ ДЛЯ СТИРКИ 🧺 / Кондиционеры, ополаскиватели",149
wolt,💉Препараты💊,💉Препараты💊,148
wolt,ВСЕ ДЛЯ ПРАЗДНИКА🎊 / КОЛПОЧКИ - КОРОНА,ВСЕ ДЛЯ ПРАЗДНИКА🎊 / КОЛПОЧКИ - КОРОНА,148
wolt,КОРМА ДЛЯ КОШЕК 🐱 / Royal Canin (Роял Канин),КОРМА ДЛЯ КОШЕК 🐱 / Royal Canin (Роял Канин),148
wolt,ЛЕКАРСТВЕННЫЕ СРЕДСТВА 💊 / ДЫХАТЕЛЬНАЯ СИСТЕМА,ЛЕКАРСТВЕННЫЕ СРЕДСТВА 💊 / ДЫХАТЕЛЬНАЯ СИСТЕМА,148
wolt,Лекарственные средства / Препараты для иммунитета,Лекарственные средства / Препараты для иммунитета,147
wolt,СРЕДСТВА ОТ ПРОСТУДЫ И ГРИППА🤒,СРЕДСТВА ОТ ПРОСТУДЫ И ГРИППА🤒,147
wolt,МОЛОКО И ЯЙЦО / НАЦИОНАЛЬНАЯ КУХНЯ,МОЛОКО И ЯЙЦО / НАЦИОНАЛЬНАЯ КУХНЯ,145
wolt,ПРОТИВОВИРУСНЫЕ,ПРОТИВОВИРУСНЫЕ,145
wolt,СЛАДОСТИ  / КЛУБНИКА В ШОКОЛАДЕ 🍓🍫,СЛАДОСТИ  / КЛУБНИКА В ШОКОЛАДЕ 🍓🍫,144
wolt,КОРМА ДЛЯ КОШЕК 🐱 / Sheba (Шеба),КОРМА ДЛЯ КОШЕК 🐱 / Sheba (Шеба),144
wolt,‼СУПЕР ЦЕНА ВЛАЖНЫЙ КОРМ ДЛЯ КОШЕК,‼СУПЕР ЦЕНА ВЛАЖНЫЙ КОРМ ДЛЯ КОШЕК,144
wolt,"ЭРОТИЧЕСКИЕ БОДИ-СЕТКИ							","ЭРОТИЧЕСКИЕ БОДИ-СЕТКИ							",144
wolt,Замороженные полуфабрикаты ❄️ / ПП заготовки,Замороженные полуфабрикаты ❄️ / ПП заготовки,144
wolt,ЛЕКАРСТВЕННЫЕ ПРЕПАРАТЫ ДЛЯ СЕРДЦА🫀,ЛЕКАРСТВЕННЫЕ ПРЕПАРАТЫ ДЛЯ СЕРДЦА🫀,144
wolt,ПРЕЗЕРВАТИВЫ,ПРЕЗЕРВАТИВЫ,144
wolt,Лежанки и домики,Лежанки и домики,144
wolt,НАУШНИКИ 🎧,НАУШНИКИ 🎧,144
wolt,"БЫТОВАЯ ХИМИЯ, УБОРКА🧴 / От засора и накипи","БЫТОВАЯ ХИМИЯ, УБОРКА🧴 / От засора и накипи",144
wolt,ИГРУШКИ ДЛЯ ДВОИХ / ВИБРАТОРЫ ДЛЯ ПАР,ИГРУШКИ ДЛЯ ДВОИХ / ВИБРАТОРЫ ДЛЯ ПАР,144
wolt,ЗДОРОВЬЕ ГЛАЗ,ЗДОРОВЬЕ ГЛАЗ,144
wolt,КОРМ ДЛЯ ПТИЦ ,КОРМ ДЛЯ ПТИЦ ,144
wolt,ДЛЯ СНА,ДЛЯ СНА,144
wolt,КОРМА ДЛЯ КОШЕК 🐱 / Gourmet (Гурме),КОРМА ДЛЯ КОШЕК 🐱 / Gourmet (Гурме),144
wolt,БЫТОВАЯ ХИМИЯ / Кухонные принадлежности,БЫТОВАЯ ХИМИЯ / Кухонные принадлежности,144
wolt,ЛАКОМСТВА ДЛЯ ГРЫЗУНОВ 🐹,ЛАКОМСТВА ДЛЯ ГРЫЗУНОВ 🐹,144
wolt,"БАКАЛЕЯ 🍝 / МАСЛО ПОДСОЛНЕЧНОЕ И ОЛИВКОВОЕ","БАКАЛЕЯ 🍝 / МАСЛО ПОДСОЛНЕЧНОЕ И ОЛИВКОВОЕ",144
wolt,ДЛЯ ПОЧЕК,ДЛЯ ПОЧЕК,144
wolt, ЛАКОМСТВА ДЛЯ ГРЫЗУНОВ🐹, ЛАКОМСТВА ДЛЯ ГРЫЗУНОВ🐹,144
wolt,RAMADAN,RAMADAN,144
wolt,"ЧИПСЫ  / FLINT","ЧИПСЫ  / FLINT",144
wolt,"ВОДОРОСЛИ,РАСТЕНИЯ","ВОДОРОСЛИ,РАСТЕНИЯ",144
wolt,ТРЕНДОВЫЕ ДЕСЕРТЫ,ТРЕНДОВЫЕ ДЕСЕРТЫ,144
wolt,НАПОЛНИТЕЛИ ДЛЯ КОШАЧЬЕГО ТУАЛЕТА (В УПАКОВКЕ) / СИБИРСКАЯ КОШКА😺,НАПОЛНИТЕЛИ ДЛЯ КОШАЧЬЕГО ТУАЛЕТА (В УПАКОВКЕ) / СИБИРСКАЯ КОШКА😺,144
wolt,ПИРОГИ СЛАДКИЕ🥮,ПИРОГИ СЛАДКИЕ🥮,144
wolt,"ЛУБРИКАНТЫ, БАДы, ГИГИЕНА / ВОЗБУДИТЕЛИ И ПРОЛОНГАТОРЫ","ЛУБРИКАНТЫ, БАДы, ГИГИЕНА / ВОЗБУДИТЕЛИ И ПРОЛОНГАТОРЫ",144
wolt,ДЛЯ СУСТАВА,ДЛЯ СУСТАВА,144
wolt,ТОРТИКИ/СЛАДКИЕ ПИРОГИ/ЧИЗКЕЙКИ,ТОРТИКИ/СЛАДКИЕ ПИРОГИ/ЧИЗКЕЙКИ,144
wolt,Знакомство с Брендами,Знакомство с Брендами,144
wolt,ЛЕКАРСТВЕННЫЕ СРЕДСТВА 💊 / ИММУНОЛОГИЯ,ЛЕКАРСТВЕННЫЕ СРЕДСТВА 💊 / ИММУНОЛОГИЯ,144
wolt,КОРМА И ЛАКОМСТВА ДЛЯ ГРЫЗУНОВ / КОРМА ДЛЯ ГРЫЗУНОВ,КОРМА И ЛАКОМСТВА ДЛЯ ГРЫЗУНОВ / КОРМА ДЛЯ ГРЫЗУНОВ,144
wolt,ТОВАРЫ ДЛЯ ДОМА🏠 / Зажигалки,ТОВАРЫ ДЛЯ ДОМА🏠 / Зажигалки,144
wolt,СУХОЙ КОРМ ДЛЯ КОШЕК 🐱 / Pro Plan\Cat Chow🇷🇺,СУХОЙ КОРМ ДЛЯ КОШЕК 🐱 / Pro Plan\Cat Chow🇷🇺,144
wolt,СЛАДОСТИ / Bonne Maman Сладости,СЛАДОСТИ / Bonne Maman Сладости,144
wolt,СРЕДСТВА ДЛЯ ГИГИЕНЫ КОШЕК И СОБАК,СРЕДСТВА ДЛЯ ГИГИЕНЫ КОШЕК И СОБАК,144
wolt,"ВЛАЖНЫЙ КОРМ ДЛЯ КОШЕК 🐈 / Дарлинг\Felix🇷🇺","ВЛАЖНЫЙ КОРМ ДЛЯ КОШЕК 🐈 / Дарлинг\Felix🇷🇺",144
wolt,Товары для животных / Корм лакомство для питомцев,Товары для животных / Корм лакомство для питомцев,144
wolt,НАПИТКИ ГАЗИРОВАННЫЕ 🥤,НАПИТКИ ГАЗИРОВАННЫЕ 🥤,144
wolt,Антибиотики / Антибиотики,Антибиотики / Антибиотики,143
wolt,КОРМ ДЛЯ КОШЕК😺 / КОРМ СУХОЙ😺,КОРМ ДЛЯ КОШЕК😺 / КОРМ СУХОЙ😺,142
wolt,БУКЕТЫ XXL,БУКЕТЫ XXL,142
wolt,"ТОВАРЫ ДЛЯ ДОМА🏠 / Скатерти, полотенца","ТОВАРЫ ДЛЯ ДОМА🏠 / Скатерти, полотенца",142
wolt,ВЫГОДНО🔥🐾 / MURKEL TOFU🐱,ВЫГОДНО🔥🐾 / MURKEL TOFU🐱,141
wolt,ЧЕЧИЛ,ЧЕЧИЛ,141
wolt,ПОДГУЗНИКИ И САЛФЕТКИ,ПОДГУЗНИКИ И САЛФЕТКИ,141
wolt,Лекарственные средства / Лекарства от язвы,Лекарственные средства / Лекарства от язвы,141
wolt,МАСЛО. СЫР. ЯЙЦА / Элитные сыры,МАСЛО. СЫР. ЯЙЦА / Элитные сыры,140
wolt,ПОСУДА  / КРУЖКИ И БОКАЛЫ,ПОСУДА  / КРУЖКИ И БОКАЛЫ,139
wolt,ТОВАРЫ ДЛЯ ГРЫЗУНОВ  / КОРМА ДЛЯ ГРЫЗУНОВ,ТОВАРЫ ДЛЯ ГРЫЗУНОВ  / КОРМА ДЛЯ ГРЫЗУНОВ,139
wolt,ДЛЯ СТИРКИ 🧦,ДЛЯ СТИРКИ 🧦,139
wolt,МЯСНЫЕ ЗАКУСКИ🥓,МЯСНЫЕ ЗАКУСКИ🥓,139
wolt,Сиропы и Топпинги,Сиропы и Топпинги,139
wolt,"ГАСТРОНОМИЯ 🫓 /  МЯСО И КУРЫ","ГАСТРОНОМИЯ 🫓 /  МЯСО И КУРЫ",138
wolt,"    Товары для дома /         Губки, тряпки, щетки, скребки","    Товары для дома /         Губки, тряпки, щетки, скребки",138
wolt,Растительные масла для приема внутрь,Растительные масла для приема внутрь,138
wolt,"ФАЛОСЫ-СТРАПОНЫ							","ФАЛОСЫ-СТРАПОНЫ							",138
wolt,МЯСО И ПТИЦА 🥩 / Филе и нарезки,МЯСО И ПТИЦА 🥩 / Филе и нарезки,138
wolt,МАШИНКИ / Машины на р/у,МАШИНКИ / Машины на р/у,138
wolt,Корм Schesir🐱,Корм Schesir🐱,138
wolt,УХОД ЗА ВОЛОСАМИ🧴 / КОНДИЦИОНЕРЫ/БАЛЬЗАМЫ🪮,УХОД ЗА ВОЛОСАМИ🧴 / КОНДИЦИОНЕРЫ/БАЛЬЗАМЫ🪮,138
wolt,БЫТОВАЯ ХИМИЯ / ДЛЯ ПОСУДОМОЕЧНЫХ МАШИН,БЫТОВАЯ ХИМИЯ / ДЛЯ ПОСУДОМОЕЧНЫХ МАШИН,138
wolt,СНЭКИ / 🍡ЛАТЯО🦞,СНЭКИ / 🍡ЛАТЯО🦞,138
wolt,"МАСЛО, СЫР, ЯЙЦА / СЫР","МАСЛО, СЫР, ЯЙЦА / СЫР",138
wolt,ПРОДУКТЫ 🍜 / СОЕВЫЕ СОУСЫ 🍶,ПРОДУКТЫ 🍜 / СОЕВЫЕ СОУСЫ 🍶,138
wolt,ПИОНОМАНИЯ😃,ПИОНОМАНИЯ😃,138
wolt,ВСЕ ДЛЯ ГРЫЗУНОВ / Лакомства,ВСЕ ДЛЯ ГРЫЗУНОВ / Лакомства,138
wolt,"Снэки(Чипсы,семечки,попкорн) / Корейские снеки","Снэки(Чипсы,семечки,попкорн) / Корейские снеки",138
wolt,"БЫТОВАЯ ХИМИЯ И СРЕДСТВА ГИГИЕНЫ 🫧 / СРЕДСТВА ДЛЯ БРИТЬЯ","БЫТОВАЯ ХИМИЯ И СРЕДСТВА ГИГИЕНЫ 🫧 / СРЕДСТВА ДЛЯ БРИТЬЯ",138
wolt,ЖЕНСКИЕ СЕКС ИГРУШКИ  / ВИБРОПУЛИ И МИНИСТИМУЛЯТОРЫ,ЖЕНСКИЕ СЕКС ИГРУШКИ  / ВИБРОПУЛИ И МИНИСТИМУЛЯТОРЫ,138
wolt,"КАНЦЕЛЯРИЯ / РУЧКИ, КАРАНДАШИ, ПРИНАДЛЕЖНОСТИ","КАНЦЕЛЯРИЯ / РУЧКИ, КАРАНДАШИ, ПРИНАДЛЕЖНОСТИ",138
wolt,"СУБЛИМАЦИЯ, КИНДЕР И СЛАДОСТИ / СУБЛИМАЦИЯ","СУБЛИМАЦИЯ, КИНДЕР И СЛАДОСТИ / СУБЛИМАЦИЯ",138
wolt,ВИТАМИНЫ И БАДЫ,ВИТАМИНЫ И БАДЫ,138
wolt,МОРСКАЯ КАПУСТА,МОРСКАЯ КАПУСТА,138
wolt,Препараты Давления  / Сердечные,Препараты Давления  / Сердечные,138
wolt,КРЕМ ДЛЯ ЛИЦА 😊,КРЕМ ДЛЯ ЛИЦА 😊,138
wolt,ВЛАЖНЫЙ КОРМ ДЛЯ КОШЕК 🐈 / Gourmet\Гурмэ🇷🇺,ВЛАЖНЫЙ КОРМ ДЛЯ КОШЕК 🐈 / Gourmet\Гурмэ🇷🇺,138
wolt,ПУДРЫ И РУМЯНА,ПУДРЫ И РУМЯНА,138
wolt,КОНСТРУКТОР LEGO,КОНСТРУКТОР LEGO,138
wolt,Beauty линзы,Beauty линзы,138
wolt,УХОД ЗА ВОЛОСАМИ 💆🏻‍♀️,УХОД ЗА ВОЛОСАМИ 💆🏻‍♀️,138
wolt,БЫТОВАЯ ХИМИЯ / ДЛЯ МЫТЬЯ ПОСУДЫ,БЫТОВАЯ ХИМИЯ / ДЛЯ МЫТЬЯ ПОСУДЫ,138
wolt,УСТРОЙСТВА ВВОДА,УСТРОЙСТВА ВВОДА,138
wolt,ВЕТЕРИНАРНЫЕ ПРЕПАРАТЫ  / Капли двойного действия от паразитов,ВЕТЕРИНАРНЫЕ ПРЕПАРАТЫ  / Капли двойного действия от паразитов,138
wolt,БЕЛЬЕ И ОДЕЖДА / ПЭСТИСЫ,БЕЛЬЕ И ОДЕЖДА / ПЭСТИСЫ,138
wolt, Booster shot, Booster shot,138
wolt,ВЕТЕРИНАРНЫЕ ПРЕПАРАТЫ  / Глистагонные препараты для животных,ВЕТЕРИНАРНЫЕ ПРЕПАРАТЫ  / Глистагонные препараты для животных,138
wolt,КРЕПКИЙ АЛКОГОЛЬ,КРЕПКИЙ АЛКОГОЛЬ,137
wolt,ВОДА / Лечебная,ВОДА / Лечебная,137
wolt,Лекарственные средства / Седативные средства,Лекарственные средства / Седативные средства,137
wolt,АЛКОГОЛЬНЫЕ НАПИТКИ 🥂 / Текила,АЛКОГОЛЬНЫЕ НАПИТКИ 🥂 / Текила,137
wolt,СЛАДКОЕ 🍬 / Пирожное,СЛАДКОЕ 🍬 / Пирожное,136
wolt,Лекарственные средства / Противозачаточные препараты,Лекарственные средства / Противозачаточные препараты,136
wolt,МЫЛО🧼 / ТВЁРДОЕ,МЫЛО🧼 / ТВЁРДОЕ,136
wolt,ЛЕКАРСТВА И БАДЫ💊 / Лечение мочевыделительной системы,ЛЕКАРСТВА И БАДЫ💊 / Лечение мочевыделительной системы,135
wolt,ТОВАРЫ ДЛЯ ВЗРОСЛЫХ🔞,ТОВАРЫ ДЛЯ ВЗРОСЛЫХ🔞,135
wolt,ДЛЯ ПОЛОСТИ РТА 🦷,ДЛЯ ПОЛОСТИ РТА 🦷,135
wolt,Климакс,Климакс,135
wolt,РАСТВОРЫ 💧,РАСТВОРЫ 💧,135
wolt,ТОВАРЫ ДЛЯ ДОМА 🏠 / Репелленты,ТОВАРЫ ДЛЯ ДОМА 🏠 / Репелленты,134
wolt,Гортензия💠,Гортензия💠,133
wolt,СРЕДСТВА ГИГИЕНЫ / Салфетки влажные,СРЕДСТВА ГИГИЕНЫ / Салфетки влажные,133
wolt,Тонометры ,Тонометры ,133
wolt,"Овощи, фрукты, ягоды, грибы / Пастила ","Овощи, фрукты, ягоды, грибы / Пастила ",132
wolt,ВСЕ ДЛЯ ГРЫЗУНОВ / Корм,ВСЕ ДЛЯ ГРЫЗУНОВ / Корм,132
wolt,"ДЛЯ НЕЁ / ТРЕНАЖЕРЫ КЕГЕЛЯ И ВИБРОЯЙЦА","ДЛЯ НЕЁ / ТРЕНАЖЕРЫ КЕГЕЛЯ И ВИБРОЯЙЦА",132
wolt,АВТОТОВАРЫ 🚗 / Автозапчасти,АВТОТОВАРЫ 🚗 / Автозапчасти,132
wolt,"ИГРИСТОЕ ВИНО🍸 / Просекко","ИГРИСТОЕ ВИНО🍸 / Просекко",132
wolt,"АНАЛЬНЫЙ ПРОБКИ							","АНАЛЬНЫЙ ПРОБКИ							",132
wolt,ВЛАЖНЫЕ КОРМА ДЛЯ КОШЕК / INABA,ВЛАЖНЫЕ КОРМА ДЛЯ КОШЕК / INABA,132
wolt,"БЫТОВАЯ ХИМИЯ И СРЕДСТВА ГИГИЕНЫ 🫧 / ПОДГУЗНИКИ ДЛЯ ДЕТЕЙ","БЫТОВАЯ ХИМИЯ И СРЕДСТВА ГИГИЕНЫ 🫧 / ПОДГУЗНИКИ ДЛЯ ДЕТЕЙ",132
wolt,СЛАДОСТИ 🍰 / ПЕЧЕНЬКИ/СНЭКИ,СЛАДОСТИ 🍰 / ПЕЧЕНЬКИ/СНЭКИ,132
wolt,БАТАРЕЙКИ,БАТАРЕЙКИ,132
wolt,СОРБЕТЫ,СОРБЕТЫ,132
wolt,Лекарственные средства / Препараты от анемии,Лекарственные средства / Препараты от анемии,132
wolt,ШАРИКИ 🎈 / АКЦИЯ🎁,ШАРИКИ 🎈 / АКЦИЯ🎁,132
wolt,"СВЕЧИ 🕯️ / КЛАССИЧЕСКИЕ","СВЕЧИ 🕯️ / КЛАССИЧЕСКИЕ",132
wolt,"НАПИТКИ 🥤 / ЧАЙ ХОЛОДНЫЙ","НАПИТКИ 🥤 / ЧАЙ ХОЛОДНЫЙ",132
wolt,ТОРТИКИ 🎂,ТОРТИКИ 🎂,132
wolt, ГОТОВАЯ ЕДА 🍜, ГОТОВАЯ ЕДА 🍜,132
wolt,Вата Бинт Салфетки стерильные (нестерильные),Вата Бинт Салфетки стерильные (нестерильные),132
wolt,ВЛАЖНЫЙ КОРМ ДЛЯ КОШЕК 🐈 / Purina Felix/Darling,ВЛАЖНЫЙ КОРМ ДЛЯ КОШЕК 🐈 / Purina Felix/Darling,132
wolt,"ПИВО / БЕЗАЛКОГОЛЬНОЕ","ПИВО / БЕЗАЛКОГОЛЬНОЕ",132
wolt,КОРМА И ЛАКОМСТВА ДЛЯ ГРЫЗУНОВ / ЛАКОСТВА ДЛЯ ГРЫЗУНОВ,КОРМА И ЛАКОМСТВА ДЛЯ ГРЫЗУНОВ / ЛАКОСТВА ДЛЯ ГРЫЗУНОВ,132
wolt,"АНАЛЬНЫЕ СМАЗКИ							","АНАЛЬНЫЕ СМАЗКИ							",132
wolt,ЧЕЧИЛ И РЫБА ВЕСОВОЕ,ЧЕЧИЛ И РЫБА ВЕСОВОЕ,132
wolt,"    Бакалея /         Мука","    Бакалея /         Мука",132
wolt,УРА! СНОВА В ШКОЛУ! / Первый звонок! Снова в школу!,УРА! СНОВА В ШКОЛУ! / Первый звонок! Снова в школу!,132
wolt,БАКАЛЕЯ / СОЛЬ,БАКАЛЕЯ / СОЛЬ,132
wolt,"БУЛОЧКИ 🥯","БУЛОЧКИ 🥯",132
wolt,УБОРКА ДЛЯ ДОМА 🧼 / БЫТОВАЯ ХИМИЯ,УБОРКА ДЛЯ ДОМА 🧼 / БЫТОВАЯ ХИМИЯ,132
wolt,ВЕСОВОЙ КОРМ ДЛЯ КОШЕК🐱,ВЕСОВОЙ КОРМ ДЛЯ КОШЕК🐱,132
wolt,ЗАМОРОЗКА ❄️,ЗАМОРОЗКА ❄️,132
wolt,"Снэки(Чипсы,семечки,попкорн) / Lays","Снэки(Чипсы,семечки,попкорн) / Lays",132
wolt,ВИТАМИНЫ И ДОБАВКИ,ВИТАМИНЫ И ДОБАВКИ,132
wolt,СУХОЙ КОРМ ДЛЯ СОБАК 🐩,СУХОЙ КОРМ ДЛЯ СОБАК 🐩,132
wolt,ЖЕНСКОЕ БЕЛЬЁ и ПАРИКИ,ЖЕНСКОЕ БЕЛЬЁ и ПАРИКИ,132
wolt,КРАСОТА И ГИГИЕНА 🧴 / ГУБЫ,КРАСОТА И ГИГИЕНА 🧴 / ГУБЫ,132
wolt,БЫТОВАЯ ХИМИЯ / ДЛЯ МЫТЬЯ ПОЛА,БЫТОВАЯ ХИМИЯ / ДЛЯ МЫТЬЯ ПОЛА,132
wolt,ВСЕ ДЛЯ ПТИЦ  / Лакомства,ВСЕ ДЛЯ ПТИЦ  / Лакомства,132
wolt,ТОВАРЫ ДЛЯ ДОМА 🏠 / Сумка-холодильник,ТОВАРЫ ДЛЯ ДОМА 🏠 / Сумка-холодильник,132
wolt,СУХИЕ КОРМА ДЛЯ СОБАК (РАЗВЕС)🐕,СУХИЕ КОРМА ДЛЯ СОБАК (РАЗВЕС)🐕,132
wolt,НАБОРЫ👝,НАБОРЫ👝,132
wolt,ПОЛУФАБРИКАТЫ СЫМБАТ ЕТ / Полуфабрикаты,ПОЛУФАБРИКАТЫ СЫМБАТ ЕТ / Полуфабрикаты,132
wolt,ВЛАЖНЫЙ КОРМ ДЛЯ КОШЕК 🐈 / PRO PLAN,ВЛАЖНЫЙ КОРМ ДЛЯ КОШЕК 🐈 / PRO PLAN,132
wolt,СМАЗКИ / ПРОЛОНГИРУЮЩИЕ,СМАЗКИ / ПРОЛОНГИРУЮЩИЕ,132
wolt,СЕКСУАЛЬНЫЕ ПОДАРКИ / Подарочные сертификаты,СЕКСУАЛЬНЫЕ ПОДАРКИ / Подарочные сертификаты,132
wolt,Колбасы и сосиски / Полукопченые колбасы,Колбасы и сосиски / Полукопченые колбасы,132
wolt,ЛЕЧЕБНЫЕ КРЕМЫ И МАЗИ,ЛЕЧЕБНЫЕ КРЕМЫ И МАЗИ,132
wolt,Уходовая косметика / Дезодорант и Парфюм,Уходовая косметика / Дезодорант и Парфюм,131
wolt,"Замороженная продукция / Выпечка","Замороженная продукция / Выпечка",131
wolt,КОСМЕТИКА 🎀 / МИСТЫ 💧,КОСМЕТИКА 🎀 / МИСТЫ 💧,131
wolt,Бакалея / Мука,Бакалея / Мука,130
wolt,Лекарственные средства / Лекарства от псориаза и экземы,Лекарственные средства / Лекарства от псориаза и экземы,130
wolt,ДИАБЕТИЧЕСКИЕ ПРОДУКТЫ / ДИАБЕТИЧЕСКИЕ БАТОНЧИКИ,ДИАБЕТИЧЕСКИЕ ПРОДУКТЫ / ДИАБЕТИЧЕСКИЕ БАТОНЧИКИ,130
wolt,ПИРОГИ ЧЕТВЕРТИНКИ 2,ПИРОГИ ЧЕТВЕРТИНКИ 2,130
wolt,"ТОВАРЫ ДЛЯ ЖИВОТНЫХ 🐾 / Для кошек","ТОВАРЫ ДЛЯ ЖИВОТНЫХ 🐾 / Для кошек",129
wolt,СУХОЙ КОРМ ДЛЯ КОШЕК (НА РАЗВЕС) 🐈 / FARMINA😺,СУХОЙ КОРМ ДЛЯ КОШЕК (НА РАЗВЕС) 🐈 / FARMINA😺,129
wolt,"ВОДА, СОКИ, НАПИТКИ 🥤 / Фруктовые чаи, кофе","ВОДА, СОКИ, НАПИТКИ 🥤 / Фруктовые чаи, кофе",129
wolt,ПРЕЗЕРВАТИВЫ и ЛУБРИКАНТЫ,ПРЕЗЕРВАТИВЫ и ЛУБРИКАНТЫ,129
wolt,КОПЧЕНАЯ РЫБА,КОПЧЕНАЯ РЫБА,128
wolt,Алкоголь / Настойки и ликеры,Алкоголь / Настойки и ликеры,128
wolt,НАПИТКИ В БАНКАХ,НАПИТКИ В БАНКАХ,126
wolt,ВЛАЖНЫЙ КОРМ ДЛЯ КОШЕК 🐱 / ДЕРЕВЕНСКИЕ ЛАКОМСТВА🐱,ВЛАЖНЫЙ КОРМ ДЛЯ КОШЕК 🐱 / ДЕРЕВЕНСКИЕ ЛАКОМСТВА🐱,126
wolt,ВОДА БЕЗ ГАЗА 🫗,ВОДА БЕЗ ГАЗА 🫗,126
wolt,"ЗЕЛЕНЬ 🥬","ЗЕЛЕНЬ 🥬",126
wolt,УХОД ЗА ТЕЛОМ 🧼,УХОД ЗА ТЕЛОМ 🧼,126
wolt,НАПИТКИ / Газировки/Лимонады,НАПИТКИ / Газировки/Лимонады,126
wolt,СЫРКИ,СЫРКИ,126
wolt,ОДНОДНЕВНЫЕ ЛИНЗЫ,ОДНОДНЕВНЫЕ ЛИНЗЫ,126
wolt,ДЛЯ ДОМА 🏠,ДЛЯ ДОМА 🏠,126
wolt,ПРОТИВОПАРАЗИТАРНЫЕ ПРЕПАРАТЫ ,ПРОТИВОПАРАЗИТАРНЫЕ ПРЕПАРАТЫ ,126
wolt,ПИРОГИ 🥮 / Половинки пирогов 26см,ПИРОГИ 🥮 / Половинки пирогов 26см,126
wolt,БЫТОВАЯ ХИМИЯ🧼 / ЗУБНЫЕ ПАСТЫ 🪥,БЫТОВАЯ ХИМИЯ🧼 / ЗУБНЫЕ ПАСТЫ 🪥,126
wolt,МОЛОКО И ЯЙЦО 🥚 / МОЛОЧНЫЙ КОКТЕЙЛЬ	,МОЛОКО И ЯЙЦО 🥚 / МОЛОЧНЫЙ КОКТЕЙЛЬ	,126
wolt,КОРМА НА РАЗВЕС / ROYAL CANIN,КОРМА НА РАЗВЕС / ROYAL CANIN,126
wolt,СУХИЕ КОРМА ДЛЯ КОШЕК (РАЗВЕС)🐈,СУХИЕ КОРМА ДЛЯ КОШЕК (РАЗВЕС)🐈,126
wolt,АЛКОГОЛЬНЫЕ НАПИТКИ🥂 / Ром,АЛКОГОЛЬНЫЕ НАПИТКИ🥂 / Ром,126
wolt,"АЛКОГОЛЬНЫЕ НАПИТКИ 🥃 / РОМ","АЛКОГОЛЬНЫЕ НАПИТКИ 🥃 / РОМ",126
wolt,ТАБАЧНЫЕ ИЗДЕЛИЯ / СИГАРЕТЫ,ТАБАЧНЫЕ ИЗДЕЛИЯ / СИГАРЕТЫ,126
wolt,Электроника / Другая электроника,Электроника / Другая электроника,126
wolt,ВЛАЖНЫЙ КОРМ ДЛЯ КОШЕК 🐈 / Pro Plan🇷🇺,ВЛАЖНЫЙ КОРМ ДЛЯ КОШЕК 🐈 / Pro Plan🇷🇺,126
wolt,"КОНДИТЕРСКИЕ ИЗДЕЛИЯ 🍪 / РЕЗИНКА ЖЕВАТЕЛЬНАЯ","КОНДИТЕРСКИЕ ИЗДЕЛИЯ 🍪 / РЕЗИНКА ЖЕВАТЕЛЬНАЯ",126
wolt,"КОНДИТЕРСКИЕ ИЗДЕЛИЯ 🍪 / ТОРТЫ И ПИРОГИ","КОНДИТЕРСКИЕ ИЗДЕЛИЯ 🍪 / ТОРТЫ И ПИРОГИ",126
wolt,Алкоголь / Текила и джин,Алкоголь / Текила и джин,126
wolt, Take Away Box, Take Away Box,126
wolt,"    Хлеб, выпечка, печенье /         Хлебцы, слайсы","    Хлеб, выпечка, печенье /         Хлебцы, слайсы",126
wolt,СВЕЧИ ИНТЕРЬЕРНЫЕ 🕯 ,СВЕЧИ ИНТЕРЬЕРНЫЕ 🕯 ,126
wolt,ДЛЯ ДОМА 🏡,ДЛЯ ДОМА 🏡,126
wolt,ГЛАЗНЫЕ КАПЛИ и МАЗИ ,ГЛАЗНЫЕ КАПЛИ и МАЗИ ,126
wolt,КОРМА ДЛЯ КОШЕК 🐱 / Best Dinner (Бэст Диннер),КОРМА ДЛЯ КОШЕК 🐱 / Best Dinner (Бэст Диннер),126
wolt,СТИРАЛЬНЫЕ ПОРОШКИ 🧼,СТИРАЛЬНЫЕ ПОРОШКИ 🧼,126
wolt,НАПИТКИ НЕГАЗИРОВАННЫЕ 🧃 / ХОЛОДНЫЙ ЧАЙ,НАПИТКИ НЕГАЗИРОВАННЫЕ 🧃 / ХОЛОДНЫЙ ЧАЙ,126
wolt,МАКАРОНС ❤️,МАКАРОНС ❤️,126
wolt,ГЕРОИ / Персонажи мультфильмов,ГЕРОИ / Персонажи мультфильмов,126
wolt,ВОДА / Столовая питьевая,ВОДА / Столовая питьевая,126
wolt,ПЕЛЁНКИ ,ПЕЛЁНКИ ,126
wolt,ОВОЩИ И ЯГОДЫ 🫑🍓,ОВОЩИ И ЯГОДЫ 🫑🍓,126
wolt,ВЛАЖНЫЕ КОРМА 🫘 / SHEBA,ВЛАЖНЫЕ КОРМА 🫘 / SHEBA,126
wolt,СТЕКЛО🪞,СТЕКЛО🪞,126
wolt,Авторские букеты🥰,Авторские букеты🥰,126
wolt,КРЕМАН 🍹,КРЕМАН 🍹,126
wolt,УХОД И ГИГИЕНА  / Уходовые шампуни для кошек и собак,УХОД И ГИГИЕНА  / Уходовые шампуни для кошек и собак,126
wolt,Лакомства для собак,Лакомства для собак,126
wolt,"ВЛАЖНЫЙ КОРМ ДЛЯ КОШЕК 🐈 / Ветеринарные диеты","ВЛАЖНЫЙ КОРМ ДЛЯ КОШЕК 🐈 / Ветеринарные диеты",126
wolt,Bioderma / Sebium,Bioderma / Sebium,126
wolt,ИГРУШКИ 🧸 / Игрушки,ИГРУШКИ 🧸 / Игрушки,126
wolt,ДЕТСКИЕ ПОДГУЗНИКИ И САЛФЕТКИ 🚼,ДЕТСКИЕ ПОДГУЗНИКИ И САЛФЕТКИ 🚼,126
wolt,НАПОЛНИТЕЛИ 🧻 / Тофу (соевые),НАПОЛНИТЕЛИ 🧻 / Тофу (соевые),126
wolt,ДЛЯ ОЧИЩЕНИЯ И СНЯТИЯ МАКИЯЖА 🧼,ДЛЯ ОЧИЩЕНИЯ И СНЯТИЯ МАКИЯЖА 🧼,126
wolt,КОРМ ДЛЯ СОБАК 🐶,КОРМ ДЛЯ СОБАК 🐶,126
wolt,ШТУЧНЫЕ ЭКЛЕРЫ,ШТУЧНЫЕ ЭКЛЕРЫ,125
wolt,"ТЕМПЕРАТУРА и БОЛЬ / Таблетки, капсулы","ТЕМПЕРАТУРА и БОЛЬ / Таблетки, капсулы",125
wolt,АЛКОГОЛЬНЫЕ НАПИТКИ 🥂 / Джин,АЛКОГОЛЬНЫЕ НАПИТКИ 🥂 / Джин,125
wolt,СУХИЕ КОРМА ДЛЯ КОШЕК / GRANDORF ,СУХИЕ КОРМА ДЛЯ КОШЕК / GRANDORF ,125
wolt,Товары для детей / Детская гигиена,Товары для детей / Детская гигиена,125
wolt,ТОВАРЫ ДЛЯ ДОМА / ВСЕ ДЛЯ ВАННЫ ,ТОВАРЫ ДЛЯ ДОМА / ВСЕ ДЛЯ ВАННЫ ,125
wolt,"ХЛОПЬЯ И ГРАНОЛА🥣","ХЛОПЬЯ И ГРАНОЛА🥣",124
wolt,ФРУКТЫ_И_ЯГОДЫ / Ягоды,ФРУКТЫ_И_ЯГОДЫ / Ягоды,124
wolt,"Вата, Бинты, Марля","Вата, Бинты, Марля",123
wolt,ДЕЗИНФИЦИРУЮЩИЕ СРЕДСТВА🧴,ДЕЗИНФИЦИРУЮЩИЕ СРЕДСТВА🧴,123
wolt,НЕДЕЛЬНЫЕ АКЦИИ💯,НЕДЕЛЬНЫЕ АКЦИИ💯,123
wolt,"МАСЛО, СЫР, ЯИЦА 🥚 / Яйца","МАСЛО, СЫР, ЯИЦА 🥚 / Яйца",123
wolt,АЛКОГОЛЬ 🥃 / Ликер,АЛКОГОЛЬ 🥃 / Ликер,122
wolt,СНЕКИ 🍿 / Чипсы из водорослей,СНЕКИ 🍿 / Чипсы из водорослей,122
wolt,Табачная продукци / Сигары ,Табачная продукци / Сигары ,122
wolt,МЕДОВУХИ,МЕДОВУХИ,122
wolt,Уходовая косметика / Косметика,Уходовая косметика / Косметика,122
wolt,ПОСУДА И ДРУГАЯ МЕЛОЧЬ 🍽️,ПОСУДА И ДРУГАЯ МЕЛОЧЬ 🍽️,122
wolt,УХОД ЗА ЛИЦОМ💆🏻‍♀️ / Защита от солнца и автозагары,УХОД ЗА ЛИЦОМ💆🏻‍♀️ / Защита от солнца и автозагары,122
wolt,СУХОЙ КОРМ ДЛЯ КОШЕК (НА РАЗВЕС) 🐈 / ME-O😺,СУХОЙ КОРМ ДЛЯ КОШЕК (НА РАЗВЕС) 🐈 / ME-O😺,122
wolt,ВОДА И НАПИТКИ / Холодный чай и кофе,ВОДА И НАПИТКИ / Холодный чай и кофе,122
wolt,Original • Капсулы / BORBONE,Original • Капсулы / BORBONE,122
wolt,АЛКОГОЛЬ🍷 / Джин,АЛКОГОЛЬ🍷 / Джин,122
wolt,🐶СУХОЙ КОРМ ДЛЯ СОБАК (В УПАКОВКЕ)🐶 / MONGE🐕‍🦺,🐶СУХОЙ КОРМ ДЛЯ СОБАК (В УПАКОВКЕ)🐶 / MONGE🐕‍🦺,122
wolt,СТОП КАШЕЛЬ😷,СТОП КАШЕЛЬ😷,121
wolt,СЛОЕННАЯ ВЫПЕЧКА,СЛОЕННАЯ ВЫПЕЧКА,121
wolt,ВЕТЕРИНАРНАЯ ЛИНЕЙКА КОРМОВ,ВЕТЕРИНАРНАЯ ЛИНЕЙКА КОРМОВ,120
wolt,Акционные наборы,Акционные наборы,120
wolt,УХОД ЗА ВОЛОСАМИ 💇🏻,УХОД ЗА ВОЛОСАМИ 💇🏻,120
wolt,ТВОРЧЕСТВО  / Выжигание по дереву,ТВОРЧЕСТВО  / Выжигание по дереву,120
wolt,БЕЛЬЕ И ОДЕЖДА / БРЕНДОВАЯ ОДЕЖДА,БЕЛЬЕ И ОДЕЖДА / БРЕНДОВАЯ ОДЕЖДА,120
wolt,"ПИРОЖКИ 🥙","ПИРОЖКИ 🥙",120
wolt,КОСМЕТИКА💄,КОСМЕТИКА💄,120
wolt,ВЛАЖНЫЙ КОРМ ДЛЯ КОШЕК 🐱 / PROBALANCE😺,ВЛАЖНЫЙ КОРМ ДЛЯ КОШЕК 🐱 / PROBALANCE😺,120
wolt,КРЕМА,КРЕМА,120
wolt,"ВЛАЖНЫЙ КОРМ ДЛЯ КОШЕК 🐈 / Monge\Gemon🇮🇹","ВЛАЖНЫЙ КОРМ ДЛЯ КОШЕК 🐈 / Monge\Gemon🇮🇹",120
wolt,ПРОТИВОГРИБКОВЫЕ ПРЕПАРАТЫ 💊,ПРОТИВОГРИБКОВЫЕ ПРЕПАРАТЫ 💊,120
wolt,БЕЗАЛКОГОЛЬНЫЕ НАПИТКИ / ТОНИКИ,БЕЗАЛКОГОЛЬНЫЕ НАПИТКИ / ТОНИКИ,120
wolt,ВЛАЖНЫЙ КОРМ ДЛЯ КОШЕК 🐈 / Me-O,ВЛАЖНЫЙ КОРМ ДЛЯ КОШЕК 🐈 / Me-O,120
wolt,ГИГИЕНА 🧴,ГИГИЕНА 🧴,120
wolt,Наборы,Наборы,120
wolt,СКИДКИ✨,СКИДКИ✨,120
wolt,Экохимия и натуральный уход / Уход за телом,Экохимия и натуральный уход / Уход за телом,120
wolt,ОНИГИРИ 🍙,ОНИГИРИ 🍙,120
wolt,Алкогольные напитки / Джин,Алкогольные напитки / Джин,120
wolt,ЭРОТИЧЕСКОЕ БЕЛЬЕ / Наборы для ролевых игр,ЭРОТИЧЕСКОЕ БЕЛЬЕ / Наборы для ролевых игр,120
wolt,ЗДОРОВОЕ ПИТАНИЕ 🥗 / Диабетическая диета,ЗДОРОВОЕ ПИТАНИЕ 🥗 / Диабетическая диета,120
wolt,ВЛАЖНЫЙ КОРМ ДЛЯ КОШЕК 🐈 / Sheba,ВЛАЖНЫЙ КОРМ ДЛЯ КОШЕК 🐈 / Sheba,120
wolt,"14 февраля","14 февраля",120
wolt,"КОСМЕТИКА,ПАРФЮМЕРИЯ / УХОД ЗА ВОЛОСАМИ","КОСМЕТИКА,ПАРФЮМЕРИЯ / УХОД ЗА ВОЛОСАМИ",120
wolt,СМАЗКИ / СОГРЕВАЮЩИЕ,СМАЗКИ / СОГРЕВАЮЩИЕ,120
wolt,БЕЗАЛКОГОЛЬНЫЕ НАПИТКИ🧃,БЕЗАЛКОГОЛЬНЫЕ НАПИТКИ🧃,120
wolt,ДИФФУЗОРЫ ,ДИФФУЗОРЫ ,120
wolt,"ДЛЯ НЕЁ / ВАКУУМНЫЕ СТИМУЛЯТОРЫ","ДЛЯ НЕЁ / ВАКУУМНЫЕ СТИМУЛЯТОРЫ",120
wolt,"    Товары для дома /         Салфетки, полотенца бумажные","    Товары для дома /         Салфетки, полотенца бумажные",120
wolt,БРЕНДИ,БРЕНДИ,120
wolt,"БАКАЛЕЯ 🍝 / РЫБНЫЕ КОНСЕРВЫ","БАКАЛЕЯ 🍝 / РЫБНЫЕ КОНСЕРВЫ",120
wolt,КОРМ ДЛЯ ГРЫЗУНОВ ,КОРМ ДЛЯ ГРЫЗУНОВ ,120
wolt,"ПОЛУФАБРИКАТЫ","ПОЛУФАБРИКАТЫ",120
wolt,СНЭКИ,СНЭКИ,120
wolt,КОСМЕТИКА💄 / СПФ,КОСМЕТИКА💄 / СПФ,120
wolt,УХОД ЗА ТЕЛОМ🧴 / Парфюм,УХОД ЗА ТЕЛОМ🧴 / Парфюм,120
wolt,"ДОМ, ДАЧА, АВТО / КОЛГОТКИ, ЧУЛКИ, НОСКИ","ДОМ, ДАЧА, АВТО / КОЛГОТКИ, ЧУЛКИ, НОСКИ",120
wolt,УБОРКА ДЛЯ ДОМА 🧼 / Другое,УБОРКА ДЛЯ ДОМА 🧼 / Другое,120
wolt,ЛАКОМСТВА ДЛЯ КОШЕК / Me-O,ЛАКОМСТВА ДЛЯ КОШЕК / Me-O,120
wolt,"МОЛОКО 🥛","МОЛОКО 🥛",120
wolt,ЭЛЕКТРОТОВАРЫ🔋,ЭЛЕКТРОТОВАРЫ🔋,120
wolt,ХЛЕБ / Классический,ХЛЕБ / Классический,119
wolt,АЛКОГОЛЬНЫЕ НАПИТКИ🥂 / Вермут,АЛКОГОЛЬНЫЕ НАПИТКИ🥂 / Вермут,119
wolt,Лекарственные средства / Энтеросорбенты,Лекарственные средства / Энтеросорбенты,119
wolt,Лекарственные средства / Лекарства от гастрита,Лекарственные средства / Лекарства от гастрита,119
wolt,Лекарственные средства / Средства от насморка для детей,Лекарственные средства / Средства от насморка для детей,119
wolt,ВЛАЖНЫЙ КОРМ ДЛЯ КОШЕК 🐱 / ALPHAPET😻,ВЛАЖНЫЙ КОРМ ДЛЯ КОШЕК 🐱 / ALPHAPET😻,118
wolt,АЛКОГОЛЬ🍷 / Ликеры,АЛКОГОЛЬ🍷 / Ликеры,118
wolt,НАПИТКИ🥤 / ХОЛОДНЫЕ ЧАИ ,НАПИТКИ🥤 / ХОЛОДНЫЕ ЧАИ ,118
wolt,СЛАДКАЯ ВЫПЕЧКА 🥧,СЛАДКАЯ ВЫПЕЧКА 🥧,117
wolt,ИГРУШКИ ⚾ / Игрушки для кошек🐱,ИГРУШКИ ⚾ / Игрушки для кошек🐱,117
wolt,СНЕКИ 🍿 / Кукурузные палочки,СНЕКИ 🍿 / Кукурузные палочки,117
wolt,ДЛЯ МАТЕРИ И РЕБЕНКА🍼 / Подгузники и пеленки,ДЛЯ МАТЕРИ И РЕБЕНКА🍼 / Подгузники и пеленки,116
wolt,ВЛАЖНЫЙ КОРМ ДЛЯ КОШЕК 🐱 / AlphaPet😻,ВЛАЖНЫЙ КОРМ ДЛЯ КОШЕК 🐱 / AlphaPet😻,116
wolt,ГИНЕКОЛОГИЯ И УРОЛОГИЯ,ГИНЕКОЛОГИЯ И УРОЛОГИЯ,115
wolt,Гейзерные кофеварки / Bialetti,Гейзерные кофеварки / Bialetti,115
wolt,Dolce Gusto • Капсулы / NESCAFE,Dolce Gusto • Капсулы / NESCAFE,115
wolt,БРАСЛЕТЫ,БРАСЛЕТЫ,115
wolt,"Дом, дача, авто / Цветы","Дом, дача, авто / Цветы",115
wolt,Растворы для линз,Растворы для линз,115
wolt,ТОВАРЫ ДЛЯ КУХНИ 🏡 / Ножи,ТОВАРЫ ДЛЯ КУХНИ 🏡 / Ножи,114
wolt,ТОВАРЫ ДЛЯ КУХНИ 🏡 / Лопатки,ТОВАРЫ ДЛЯ КУХНИ 🏡 / Лопатки,114
wolt,ТОВАРЫ ДЛЯ КУХНИ 🏡 / Аксессуары,ТОВАРЫ ДЛЯ КУХНИ 🏡 / Аксессуары,114
wolt,"Ореховые Пасты, Урбечи и Хумусы","Ореховые Пасты, Урбечи и Хумусы",114
wolt,ВЫГОДНО🔥🐾 / LUCKY CAT🐱,ВЫГОДНО🔥🐾 / LUCKY CAT🐱,114
wolt,ГИГИЕНА И БЫТОВАЯ ХИМИЯ 🧼 / Корм для кошек,ГИГИЕНА И БЫТОВАЯ ХИМИЯ 🧼 / Корм для кошек,114
wolt,НАПИТКИ 🥤 / ХОЛОДНЫЙ ЧАЙ,НАПИТКИ 🥤 / ХОЛОДНЫЙ ЧАЙ,114
wolt,УХОД ДЛЯ РУК 💅,УХОД ДЛЯ РУК 💅,114
wolt,"Продукция "" DOPPELHERZ""","Продукция "" DOPPELHERZ""",114
wolt,ДЛЯ МАМЫ И РЕБЕНКА 👩🏻‍🍼 / ДЛЯ МАМ,ДЛЯ МАМЫ И РЕБЕНКА 👩🏻‍🍼 / ДЛЯ МАМ,114
wolt,ВЛАЖНЫЙ КОРМ ДЛЯ КОШЕК 🐈 / Inaba🇯🇵,ВЛАЖНЫЙ КОРМ ДЛЯ КОШЕК 🐈 / Inaba🇯🇵,114
wolt,РАСТВОРЫ 💎,РАСТВОРЫ 💎,114
wolt,ДЛЯ НЕЕ / ВИБРАТОРЫ,ДЛЯ НЕЕ / ВИБРАТОРЫ,114
wolt,УХОД ЗА ТЕЛОМ🫧 / ГИГИЕНА ПОЛОСТИ РТА,УХОД ЗА ТЕЛОМ🫧 / ГИГИЕНА ПОЛОСТИ РТА,114
wolt,МЕСКАЛЬ 🍸,МЕСКАЛЬ 🍸,114
wolt,МЕДИЦИНСКИЕ ИЗДЕЛИЯ И МЕДТЕХНИКА💉 / Изделия по уходу за больными,МЕДИЦИНСКИЕ ИЗДЕЛИЯ И МЕДТЕХНИКА💉 / Изделия по уходу за больными,114
wolt,МАТЧА | ХОДЗИЧА,МАТЧА | ХОДЗИЧА,114
wolt,ВИСКИ И БУРБОН🥃,ВИСКИ И БУРБОН🥃,114
wolt,МАКАРОН,МАКАРОН,114
wolt,ЛУБРИКАНТ ВАГИНАЛЬНЫЕ,ЛУБРИКАНТ ВАГИНАЛЬНЫЕ,114
wolt,ЛОТКИ И ТУАЛЕТЫ 🚽,ЛОТКИ И ТУАЛЕТЫ 🚽,114
wolt,ТВОРЧЕСТВО  / Алмазная мозаика,ТВОРЧЕСТВО  / Алмазная мозаика,114
wolt,Bioderma / Atoderm,Bioderma / Atoderm,114
wolt,ЗАМОРОЗКА❄️,ЗАМОРОЗКА❄️,114
wolt,"БЫТОВАЯ ЭКО- ХИМИЯ, ЭПСОМ СОЛЬ, УХОДОВАЯ ЛИНИЯ.","БЫТОВАЯ ЭКО- ХИМИЯ, ЭПСОМ СОЛЬ, УХОДОВАЯ ЛИНИЯ.",114
wolt,Табачная продукция / Зажигалки и спички,Табачная продукция / Зажигалки и спички,114
wolt,"ИГРИСТОЕ ВИНО🍸 / Шампань","ИГРИСТОЕ ВИНО🍸 / Шампань",114
wolt,Лекарственные средства / Препараты от геморроя,Лекарственные средства / Препараты от геморроя,114
wolt,ЧИСТЯЩИЕ СРЕДСТА 🧽,ЧИСТЯЩИЕ СРЕДСТА 🧽,114
wolt,Лекарственные средства / Лекарства от стенокардии,Лекарственные средства / Лекарства от стенокардии,114
wolt,ШАРИКИ 🎈 / Шары с надписью,ШАРИКИ 🎈 / Шары с надписью,114
wolt,ЭКО-ДЕКОР ДЛЯ ДОМАШНЕГО УЮТА 🏡 / СВЕЧИ,ЭКО-ДЕКОР ДЛЯ ДОМАШНЕГО УЮТА 🏡 / СВЕЧИ,114
wolt,"Кепка, панама, шляпа, Очки / Очки","Кепка, панама, шляпа, Очки / Очки",114
wolt,ЛЕКАРСТВА ДЛЯ ОРГАНОВ БРЮШНОЙ ПОЛОСТИ,ЛЕКАРСТВА ДЛЯ ОРГАНОВ БРЮШНОЙ ПОЛОСТИ,114
wolt,"БАКАЛЕЯ 🍝 / ТОМАТНАЯ ПАСТА","БАКАЛЕЯ 🍝 / ТОМАТНАЯ ПАСТА",114
wolt,СРЕДСТВА ЛИЧНОЙ ГИГИЕНЫ 🧽 / ЛИЧНАЯ ГИГИЕНА,СРЕДСТВА ЛИЧНОЙ ГИГИЕНЫ 🧽 / ЛИЧНАЯ ГИГИЕНА,114
wolt,СУХОЙ КОРМ ДЛЯ КОШЕК 🐱 / Royal Canin🇫🇷,СУХОЙ КОРМ ДЛЯ КОШЕК 🐱 / Royal Canin🇫🇷,114
wolt,КОСМЕТИКА 🎀 / ТОЧЕЧНЫЕ СРЕДСТВА 🌟,КОСМЕТИКА 🎀 / ТОЧЕЧНЫЕ СРЕДСТВА 🌟,114
wolt,КОРМА ДЛЯ КОШЕК 🐱 / Blitz (Блитц),КОРМА ДЛЯ КОШЕК 🐱 / Blitz (Блитц),114
wolt,СТРОИТЕЛЬСТВО И РЕМОНТ / ГАЙКОВЕРТЫ,СТРОИТЕЛЬСТВО И РЕМОНТ / ГАЙКОВЕРТЫ,114
wolt,КОРМ ДЛЯ ПТИЦ 🐦‍⬛,КОРМ ДЛЯ ПТИЦ 🐦‍⬛,114
wolt,Лекарственные средства / Лекарства от гриппа,Лекарственные средства / Лекарства от гриппа,113
wolt,Лекарственные средства / Лекарства от цистита,Лекарственные средства / Лекарства от цистита,112
wolt,НАПИТКИ 🥤 / ВОДА 🧊,НАПИТКИ 🥤 / ВОДА 🧊,112
wolt,ДЛЯ ГРЫЗУНОВ 🐇 / Корма для грызунов ,ДЛЯ ГРЫЗУНОВ 🐇 / Корма для грызунов ,112
wolt,ПЕЛЁНКИ И ПОДГУЗНИКИ ДЛЯ ЖИВОТНЫХ,ПЕЛЁНКИ И ПОДГУЗНИКИ ДЛЯ ЖИВОТНЫХ,112
wolt,МИСКИ ДЛЯ КОШЕК И СОБАК / ПЛАСТИКОВЫЕ,МИСКИ ДЛЯ КОШЕК И СОБАК / ПЛАСТИКОВЫЕ,112
wolt,Айран Kulikov,Айран Kulikov,112
wolt,НОВИНКИ и ПОПУЛЯРНЫЙ АССОРТИМЕНТ ЗДЕСЬ 2026 🍒,НОВИНКИ и ПОПУЛЯРНЫЙ АССОРТИМЕНТ ЗДЕСЬ 2026 🍒,112
wolt,Лекарственные средства / Ферментные препараты,Лекарственные средства / Ферментные препараты,112
wolt,СЛАДКАЯ ВЫПЕЧКА COLIBRI 🥮,СЛАДКАЯ ВЫПЕЧКА COLIBRI 🥮,111
wolt,СУХОЙ КОРМ ДЛЯ КОШЕК (В УПАКОВКЕ) 🐈 / MONGE🐾,СУХОЙ КОРМ ДЛЯ КОШЕК (В УПАКОВКЕ) 🐈 / MONGE🐾,111
wolt,Готовая еда / Готовые блюда,Готовая еда / Готовые блюда,111
wolt,"18+ ЭНЕРГЕТИЧЕСКИЕ НАПИТКИ 🥤","18+ ЭНЕРГЕТИЧЕСКИЕ НАПИТКИ 🥤",111
wolt,Антиперспиранты и дезодоранты,Антиперспиранты и дезодоранты,111
wolt,МЯСНЫЕ ДЕЛИКАТЕСЫ / Мясные снеки,МЯСНЫЕ ДЕЛИКАТЕСЫ / Мясные снеки,110
wolt,НАПОЛНИТЕЛИ ДЛЯ КОШАЧЬЕГО ТУАЛЕТА 🐱 / Силикагелевый,НАПОЛНИТЕЛИ ДЛЯ КОШАЧЬЕГО ТУАЛЕТА 🐱 / Силикагелевый,110
wolt,ЦВЕТЫ В КОРЗИНАХ 🍃,ЦВЕТЫ В КОРЗИНАХ 🍃,110
wolt,"ПОСУДА, ТОВАРЫ ДЛЯ КУХНИ","ПОСУДА, ТОВАРЫ ДЛЯ КУХНИ",110
wolt, КОРЕЙСКАЯ ЕДА (ГОТОВЫЕ БЛЮДА) 🍜, КОРЕЙСКАЯ ЕДА (ГОТОВЫЕ БЛЮДА) 🍜,110
wolt,БЛИНЫ 🥞,БЛИНЫ 🥞,109
wolt,ЛЕКАРСТВА И БАДЫ💊 / Лечение гормональных заболеваний,ЛЕКАРСТВА И БАДЫ💊 / Лечение гормональных заболеваний,109
wolt,ВЕРМУТ 🥃,ВЕРМУТ 🥃,109
wolt,SKIN1004,SKIN1004,108
wolt,ЧАИ,ЧАИ,108
wolt,СЫРНИКИ ЗАМОРОЖЕННЫЕ,СЫРНИКИ ЗАМОРОЖЕННЫЕ,108
wolt,СЛАДОСТИ / Батончики,СЛАДОСТИ / Батончики,108
wolt,ЗАМОРОЖЕННАЯ ПРОДУКЦИЯ🥟,ЗАМОРОЖЕННАЯ ПРОДУКЦИЯ🥟,108
wolt,ДЕТСКАЯ ГИГИЕНА И УХОД👶🏻,ДЕТСКАЯ ГИГИЕНА И УХОД👶🏻,108
wolt,ГИГИЕНА 🧼,ГИГИЕНА 🧼,108
wolt,КОРМА ДЛЯ КОШЕК 🐱 / Perfect Fit (Перфект фит),КОРМА ДЛЯ КОШЕК 🐱 / Perfect Fit (Перфект фит),108
wolt,"ЗАКУСКИ / ЧЕЧИЛ","ЗАКУСКИ / ЧЕЧИЛ",108
wolt,Подарочные наборы / Подарочные наборы,Подарочные наборы / Подарочные наборы,108
wolt,СЛАДОСТИ🍫,СЛАДОСТИ🍫,108
wolt,BUBBLE TEA 🧋,BUBBLE TEA 🧋,108
wolt,Перекусы / Супы,Перекусы / Супы,108
wolt,КОСМЕТИЧЕСКИЕ СРЕДСТВА ,КОСМЕТИЧЕСКИЕ СРЕДСТВА ,108
wolt,АЛЬТЕРНАТИВНОЕ ЗАВАРИВАНИЕ / Other,АЛЬТЕРНАТИВНОЕ ЗАВАРИВАНИЕ / Other,108
wolt,СРЕДСТВА ГИГИЕНЫ / УХОД ЗА ПОЛОСТЬЮ РТА,СРЕДСТВА ГИГИЕНЫ / УХОД ЗА ПОЛОСТЬЮ РТА,108
wolt,ЛЕКАРСТВЕННЫЕ СРЕДСТВА 💊 / ОТ ПАРАЗИТОВ,ЛЕКАРСТВЕННЫЕ СРЕДСТВА 💊 / ОТ ПАРАЗИТОВ,108
wolt,ЧИСТЯЩИЕ СРЕДСТВА 🧽 / Для стирки,ЧИСТЯЩИЕ СРЕДСТВА 🧽 / Для стирки,108
wolt,МУЖСКИЕ СЕКС ИГРУШКИ / МАСТУРБАТОРЫ И ПОМПЫ,МУЖСКИЕ СЕКС ИГРУШКИ / МАСТУРБАТОРЫ И ПОМПЫ,108
wolt,ГИГИЕНА И БЫТОВАЯ ХИМИЯ 🧴 / ДЛЯ МАССАЖА,ГИГИЕНА И БЫТОВАЯ ХИМИЯ 🧴 / ДЛЯ МАССАЖА,108
wolt,ПРОДУКТЫ 🍜 / СОЕВЫЕ ПАСТЫ 🫘,ПРОДУКТЫ 🍜 / СОЕВЫЕ ПАСТЫ 🫘,108
wolt,"БАКАЛЕЯ 🍝 / СОЛЬ","БАКАЛЕЯ 🍝 / СОЛЬ",108
wolt,ТОВАРЫ ДЛЯ ПТИЦ / ИГРУШКИ ДЛЯ ПТИЦ,ТОВАРЫ ДЛЯ ПТИЦ / ИГРУШКИ ДЛЯ ПТИЦ,108
wolt,ЛАКОМСТВА ДЛЯ КОШЕК 🐈,ЛАКОМСТВА ДЛЯ КОШЕК 🐈,108
wolt,ТОВАРЫ ДЛЯ ПТИЦ / ЛАКОМСТВА ДЛЯ ПТИЦ,ТОВАРЫ ДЛЯ ПТИЦ / ЛАКОМСТВА ДЛЯ ПТИЦ,108
wolt,УХОД ЗА ВОЛОСАМИ 🧴,УХОД ЗА ВОЛОСАМИ 🧴,108
wolt,ПИРОЖКИ 🥙,ПИРОЖКИ 🥙,108
wolt,Токпокки,Токпокки,108
wolt,"ЛИМОНАДЫ","ЛИМОНАДЫ",108
wolt,AXIS-Y,AXIS-Y,108
wolt,ПИРОЖКИ🥙,ПИРОЖКИ🥙,108
wolt,КОМБУЧА,КОМБУЧА,108
wolt,УХОД ДЛЯ РУК 👐,УХОД ДЛЯ РУК 👐,108
wolt,ВЛАЖНЫЕ КОРМА ДЛЯ КОШЕК 😻 / Proplan,ВЛАЖНЫЕ КОРМА ДЛЯ КОШЕК 😻 / Proplan,108
wolt,ЛИЧНАЯ ГИГИЕНА🧻 / УХОД ЗА ВОЛОСАМИ,ЛИЧНАЯ ГИГИЕНА🧻 / УХОД ЗА ВОЛОСАМИ,108
wolt,"ЗАКУСКИ / РЫБНАЯ ЗАКУСКА","ЗАКУСКИ / РЫБНАЯ ЗАКУСКА",108
wolt,ТУАЛЕТ ДЛЯ КОШЕК ,ТУАЛЕТ ДЛЯ КОШЕК ,108
wolt,Перекусы / Панини,Перекусы / Панини,108
wolt,ЗАКУСКИ / ЗАКУСКИ ALICOS,ЗАКУСКИ / ЗАКУСКИ ALICOS,108
wolt,ФРУКТЫ 🍌,ФРУКТЫ 🍌,108
wolt,"БЕЗАЛКОГОЛЬНЫЕ НАПИТКИ / ЭНЕРГЕТИЧЕСКИЕ","БЕЗАЛКОГОЛЬНЫЕ НАПИТКИ / ЭНЕРГЕТИЧЕСКИЕ",108
wolt,"ВИБРАТОР","ВИБРАТОР",108
wolt, КРАСНОЕ ВИНО🍷, КРАСНОЕ ВИНО🍷,108
wolt,"МАСЛО, СЫР, ЯЙЦА 🧀🥚 / Сыр","МАСЛО, СЫР, ЯЙЦА 🧀🥚 / Сыр",108
wolt,"ТОВАРЫ ДЛЯ ГРЫЗУНОВ  / ПОДСТИЛКИ, ПЕСОК ДЛЯ ГРЫЗУНОВ","ТОВАРЫ ДЛЯ ГРЫЗУНОВ  / ПОДСТИЛКИ, ПЕСОК ДЛЯ ГРЫЗУНОВ",108
wolt,ВИТАМИНЫ и БАД💊,ВИТАМИНЫ и БАД💊,108
wolt,КОЛБАСЫ И СОСИКИ 🍖	 / МЯСНЫЕ ДЕЛИКАТЕСЫ,КОЛБАСЫ И СОСИКИ 🍖	 / МЯСНЫЕ ДЕЛИКАТЕСЫ,108
wolt,ЖКТ  / Ингибиторы ,ЖКТ  / Ингибиторы ,108
wolt,КОСПА,КОСПА,108
wolt,SIGMA BRAU,SIGMA BRAU,107
wolt,"БАКАЛЕЯ  / РЫБНЫЕ КОНСЕРВЫ","БАКАЛЕЯ  / РЫБНЫЕ КОНСЕРВЫ",107
wolt,ГОРМОНАЛЬНЫЕ ПРЕПАРАТЫ,ГОРМОНАЛЬНЫЕ ПРЕПАРАТЫ,106
wolt,DIAGEO / ВИСКИ,DIAGEO / ВИСКИ,106
wolt,ДЛЯ ВАННЫ И ДУША 🛁,ДЛЯ ВАННЫ И ДУША 🛁,106
wolt,СНЕКИ- РЫБА И МЯСО 🐟 ,СНЕКИ- РЫБА И МЯСО 🐟 ,106
wolt,Немецкий хлеб и выпечка,Немецкий хлеб и выпечка,105
wolt,Канцелярские товары,Канцелярские товары,105
wolt,Хозяйственные товары / Тряпки швабры мешки для мусора,Хозяйственные товары / Тряпки швабры мешки для мусора,105
wolt,🐶СУХОЙ КОРМ ДЛЯ СОБАК (НА РАЗВЕС)🐶😋 / ROYAL CANIN🐶,🐶СУХОЙ КОРМ ДЛЯ СОБАК (НА РАЗВЕС)🐶😋 / ROYAL CANIN🐶,105
wolt,😺СУХОЙ КОРМ ДЛЯ КОШЕК (В УПАКОВКЕ) 🐈 / MONGE🐾,😺СУХОЙ КОРМ ДЛЯ КОШЕК (В УПАКОВКЕ) 🐈 / MONGE🐾,105
wolt,МУЛЬТИВИТАМИНЫ,МУЛЬТИВИТАМИНЫ,105
wolt,🐶СУХОЙ КОРМ ДЛЯ СОБАК (В УПАКОВКЕ)🐶 / ROYAL CANIN 🐕‍🦺,🐶СУХОЙ КОРМ ДЛЯ СОБАК (В УПАКОВКЕ)🐶 / ROYAL CANIN 🐕‍🦺,105
wolt,ВОДА С ГАЗОМ 🫗,ВОДА С ГАЗОМ 🫗,105
kaspi_food,Dried mushrooms,Dried mushrooms,104
wolt,ХОЛОДНОЕ КОПЧЕНИЕ 🐡,ХОЛОДНОЕ КОПЧЕНИЕ 🐡,104
wolt,😺СУХОЙ КОРМ ДЛЯ КОШЕК (В УПАКОВКЕ) 🐈 / ALPHAPET🐾,😺СУХОЙ КОРМ ДЛЯ КОШЕК (В УПАКОВКЕ) 🐈 / ALPHAPET🐾,104
wolt,НАПОЛНИТЕЛИ ДЛЯ КОШАЧЬЕГО ТУАЛЕТА 🐱 / Тофу,НАПОЛНИТЕЛИ ДЛЯ КОШАЧЬЕГО ТУАЛЕТА 🐱 / Тофу,104
wolt,Лекарственные средства / Кровезаменители и растворы,Лекарственные средства / Кровезаменители и растворы,104
wolt,"ШЛЕЙКИ, ОШЕЙНИКИ ДЛЯ КОШЕК","ШЛЕЙКИ, ОШЕЙНИКИ ДЛЯ КОШЕК",104
wolt,"ИГРИСТОЕ ВИНО🍸 / Игристое Вино","ИГРИСТОЕ ВИНО🍸 / Игристое Вино",103
wolt,"Простуда,насморк,боль в горле / Простуда","Простуда,насморк,боль в горле / Простуда",103
wolt,Термометры,Термометры,103
wolt,ДЛЯ ГРЫЗУНОВ 🐇 / Лакомства для грызунов ,ДЛЯ ГРЫЗУНОВ 🐇 / Лакомства для грызунов ,102
wolt,КОПЧЕНАЯ🥓,КОПЧЕНАЯ🥓,102
wolt,ВЛАЖНЫЕ КОРМА 🫘 / ATTILA ELITE,ВЛАЖНЫЕ КОРМА 🫘 / ATTILA ELITE,102
wolt,СУХОЙ КОРМ ДЛЯ КОШЕК 🐱 / Ветеринарные  диеты,СУХОЙ КОРМ ДЛЯ КОШЕК 🐱 / Ветеринарные  диеты,102
wolt,    ПП Продукты,    ПП Продукты,102
wolt,ЖКТ  / Слабительные,ЖКТ  / Слабительные,102
wolt,СНЕКИ  / СНЕКИ,СНЕКИ  / СНЕКИ,102
wolt,СТРОИТЕЛЬСТВО И РЕМОНТ / АККУМУЛЯТОРЫ ДЛЯ ЭЛЕКТРОИНСТРУМЕНТА,СТРОИТЕЛЬСТВО И РЕМОНТ / АККУМУЛЯТОРЫ ДЛЯ ЭЛЕКТРОИНСТРУМЕНТА,102
wolt,"УХОД ЗА ВОЛОСАМИ 💇🏻‍♀️","УХОД ЗА ВОЛОСАМИ 💇🏻‍♀️",102
wolt,Диабет и Щитовидная железа ,Диабет и Щитовидная железа ,102
wolt,"БАКАЛЕЯ 🍝 / СИРОП","БАКАЛЕЯ 🍝 / СИРОП",102
wolt,POWER BANKS 🔋,POWER BANKS 🔋,102
wolt,САМСА🥙,САМСА🥙,102
wolt,"ПИВО / Светлое пиво","ПИВО / Светлое пиво",102
wolt,ПИРОГИ 🥮 / Пироги 21см,ПИРОГИ 🥮 / Пироги 21см,102
wolt,"АЛКОГОЛЬНЫЕ НАПИТКИ 🥃 / ВИНО ","АЛКОГОЛЬНЫЕ НАПИТКИ 🥃 / ВИНО ",102
wolt,БДСМ / КЛЯПЫ,БДСМ / КЛЯПЫ,102
wolt,"ИМН шприцы,спринцовки,система , катетр","ИМН шприцы,спринцовки,система , катетр",102
wolt,МОЛОЧНЫЕ ПРОДУКТЫ / КИСЛОМОЛОЧНЫЕ ПРОДУКТЫ,МОЛОЧНЫЕ ПРОДУКТЫ / КИСЛОМОЛОЧНЫЕ ПРОДУКТЫ,102
wolt,ДЛЯ ВОЛОС🌹 / ШАМПУНИ,ДЛЯ ВОЛОС🌹 / ШАМПУНИ,102
wolt,ВЛАЖНЫЙ КОРМ ДЛЯ КОШЕК 🐈‍⬛ / ProPlan,ВЛАЖНЫЙ КОРМ ДЛЯ КОШЕК 🐈‍⬛ / ProPlan,102
wolt,АКТИВНЫЙ ОТДЫХ 🗻,АКТИВНЫЙ ОТДЫХ 🗻,102
wolt,ЗАКУСКИ / Антипасти Plaza del Sol,ЗАКУСКИ / Антипасти Plaza del Sol,102
wolt,СРЕДСТВА ДЛЯ УМЫВАНИЯ,СРЕДСТВА ДЛЯ УМЫВАНИЯ,102
wolt,"    Бакалея /         Завтраки, каши, мюсли","    Бакалея /         Завтраки, каши, мюсли",102
wolt,КОРЕЙСКОЕ ПЕЧЕНЬЕ🍪,КОРЕЙСКОЕ ПЕЧЕНЬЕ🍪,102
wolt,НАПОЛНИТЕЛИ 🧻 / Селикагель,НАПОЛНИТЕЛИ 🧻 / Селикагель,102
wolt,ВЛАЖНЫЕ КОРМА ДЛЯ КОШЕК / ELITE,ВЛАЖНЫЕ КОРМА ДЛЯ КОШЕК / ELITE,102
wolt,ВСЕ ДЛЯ ПРАЗДНИКА🎊 / КОНВЕРТ,ВСЕ ДЛЯ ПРАЗДНИКА🎊 / КОНВЕРТ,102
wolt,нервная система / тревога и стресс,нервная система / тревога и стресс,102
wolt,ВСЕ ДЛЯ ПРАЗДНИКА🎊 / СВЕЧИ ,ВСЕ ДЛЯ ПРАЗДНИКА🎊 / СВЕЧИ ,102
wolt,ДЕТСКИЕ НАПИТКИ🍼,ДЕТСКИЕ НАПИТКИ🍼,102
wolt,"ЧАЙ","ЧАЙ",102
wolt,УХОД ЗА ТЕЛОМ 🧴 / МЫЛО ДЛЯ РУК 🧼,УХОД ЗА ТЕЛОМ 🧴 / МЫЛО ДЛЯ РУК 🧼,102
wolt,УХОД ЗА ТЕЛОМ🧴 / Лосьоны и кремы,УХОД ЗА ТЕЛОМ🧴 / Лосьоны и кремы,102
wolt,ЛИНЗЫ 👀,ЛИНЗЫ 👀,102
wolt,Миски для кошек и собак ,Миски для кошек и собак ,102
wolt,СОДЖУ,СОДЖУ,102
wolt,ПРЕЗЕРВАТИВЫ / ЦВЕТНЫЕ,ПРЕЗЕРВАТИВЫ / ЦВЕТНЫЕ,102
wolt,"БАКАЛЕЯ 🍝 / МУКА","БАКАЛЕЯ 🍝 / МУКА",102
wolt,КОРМ ДЛЯ КОШЕК🐱 / СУХОЙ КОРМ🐱,КОРМ ДЛЯ КОШЕК🐱 / СУХОЙ КОРМ🐱,102
wolt,Лечение и уход за ногтями,Лечение и уход за ногтями,101
wolt,"БЫТОВАЯ ХИМИЯ, УБОРКА 🧴 / От засора и накипи","БЫТОВАЯ ХИМИЯ, УБОРКА 🧴 / От засора и накипи",101
wolt,ЛЕКАРСТВА И БАДЫ💊 / Противовирусные,ЛЕКАРСТВА И БАДЫ💊 / Противовирусные,101
wolt,Средства от Комаров,Средства от Комаров,101
wolt,Лекарственные средства / Лекарства от астмы,Лекарственные средства / Лекарства от астмы,101
wolt,КРАСОТА И ГИГИЕНА / ТУАЛЕТНАЯ БУМАГА,КРАСОТА И ГИГИЕНА / ТУАЛЕТНАЯ БУМАГА,100
wolt,АКСЕССУАРЫ ДЛЯ ТЕЛЕФОНОВ,АКСЕССУАРЫ ДЛЯ ТЕЛЕФОНОВ,100
wolt,ТОВАРЫ ДЛЯ ЖИВОТНЫХ,ТОВАРЫ ДЛЯ ЖИВОТНЫХ,100
wolt,    Мороженое,    Мороженое,100
wolt,"КОЛБАСЫ 🍖 / САЛЬТИСОНЫ","КОЛБАСЫ 🍖 / САЛЬТИСОНЫ",100
wolt,ЛАКОМСТВА ДЛЯ КОШЕК😺 / Подушечки ,ЛАКОМСТВА ДЛЯ КОШЕК😺 / Подушечки ,99
wolt,ЧАЙ И КОФЕ ☕️ / Зеленый чай,ЧАЙ И КОФЕ ☕️ / Зеленый чай,99
wolt,"Кофе, чай, какао / Капсулы для кофе","Кофе, чай, какао / Капсулы для кофе",99
wolt,Праздничная атрибутика,Праздничная атрибутика,99
wolt,Мист для лица / Мист для лица,Мист для лица / Мист для лица,98
wolt,СНЕКИ 🍿 / Попкорн,СНЕКИ 🍿 / Попкорн,98
wolt,МАСЛО. СОУСЫ. СПЕЦИИ / Прочие растительные масла,МАСЛО. СОУСЫ. СПЕЦИИ / Прочие растительные масла,98
wolt,Dolce Gusto • Капсулы / BORBONE,Dolce Gusto • Капсулы / BORBONE,98
wolt,ТОНИКИ,ТОНИКИ,98
wolt,ШАРИКИ 🎈 / Шарики,ШАРИКИ 🎈 / Шарики,97
wolt,😺СУХОЙ КОРМ ДЛЯ КОШЕК (В УПАКОВКЕ) 🐈 / PROBALANCE🐾,😺СУХОЙ КОРМ ДЛЯ КОШЕК (В УПАКОВКЕ) 🐈 / PROBALANCE🐾,97
wolt,СУХОЙ КОРМ ДЛЯ КОШЕК (В УПАКОВКЕ) 🐈 / PROBALANCE🐾,СУХОЙ КОРМ ДЛЯ КОШЕК (В УПАКОВКЕ) 🐈 / PROBALANCE🐾,97
wolt,СЕКС ИГРУШКИ ДЛЯ МУЖЧИН / Секс игрушки для мужчин,СЕКС ИГРУШКИ ДЛЯ МУЖЧИН / Секс игрушки для мужчин,97
wolt,ВЛАЖНЫЙ КОРМ ДЛЯ КОШЕК 🐱 / MONGE B-WILD🐱,ВЛАЖНЫЙ КОРМ ДЛЯ КОШЕК 🐱 / MONGE B-WILD🐱,96
wolt,БЫТОВАЯ ХИМИЯ / ОСВЕЖИТЕЛИ ВОЗДУХА,БЫТОВАЯ ХИМИЯ / ОСВЕЖИТЕЛИ ВОЗДУХА,96
wolt,СНЕКИ🫘 / ПРОЧЕЕ,СНЕКИ🫘 / ПРОЧЕЕ,96
wolt,БЫТОВАЯ ХИМИЯ🧼 / ДЛЯ ПОСУДЫ🧽,БЫТОВАЯ ХИМИЯ🧼 / ДЛЯ ПОСУДЫ🧽,96
wolt,"СНЕКИ И ПЕРЕКУСЫ 🍟 / ЛЕДЕНЦЫ, ДРАЖЕ","СНЕКИ И ПЕРЕКУСЫ 🍟 / ЛЕДЕНЦЫ, ДРАЖЕ",96
wolt,БУРБОН,БУРБОН,96
wolt,КОРМ ДЛЯ ПТИЦ 🦜🕊️🦅,КОРМ ДЛЯ ПТИЦ 🦜🕊️🦅,96
wolt,    Бытовая химия /         Стиральный порошок,    Бытовая химия /         Стиральный порошок,96
wolt,"ДЛЯ ДВОИХ / ПАРНЫЕ ВИБРАТОРЫ","ДЛЯ ДВОИХ / ПАРНЫЕ ВИБРАТОРЫ",96
wolt,КАБЕЛИ  🔌,КАБЕЛИ  🔌,96
wolt,МОЛОЧНЫЙ ЧАЙ 🍵,МОЛОЧНЫЙ ЧАЙ 🍵,96
wolt,ДЛЯ НЕЕ + ДЛЯ НЕГО💞,ДЛЯ НЕЕ + ДЛЯ НЕГО💞,96
wolt,"Овощи, фрукты, зелень / Орехи и сухофрукты","Овощи, фрукты, зелень / Орехи и сухофрукты",96
wolt,Банкейки,Банкейки,96
wolt,"РАСЧЁСКИ, ПУХОДЕРКИ ДЛЯ КОШЕК И СОБАК ","РАСЧЁСКИ, ПУХОДЕРКИ ДЛЯ КОШЕК И СОБАК ",96
wolt,БДСМ / ДОПОЛНИТЕЛЬНО,БДСМ / ДОПОЛНИТЕЛЬНО,96
wolt,СТРОИТЕЛЬСТВО И РЕМОНТ / НАКИДНЫЕ КЛЮЧИ,СТРОИТЕЛЬСТВО И РЕМОНТ / НАКИДНЫЕ КЛЮЧИ,96
wolt,Лекарственные средства / Лекарства от боли в спине,Лекарственные средства / Лекарства от боли в спине,96
wolt,"ГАСТРОНОМИЯ 🫓 / ОВОЩИ ЯГОДЫ ЗАМОРОЖЕНЫЕ","ГАСТРОНОМИЯ 🫓 / ОВОЩИ ЯГОДЫ ЗАМОРОЖЕНЫЕ",96
wolt,БОКСЫ,БОКСЫ,96
wolt,СУХОЙ КОРМ ДЛЯ КОШЕК  ВЕСОВОЙ 🐈,СУХОЙ КОРМ ДЛЯ КОШЕК  ВЕСОВОЙ 🐈,96
wolt,ЖКТ  / Ферменты,ЖКТ  / Ферменты,96
wolt,"ЖКТ  / обезболивающие, спазмолитик, вздутие","ЖКТ  / обезболивающие, спазмолитик, вздутие",96
wolt,ВЛАЖНЫЙ КОРМ ДЛЯ КОШЕК 🐱 / FARMINA N&D😺,ВЛАЖНЫЙ КОРМ ДЛЯ КОШЕК 🐱 / FARMINA N&D😺,96
wolt,ВОДА НЕГАЗИРОВАННАЯ,ВОДА НЕГАЗИРОВАННАЯ,96
wolt,СЫВОРОТКИ/ЭССЕНЦИИ,СЫВОРОТКИ/ЭССЕНЦИИ,96
wolt,АЗИАТСКАЯ КУХНЯ ,АЗИАТСКАЯ КУХНЯ ,96
wolt,МАКАРОНС🍧,МАКАРОНС🍧,96
wolt,ГОРТЕНЗИИ ,ГОРТЕНЗИИ ,96
wolt,АРОМАТЫ🌸 / Парфюм унисекс,АРОМАТЫ🌸 / Парфюм унисекс,96
wolt,ТВОРЧЕСТВО  / Картины по номерам,ТВОРЧЕСТВО  / Картины по номерам,96
wolt,СРЕДСТВА ГИГИЕНЫ / ЖЕНСКАЯ ГИГИЕНА,СРЕДСТВА ГИГИЕНЫ / ЖЕНСКАЯ ГИГИЕНА,96
wolt,"ТОРТЫ / ТОРТЫ МИНИ 300Г 🍰","ТОРТЫ / ТОРТЫ МИНИ 300Г 🍰",96
wolt,"АЛКОГОЛЬНЫЕ НАПИТКИ / ЧАЧА","АЛКОГОЛЬНЫЕ НАПИТКИ / ЧАЧА",96
wolt,МАКИЯЖ💄 / Кисти,МАКИЯЖ💄 / Кисти,96
wolt,НАПОЛНИТЕЛИ ДЛЯ КОШЕК🐈 / Бентонитовый,НАПОЛНИТЕЛИ ДЛЯ КОШЕК🐈 / Бентонитовый,96
wolt,Масло растительное,Масло растительное,96
wolt,"ЗАКУСКИ / ЗАКУСКИ Bornibus","ЗАКУСКИ / ЗАКУСКИ Bornibus",96
wolt,УБОРКА ДЛЯ ДОМА 🧼 / Средства для мытья посуды,УБОРКА ДЛЯ ДОМА 🧼 / Средства для мытья посуды,96
wolt,СУХОЙ КОРМ ДЛЯ КОШЕК 🐈 / Reflex,СУХОЙ КОРМ ДЛЯ КОШЕК 🐈 / Reflex,96
wolt,ДЛЯ ВЛЮБЛЕННЫХ,ДЛЯ ВЛЮБЛЕННЫХ,96
wolt,СРЕДСТВА ГИГИЕНЫ / Средства для бритья,СРЕДСТВА ГИГИЕНЫ / Средства для бритья,96
wolt,Кулинария / Блинчики,Кулинария / Блинчики,96
wolt,КОРМА И ЛАКОМСТВА ДЛЯ ПОПУГАЕВ / ИГРУШКИ/АКСЕССУАРЫ ДЛЯ ПТИЦ,КОРМА И ЛАКОМСТВА ДЛЯ ПОПУГАЕВ / ИГРУШКИ/АКСЕССУАРЫ ДЛЯ ПТИЦ,96
wolt, ДЛЯ ПОПУГАЕВ 🦜 / Корм для попугаев , ДЛЯ ПОПУГАЕВ 🦜 / Корм для попугаев ,96
wolt,ГИГИЕНА И БЫТОВАЯ ХИМИЯ 🧴 / ШАМПУНИ,ГИГИЕНА И БЫТОВАЯ ХИМИЯ 🧴 / ШАМПУНИ,96
wolt,ВАЗЫ🏺 ,ВАЗЫ🏺 ,96
wolt,Свежая выпечка / Бореки ,Свежая выпечка / Бореки ,96
wolt,ВЛАЖНЫЙ КОРМ ДЛЯ КОШЕК 🐱 / SIRIUS😻,ВЛАЖНЫЙ КОРМ ДЛЯ КОШЕК 🐱 / SIRIUS😻,96
wolt,Продукты из Германии non organic,Продукты из Германии non organic,96
wolt,СВЕЧИ И ДИФФУЗОРЫ / ДИФФУЗОРЫ,СВЕЧИ И ДИФФУЗОРЫ / ДИФФУЗОРЫ,96
wolt,"УХОД ЗА ТЕЛОМ🫧 / ГЕЛИ ДЛЯ ДУША, ЛОСЬОНЫ, КРЕМА ДЛЯ ТЕЛА И МОЧАЛКИ","УХОД ЗА ТЕЛОМ🫧 / ГЕЛИ ДЛЯ ДУША, ЛОСЬОНЫ, КРЕМА ДЛЯ ТЕЛА И МОЧАЛКИ",96
wolt,Товары для телефонов,Товары для телефонов,96
wolt,МОЛОЧНАЯ ПРОДУКЦИЯ 🥛,МОЛОЧНАЯ ПРОДУКЦИЯ 🥛,96
wolt,КОРМА ДЛЯ СОБАК 🐶 / Monge,КОРМА ДЛЯ СОБАК 🐶 / Monge,96
wolt,ДЕТСКОЕ ПИТАНИЕ И НАПИТКИ 👶🏻,ДЕТСКОЕ ПИТАНИЕ И НАПИТКИ 👶🏻,96
wolt,Композиции в коробках 🪻,Композиции в коробках 🪻,96
wolt,"Препараты Давления  / Статины (Розувастатин , Аторвастатин, Симвастин )","Препараты Давления  / Статины (Розувастатин , Аторвастатин, Симвастин )",96
wolt,"СЛОЙКИ 🥟","СЛОЙКИ 🥟",96
wolt,Gold,Gold,96
wolt,"БАКАЛЕЯ 🍝 / МЯСНЫЕ КОНСЕРВЫ","БАКАЛЕЯ 🍝 / МЯСНЫЕ КОНСЕРВЫ",96
wolt,Свечи Обезболивающие и НПВС Гемморой,Свечи Обезболивающие и НПВС Гемморой,96
wolt,СНЕКИ🫘 / СУХАРИКИ,СНЕКИ🫘 / СУХАРИКИ,96
wolt,Презервативы и Лубриканты(смазки),Презервативы и Лубриканты(смазки),96
wolt,ВЛАЖНЫЕ КОРМА ДЛЯ КОШЕК / Royal Canin,ВЛАЖНЫЕ КОРМА ДЛЯ КОШЕК / Royal Canin,96
wolt,ВЕТАПТЕКА LIGHT⚕️ / Антипаразитарные препараты ,ВЕТАПТЕКА LIGHT⚕️ / Антипаразитарные препараты ,96
wolt,"БЫТОВАЯ ХИМИЯ И СРЕДСТВА ГИГИЕНЫ 🫧 / СРЕДСТВА ДЛЯ УКЛАДКИ ВОЛОС","БЫТОВАЯ ХИМИЯ И СРЕДСТВА ГИГИЕНЫ 🫧 / СРЕДСТВА ДЛЯ УКЛАДКИ ВОЛОС",96
wolt,ВЛАЖНЫЕ КОРМА ДЛЯ КОШЕК / Me-O,ВЛАЖНЫЕ КОРМА ДЛЯ КОШЕК / Me-O,96
wolt,АКЦИЯ 🔥 ,АКЦИЯ 🔥 ,96
wolt,"ДЛЯ НЕЁ / ВИБРАТОРЫ ДЛЯ ЗОНЫ G","ДЛЯ НЕЁ / ВИБРАТОРЫ ДЛЯ ЗОНЫ G",96
wolt,ПОДАРКИ 🎁 ,ПОДАРКИ 🎁 ,96
wolt,"УСТРОЙСТВА","УСТРОЙСТВА",96
wolt,Антипасти,Антипасти,95
wolt,БАКАЛЕЯ 🌾 / МУКА ,БАКАЛЕЯ 🌾 / МУКА ,95
wolt,УХОД ЗА ЛИЦОМ💆🏻‍♀️ / Пэды,УХОД ЗА ЛИЦОМ💆🏻‍♀️ / Пэды,95
wolt,КРАСОТА И ГИГИЕНА / ДЕТСКИЙ УХОД,КРАСОТА И ГИГИЕНА / ДЕТСКИЙ УХОД,95
wolt,КРАСОТА И ГИГИЕНА / ВЛАЖНЫЕ САЛФЕТКИ,КРАСОТА И ГИГИЕНА / ВЛАЖНЫЕ САЛФЕТКИ,95
wolt,ГИНЕКОЛОГИЯ ,ГИНЕКОЛОГИЯ ,95
wolt,"МОЛОКО, КИСЛОМОЛОЧНЫЕ ПРОДУКТЫ / Национальные продукты","МОЛОКО, КИСЛОМОЛОЧНЫЕ ПРОДУКТЫ / Национальные продукты",94
wolt,"БАКАЛЕЯ  / ВОДОРОСЛИ, РАСТЕНИЯ И ОСНОВЫ ДЛЯ СУПОВ","БАКАЛЕЯ  / ВОДОРОСЛИ, РАСТЕНИЯ И ОСНОВЫ ДЛЯ СУПОВ",94
wolt,"МОЛОЧНЫЕ ПРОДУКТЫ / Творог и сметана","МОЛОЧНЫЕ ПРОДУКТЫ / Творог и сметана",94
wolt,ЗАКУСКИ 🥓 / ЧЕЧИЛ,ЗАКУСКИ 🥓 / ЧЕЧИЛ,94
wolt,Растворы для ингаляций,Растворы для ингаляций,93
wolt,"ЯГОДЫ 🍒","ЯГОДЫ 🍒",93
wolt,Лекарственные средства / Кортекостероиды,Лекарственные средства / Кортекостероиды,93
wolt,ШАРИКИ 🎈 / Шары с надписью ,ШАРИКИ 🎈 / Шары с надписью ,93
wolt,ЛАКОМСТВА ДЛЯ КОШЕК😺 / Колбаски/Нарезки,ЛАКОМСТВА ДЛЯ КОШЕК😺 / Колбаски/Нарезки,93
wolt,"Вода и напитки / Лечебная вода","Вода и напитки / Лечебная вода",93
wolt,СУХОЙ КОРМ ДЛЯ КОШЕК (НА РАЗВЕС) 🐈 / BLITZ😺,СУХОЙ КОРМ ДЛЯ КОШЕК (НА РАЗВЕС) 🐈 / BLITZ😺,92
wolt,НАПИТКИ 🥤 / ГАЗИРОВАННЫЕ НАПИТКИ,НАПИТКИ 🥤 / ГАЗИРОВАННЫЕ НАПИТКИ,92
wolt,СРЕДСТВА ЛИЧНОЙ ГИГИЕНЫ 🧽 / САЛФЕТКИ,СРЕДСТВА ЛИЧНОЙ ГИГИЕНЫ 🧽 / САЛФЕТКИ,92
wolt,СИДР 🍻,СИДР 🍻,92
wolt,Масло подсолнечное и соусы,Масло подсолнечное и соусы,92
wolt,Замороженные продукты / Ледяные кубики,Замороженные продукты / Ледяные кубики,92
wolt,АЛКОГОЛЬ🍷 / Вермут,АЛКОГОЛЬ🍷 / Вермут,92
wolt,ПАКЕТ,ПАКЕТ,92
wolt,"СНЭКИ, СЭНДВИЧИ, ЧИПСЫ, ПОПКОРН / СЕМЕЧКИ ","СНЭКИ, СЭНДВИЧИ, ЧИПСЫ, ПОПКОРН / СЕМЕЧКИ ",92
wolt,ЖЕНСКАЯ ГИГИЕНА 🤱,ЖЕНСКАЯ ГИГИЕНА 🤱,91
wolt,ЛЕКАРСТВЕННЫЕ СРЕДСТВА 💊 / АРТЕРИАЛЬНОЕ ДАВЛЕНИЕ,ЛЕКАРСТВЕННЫЕ СРЕДСТВА 💊 / АРТЕРИАЛЬНОЕ ДАВЛЕНИЕ,91
wolt,Кондитерские изделия / Десерты,Кондитерские изделия / Десерты,91
wolt,Средства от укачивания,Средства от укачивания,91
wolt,"Масло, сыр, яйца / Моцарелла и рассольные сыры","Масло, сыр, яйца / Моцарелла и рассольные сыры",91
kaspi_food,Sushi and rolls,Sushi and rolls,91
wolt,ТОВАРЫ ДЛЯ ПИКНИКА🏕️,ТОВАРЫ ДЛЯ ПИКНИКА🏕️,91
wolt,КОФЕ И ЧАЙ / РАСТВОРИМЫЕ ПОРЦИИ,КОФЕ И ЧАЙ / РАСТВОРИМЫЕ ПОРЦИИ,90
wolt,СЛАДКИЕ ПИРОГИ🥧,СЛАДКИЕ ПИРОГИ🥧,90
wolt,ПОЛУФАБРИКАТЫ🍴 / ПЕЛЬМЕНИ,ПОЛУФАБРИКАТЫ🍴 / ПЕЛЬМЕНИ,90
wolt,ТРЮФЕЛИ,ТРЮФЕЛИ,90
wolt,ПЕЛЕНКИ🐶🐱,ПЕЛЕНКИ🐶🐱,90
wolt,НАПОЛНИТЕЛЬ НА ВЕС,НАПОЛНИТЕЛЬ НА ВЕС,90
wolt,"желудок, кишечник","желудок, кишечник",90
wolt,"Наружные растворы (спиртовые,масляные)","Наружные растворы (спиртовые,масляные)",90
wolt,MOCHI 🍮,MOCHI 🍮,90
wolt,Все для детей / Детские соки,Все для детей / Детские соки,90
wolt,ВЛАЖНЫЕ КОРМА 🫘 / PERFECT FIT,ВЛАЖНЫЕ КОРМА 🫘 / PERFECT FIT,90
wolt,ПОДГУЗНИКИ ДЛЯ ДЕТЕЙ👶🏻 / Yokosun,ПОДГУЗНИКИ ДЛЯ ДЕТЕЙ👶🏻 / Yokosun,90
wolt,СРЕДСТВА ЛИЧНОЙ ГИГИЕНЫ 🧽 / БУМАГА ТУАЛЕТНАЯ,СРЕДСТВА ЛИЧНОЙ ГИГИЕНЫ 🧽 / БУМАГА ТУАЛЕТНАЯ,90
wolt,😺СУХОЙ КОРМ ДЛЯ КОШЕК (НА РАЗВЕС) 🐈 / PRO PLAN😺,😺СУХОЙ КОРМ ДЛЯ КОШЕК (НА РАЗВЕС) 🐈 / PRO PLAN😺,90
wolt,КОРМА ДЛЯ КОШЕК 🐱 / Fitmin (Фитмин),КОРМА ДЛЯ КОШЕК 🐱 / Fitmin (Фитмин),90
wolt,ПОДГУЗНИКИ,ПОДГУЗНИКИ,90
wolt,КОСМЕТИКА 🎀 / НАБОРЫ 🎁,КОСМЕТИКА 🎀 / НАБОРЫ 🎁,90
wolt,КОРМА ДЛЯ КОШЕК 🐱 / Me-О (Мео),КОРМА ДЛЯ КОШЕК 🐱 / Me-О (Мео),90
wolt,😺СУХОЙ КОРМ ДЛЯ КОШЕК (НА РАЗВЕС) 🐈 / PROBALANCE😺,😺СУХОЙ КОРМ ДЛЯ КОШЕК (НА РАЗВЕС) 🐈 / PROBALANCE😺,90
wolt,АВТОТОВАРЫ 🚗 / Канистры,АВТОТОВАРЫ 🚗 / Канистры,90
wolt,ВЛАЖНЫЕ КОРМА ДЛЯ КОШЕК 😻 / Blitz,ВЛАЖНЫЕ КОРМА ДЛЯ КОШЕК 😻 / Blitz,90
wolt,ЦИКОРИЙ☕️,ЦИКОРИЙ☕️,90
wolt,Пластыри и лейкопластыри в ассортименте,Пластыри и лейкопластыри в ассортименте,90
wolt,СЛАДОСТИ / ВОСТОЧНЫЕ СЛАДОСТИ,СЛАДОСТИ / ВОСТОЧНЫЕ СЛАДОСТИ,90
wolt,СТИРКА И УБОРКА / МЫТЬЕ ПОСУДЫ,СТИРКА И УБОРКА / МЫТЬЕ ПОСУДЫ,90
wolt,"НЕСЛАДКАЯ ВЫПЕЧКА 🥐","НЕСЛАДКАЯ ВЫПЕЧКА 🥐",90
wolt,ВЛАЖНЫЕ КОРМА ДЛЯ КОШЕК / Brit,ВЛАЖНЫЕ КОРМА ДЛЯ КОШЕК / Brit,90
wolt, БУКЕТЫ 🌸, БУКЕТЫ 🌸,90
wolt,"ЭЛЕКТРОНИКА,ТЕХНОТОВАРЫ,АКСЕССУАРЫ ДЛЯ СМАРТФОНОВ / АКСЕССУАРЫ","ЭЛЕКТРОНИКА,ТЕХНОТОВАРЫ,АКСЕССУАРЫ ДЛЯ СМАРТФОНОВ / АКСЕССУАРЫ",90
wolt,БДСМ / ФИКСАТОРЫ,БДСМ / ФИКСАТОРЫ,90
wolt,КОНСТРУКТОР / Конструктор для девочек,КОНСТРУКТОР / Конструктор для девочек,90
wolt,Gift Accessories,Gift Accessories,90
wolt,НАБОРЫ ДЕТСКОЙ ГИГИЕНЫ,НАБОРЫ ДЕТСКОЙ ГИГИЕНЫ,90
wolt,ТОВАРЫ ДЛЯ ДОМА / ПРИНАДЛЕЖНОСТИ ДЛЯ ГОТОВКИ ,ТОВАРЫ ДЛЯ ДОМА / ПРИНАДЛЕЖНОСТИ ДЛЯ ГОТОВКИ ,90
wolt,ПРОБИОТИКИ,ПРОБИОТИКИ,90
wolt,ДЛЯ РУК 🤲 И ТЕЛА 🚿,ДЛЯ РУК 🤲 И ТЕЛА 🚿,90
wolt,"САМСА 🥙","САМСА 🥙",90
wolt,ВСЕ ДЛЯ СТИРКИ / Мыло и пятновыводители,ВСЕ ДЛЯ СТИРКИ / Мыло и пятновыводители,90
wolt,КУСТОВЫЕ РОЗЫ 🌹,КУСТОВЫЕ РОЗЫ 🌹,90
wolt,"ПИРОГИ, ТАРТЫ И РУЛЕТЫ 🥧 ","ПИРОГИ, ТАРТЫ И РУЛЕТЫ 🥧 ",90
wolt,КОРМ ДЛЯ ПИТОМЦЕВ 🐱,КОРМ ДЛЯ ПИТОМЦЕВ 🐱,90
wolt,КОРМА И ЛАКОМСТВА ДЛЯ ПОПУГАЕВ / КОРМА ДЛЯ ПОПУГАЕВ,КОРМА И ЛАКОМСТВА ДЛЯ ПОПУГАЕВ / КОРМА ДЛЯ ПОПУГАЕВ,90
wolt,МОТИ 🍡,МОТИ 🍡,90
wolt,КРЕМА / Декоративная косметика,КРЕМА / Декоративная косметика,90
wolt,МОТИ ⭐️,МОТИ ⭐️,90
wolt,МОРОЖЕНОЕ 500 ГР 🍧,МОРОЖЕНОЕ 500 ГР 🍧,90
wolt,ТОВАРЫ ДЛЯ ПТИЦ / КОРМА ДЛЯ ПТИЦ,ТОВАРЫ ДЛЯ ПТИЦ / КОРМА ДЛЯ ПТИЦ,90
wolt,КРУАССАНЫ,КРУАССАНЫ,90
wolt,БДСМ / ЗАЖИМЫ ДЛЯ СОСКОВ,БДСМ / ЗАЖИМЫ ДЛЯ СОСКОВ,90
wolt,МОНОБУКЕТЫ 🌺,МОНОБУКЕТЫ 🌺,90
wolt,"ДЛЯ НЕЁ / ВИБРОТРУСИКИ","ДЛЯ НЕЁ / ВИБРОТРУСИКИ",90
wolt,ВЛАЖНЫЙ КОРМ ДЛЯ КОШЕК 🐱 / BEST DINNER 🐱❤️,ВЛАЖНЫЙ КОРМ ДЛЯ КОШЕК 🐱 / BEST DINNER 🐱❤️,90
wolt,ОРУЖИЕ / Орбизное оружие,ОРУЖИЕ / Орбизное оружие,90
wolt,СТРОИТЕЛЬСТВО И РЕМОНТ / ПЕРФОРАТОРЫ СЕТЕВЫЕ,СТРОИТЕЛЬСТВО И РЕМОНТ / ПЕРФОРАТОРЫ СЕТЕВЫЕ,90
wolt,"Простуда,насморк,боль в горле / противовирусные препараты","Простуда,насморк,боль в горле / противовирусные препараты",90
wolt,Открытки / Открытки,Открытки / Открытки,90
wolt,ЭРОТИЧЕСКОЕ БЕЛЬЕ ДЛЯ ЖЕНЩИН,ЭРОТИЧЕСКОЕ БЕЛЬЕ ДЛЯ ЖЕНЩИН,90
wolt,СУХОЙ КОРМ ДЛЯ КОШЕК (НА РАЗВЕС) 🐈 / A-PRO 😺,СУХОЙ КОРМ ДЛЯ КОШЕК (НА РАЗВЕС) 🐈 / A-PRO 😺,90
wolt,КРЕПКИЙ АЛКОГОЛЬ / ВИСКИ,КРЕПКИЙ АЛКОГОЛЬ / ВИСКИ,90
wolt,Красота и уход / Прокладки и женская гигиена,Красота и уход / Прокладки и женская гигиена,90
wolt,ДЛЯ МАКИЯЖА ГЛАЗ 👁️,ДЛЯ МАКИЯЖА ГЛАЗ 👁️,90
wolt,Противогрибковые Препараты,Противогрибковые Препараты,90
wolt,"ЖЕНСКИЕ ТОВАРЫ ДЛЯ ВЗРОСЛЫХ / ФАЛЛОИМИТАТОРЫ ","ЖЕНСКИЕ ТОВАРЫ ДЛЯ ВЗРОСЛЫХ / ФАЛЛОИМИТАТОРЫ ",90
wolt,ЛЕКАРСТВА ЗАБОЛЕВАНИЙ БРЮШНОЙ ПОЛОСТИ ,ЛЕКАРСТВА ЗАБОЛЕВАНИЙ БРЮШНОЙ ПОЛОСТИ ,90
wolt,КОРМ ДЛЯ КОШЕК🐱 / ВЛАЖНЫЙ КОРМ🐱,КОРМ ДЛЯ КОШЕК🐱 / ВЛАЖНЫЙ КОРМ🐱,90
wolt,КОРМ ДЛЯ ГРЫЗУНОВ🐹,КОРМ ДЛЯ ГРЫЗУНОВ🐹,90
wolt,ЛЕКАРСТВА И БАДЫ💊 / Стоматологические,ЛЕКАРСТВА И БАДЫ💊 / Стоматологические,90
wolt,ВИТАМИНЫ И ПРОБИОТИКИ ,ВИТАМИНЫ И ПРОБИОТИКИ ,90
wolt,"    Хлеб, выпечка, печенье /         Хлебобулочные изделия","    Хлеб, выпечка, печенье /         Хлебобулочные изделия",90
wolt,ВОСТОЧНЫЕ ДЕСЕРТЫ 🍰 ,ВОСТОЧНЫЕ ДЕСЕРТЫ 🍰 ,90
wolt,УБОРКА ДОМА 🏡 / СТИРКА,УБОРКА ДОМА 🏡 / СТИРКА,90
wolt,"СРЕДСТВА ГИГИЕНЫ / Бумага, салфетки","СРЕДСТВА ГИГИЕНЫ / Бумага, салфетки",90
wolt,ИГРУШКИ ДЛЯ НЕЁ / ВАГИНАЛЬНЫЕ ШАРИКИ,ИГРУШКИ ДЛЯ НЕЁ / ВАГИНАЛЬНЫЕ ШАРИКИ,90
wolt,МАСЛО 🫒,МАСЛО 🫒,90
wolt,"ТЕМПЕРАТУРА и БОЛЬ / для Детей: сиропы, суспензии, саше, свечи ","ТЕМПЕРАТУРА и БОЛЬ / для Детей: сиропы, суспензии, саше, свечи ",89
wolt,ЗДОРОВОЕ И СПОРТИВНОЕ ПИТАНИЕ 🥬,ЗДОРОВОЕ И СПОРТИВНОЕ ПИТАНИЕ 🥬,89
wolt,Лекарственные средства / Жаропонижающие препараты для детей,Лекарственные средства / Жаропонижающие препараты для детей,89
wolt,МАСЛО И ЯЙЦО / Яйцо,МАСЛО И ЯЙЦО / Яйцо,89
wolt,МЯГКАЯ ИГРУШКА,МЯГКАЯ ИГРУШКА,89
wolt,УХОД ЗА ВОЛОСАМИ🧴 / ДОП. УХОД 🎀,УХОД ЗА ВОЛОСАМИ🧴 / ДОП. УХОД 🎀,89
wolt,ЦВЕТНОЙ ДЫМ,ЦВЕТНОЙ ДЫМ,89
wolt,"СОКИ, НЕКТАРЫ И КОМПОТЫ / Нектары","СОКИ, НЕКТАРЫ И КОМПОТЫ / Нектары",88
wolt,НАПОЛНИТЕЛИ ДЛЯ КОШЕК 🐈 / Бентонитовый,НАПОЛНИТЕЛИ ДЛЯ КОШЕК 🐈 / Бентонитовый,88
wolt,МОЛОЧНЫЕ ПРОДУКТЫ 🥛 / кисломолочные напитки,МОЛОЧНЫЕ ПРОДУКТЫ 🥛 / кисломолочные напитки,88
wolt,ТОВАРЫ ДЛЯ ДОМА🏠 / Репелленты,ТОВАРЫ ДЛЯ ДОМА🏠 / Репелленты,88
wolt,ЧИСТЯЩЕЕ И МОЮЩЕЕ🧼,ЧИСТЯЩЕЕ И МОЮЩЕЕ🧼,88
wolt,Лекарственные средства / Препараты для укрепления сосудов,Лекарственные средства / Препараты для укрепления сосудов,88
wolt,АЛКОГОЛЬНЫЕ НАПИТКИ🥂 / Текила,АЛКОГОЛЬНЫЕ НАПИТКИ🥂 / Текила,88
wolt,КОГТЕТОЧКИ ,КОГТЕТОЧКИ ,88
wolt,БАКАЛЕЯ,БАКАЛЕЯ,88
wolt,"ЖЕЛЧЕГОННЫЕ, ПЕЧЕНОЧНЫЕ","ЖЕЛЧЕГОННЫЕ, ПЕЧЕНОЧНЫЕ",88
wolt,Препараты для улучшения зрения,Препараты для улучшения зрения,88
wolt,СУХОЙ КОРМ ДЛЯ КОШЕК (В УПАКОВКЕ) 🐈 / ROYAL  CANIN VETERINARY🐱⚕️,СУХОЙ КОРМ ДЛЯ КОШЕК (В УПАКОВКЕ) 🐈 / ROYAL  CANIN VETERINARY🐱⚕️,88
wolt,СРЕДСТВА ГИГИЕНЫ 🧴 / Мужская гигиена,СРЕДСТВА ГИГИЕНЫ 🧴 / Мужская гигиена,86
wolt,"КОНСЕРВЫ МЯСНЫЕ И РЫБНЫЕ🥫 / МЯСНЫЕ КОНСЕРВЫ","КОНСЕРВЫ МЯСНЫЕ И РЫБНЫЕ🥫 / МЯСНЫЕ КОНСЕРВЫ",86
wolt,Пирожные / Блинный торт,Пирожные / Блинный торт,86
wolt, Наружные средства при заболеваниях вен, Наружные средства при заболеваниях вен,86
wolt,ПОСУДА  / ФОРМА ДЛЯ ДУХОВКИ. СТЕКЛЯННАЯ ПОСУДА,ПОСУДА  / ФОРМА ДЛЯ ДУХОВКИ. СТЕКЛЯННАЯ ПОСУДА,85
wolt,ФРУКТЫ  И ЯГОДЫ / ФРУКТЫ СВЕЖИЕ,ФРУКТЫ  И ЯГОДЫ / ФРУКТЫ СВЕЖИЕ,85
wolt,ПРОДУКЦИЯ АРГО,ПРОДУКЦИЯ АРГО,84
wolt,ВСЕ ДЛЯ ПРАЗДНИКА🎊 / ДОЖДИК,ВСЕ ДЛЯ ПРАЗДНИКА🎊 / ДОЖДИК,84
wolt,Подарочные боксы💞,Подарочные боксы💞,84
wolt,"ВСЕ ДЛЯ КУХНИ И ДОМА🏠 / НОСКИ, ТАПОЧКИ И ПОЛОТЕНЦА","ВСЕ ДЛЯ КУХНИ И ДОМА🏠 / НОСКИ, ТАПОЧКИ И ПОЛОТЕНЦА",84
wolt,DIAGEO / ТЕКИЛА,DIAGEO / ТЕКИЛА,84
wolt,"ВОДА, СОКИ, НАПИТКИ / Напитки","ВОДА, СОКИ, НАПИТКИ / Напитки",84
wolt,АКЦИИ🔥,АКЦИИ🔥,84
wolt,КОПЧЕНАЯ  И МАЛОСОЛЕНАЯ РЫБА 🐠,КОПЧЕНАЯ  И МАЛОСОЛЕНАЯ РЫБА 🐠,84
wolt,ВИАГРА,ВИАГРА,84
wolt,ПРОДУКТЫ ДИЕТИЧЕСКИЕ🤸🏻 / БАТОНЧИКИ,ПРОДУКТЫ ДИЕТИЧЕСКИЕ🤸🏻 / БАТОНЧИКИ,84
wolt,ИГРУШКИ ДЛЯ НЕГО / СТИМУЛЯТОРЫ ПРОСТАТЫ,ИГРУШКИ ДЛЯ НЕГО / СТИМУЛЯТОРЫ ПРОСТАТЫ,84
wolt,"СНЕКИ И ПЕРЕКУСЫ 🥜 / Леденцы, драже","СНЕКИ И ПЕРЕКУСЫ 🥜 / Леденцы, драже",84
wolt,QAZAQSALT etno stores ✍🏻 / ПЛАТОЧКИ,QAZAQSALT etno stores ✍🏻 / ПЛАТОЧКИ,84
wolt,ПАСХА,ПАСХА,84
wolt,"Морские водросли , Нори, Ким  / Нори листы","Морские водросли , Нори, Ким  / Нори листы",84
wolt,"Замороженная продукция / Фрукты и ягоды","Замороженная продукция / Фрукты и ягоды",84
wolt,ВОДА 🧊 / БЕЗ ГАЗА,ВОДА 🧊 / БЕЗ ГАЗА,84
wolt,ЖЕНСКАЯ ГИГИЕНА 👩,ЖЕНСКАЯ ГИГИЕНА 👩,84
wolt,ПЕРЕНОСКИ 🧺,ПЕРЕНОСКИ 🧺,84
wolt,Персики ,Персики ,84
wolt,ЗАРЯДНЫЕ УСТРОЙСТВА 🔌,ЗАРЯДНЫЕ УСТРОЙСТВА 🔌,84
wolt,АНТИСЕПТИЧЕСКОЕ СРЕДСТВО,АНТИСЕПТИЧЕСКОЕ СРЕДСТВО,84
wolt,"ЖЕНСКИЕ ТОВАРЫ ДЛЯ ВЗРОСЛЫХ / КЛИТОРАЛЬНЫЕ СТИМУЛЯТОРЫ И ПУЛИ","ЖЕНСКИЕ ТОВАРЫ ДЛЯ ВЗРОСЛЫХ / КЛИТОРАЛЬНЫЕ СТИМУЛЯТОРЫ И ПУЛИ",84
wolt,"КОКТЕЙЛИ","КОКТЕЙЛИ",84
wolt,ТОВАРЫ ДЛЯ ДОМА 🏠 / ТРЯПКИ ,ТОВАРЫ ДЛЯ ДОМА 🏠 / ТРЯПКИ ,84
wolt,БДСМ / СВЕЧИ WAXPLAY,БДСМ / СВЕЧИ WAXPLAY,84
wolt,ДЛЯ КОШЕК🐱,ДЛЯ КОШЕК🐱,84
wolt,"СПЕЦИИ И СОУСЫ, САХАР🥫 / МАЙОНЕЗ ","СПЕЦИИ И СОУСЫ, САХАР🥫 / МАЙОНЕЗ ",84
wolt,"    Напитки /         Вода негазированная","    Напитки /         Вода негазированная",84
wolt,Bioderma / Photoderm,Bioderma / Photoderm,84
wolt,"КОНДИТЕРСКИЕ ИЗДЕЛИЯ 🍪 / ЗЕФИР","КОНДИТЕРСКИЕ ИЗДЕЛИЯ 🍪 / ЗЕФИР",84
wolt,МАСЛО ГХИ/РАСТИТЕЛЬНЫЕ МАСЛА 🧈,МАСЛО ГХИ/РАСТИТЕЛЬНЫЕ МАСЛА 🧈,84
wolt,Ножницы ✂️,Ножницы ✂️,84
wolt,БЕЗАЛКОГОЛЬНЫЕ ВИНА 🍷,БЕЗАЛКОГОЛЬНЫЕ ВИНА 🍷,84
wolt,СЕРДЦА ❤️,СЕРДЦА ❤️,84
wolt,СРЕДСТВА ЛИЧНОЙ ГИГИЕНЫ 🧽 / Гели для женщин,СРЕДСТВА ЛИЧНОЙ ГИГИЕНЫ 🧽 / Гели для женщин,84
wolt,😺СУХОЙ КОРМ ДЛЯ КОШЕК (В УПАКОВКЕ) 🐈 / FITMIN🐾,😺СУХОЙ КОРМ ДЛЯ КОШЕК (В УПАКОВКЕ) 🐈 / FITMIN🐾,84
wolt,НАПИТКИ КОРЕЙСКИЕ🥤,НАПИТКИ КОРЕЙСКИЕ🥤,84
wolt,"МОНОСОРТА по 0,250","МОНОСОРТА по 0,250",84
wolt,"ЗАКУСКИ / МЯСНАЯ ЗАКУСКА","ЗАКУСКИ / МЯСНАЯ ЗАКУСКА",84
wolt,Конфеты и сладости / Нуга,Конфеты и сладости / Нуга,84
wolt,Уход за полостью рта 🦷,Уход за полостью рта 🦷,84
wolt,СУПЫ,СУПЫ,84
wolt,ТЕНИ 👁️,ТЕНИ 👁️,84
wolt,КОСМЕТИКА💄 / ДЛЯ ГЛАЗ УХОДОВАЯ КОСМЕТИКА,КОСМЕТИКА💄 / ДЛЯ ГЛАЗ УХОДОВАЯ КОСМЕТИКА,84
wolt,ВЕТЕРИНАРНЫЕ ПРЕПАРАТЫ 💊 / Препараты от блох и клещей,ВЕТЕРИНАРНЫЕ ПРЕПАРАТЫ 💊 / Препараты от блох и клещей,84
wolt,Алкоголь / ВИСКИ,Алкоголь / ВИСКИ,84
wolt,СУХОЙ КОРМ ДЛЯ КОШЕК (В УПАКОВКЕ) 🐈 / MONGE VETSOLUTION😺🩺,СУХОЙ КОРМ ДЛЯ КОШЕК (В УПАКОВКЕ) 🐈 / MONGE VETSOLUTION😺🩺,84
wolt,БУКЕТЫ И КОМПОЗИЦИИ ДО 20 000 ТНГ 💐,БУКЕТЫ И КОМПОЗИЦИИ ДО 20 000 ТНГ 💐,84
wolt,КОСМЕТИКА ДЛЯ КОНТУРА ГЛАЗ И ГУБ 👀,КОСМЕТИКА ДЛЯ КОНТУРА ГЛАЗ И ГУБ 👀,84
wolt,СНЭКИ 🥠,СНЭКИ 🥠,84
wolt,"КУЛИНАРИЯ / ПИРОЖКИ, САМСА","КУЛИНАРИЯ / ПИРОЖКИ, САМСА",84
wolt,"ЛУБРИКАНТЫ, БАДы, ГИГИЕНА / АНАЛЬНЫЕ СМАЗКИ","ЛУБРИКАНТЫ, БАДы, ГИГИЕНА / АНАЛЬНЫЕ СМАЗКИ",84
wolt,БЫТОВАЯ ХИМИЯ / ПАКЕТЫ И ПЕРЧАТКИ,БЫТОВАЯ ХИМИЯ / ПАКЕТЫ И ПЕРЧАТКИ,84
wolt,ЛАКОМСТВА ДЛЯ КОШЕК😻 / ПОДУШЕЧКИ,ЛАКОМСТВА ДЛЯ КОШЕК😻 / ПОДУШЕЧКИ,84
wolt,С ЛЮБОВЬЮ❤️,С ЛЮБОВЬЮ❤️,84
wolt,"ДЕТСКОЕ ПИТАНИЕ 👶🏻 / ПЮРЕ ДЛЯ ДЕТЕЙ","ДЕТСКОЕ ПИТАНИЕ 👶🏻 / ПЮРЕ ДЛЯ ДЕТЕЙ",84
wolt,ВЛАЖНЫЙ КОРМ ДЛЯ КОШЕК 🐱 / ДЕРЕВЕНСКИЕ ЛАКОМСТВА😸,ВЛАЖНЫЙ КОРМ ДЛЯ КОШЕК 🐱 / ДЕРЕВЕНСКИЕ ЛАКОМСТВА😸,84
wolt,КРАСОТА и ГИГИЕНА / Шампуни,КРАСОТА и ГИГИЕНА / Шампуни,84
wolt,ВЕГАН ПРОДУКТЫ🌾,ВЕГАН ПРОДУКТЫ🌾,84
wolt,ВЕРМУТ,ВЕРМУТ,84
wolt,ИГРУШКИ ⚾ / Игрушки для собак🐶,ИГРУШКИ ⚾ / Игрушки для собак🐶,84
wolt,Лекарственные средства / Ноотропные препараты,Лекарственные средства / Ноотропные препараты,84
wolt,ИЗЖОГА и ОТРАВЛЕНИЕ,ИЗЖОГА и ОТРАВЛЕНИЕ,84
wolt,КРУАССАНЫ🥐,КРУАССАНЫ🥐,84
wolt,СКИДКИ 🥂,СКИДКИ 🥂,83
wolt,"ЗАМОРОЖЕННЫЕ ПРОДУКТЫ / ЗАМОРОЖЕНЫЕ ОВОЩИ,ЯГОДЫ","ЗАМОРОЖЕННЫЕ ПРОДУКТЫ / ЗАМОРОЖЕНЫЕ ОВОЩИ,ЯГОДЫ",83
wolt,"Бакалея / Соль и сахар","Бакалея / Соль и сахар",83
wolt,ЛЕКАРСТВА И БАДЫ💊 / Общеукрепляющие и тонизирующие БАДы,ЛЕКАРСТВА И БАДЫ💊 / Общеукрепляющие и тонизирующие БАДы,83
wolt,МЕДИЦИНСКИЕ ИЗДЕЛИЯ И МЕДТЕХНИКА💉 / Средства реабилитации,МЕДИЦИНСКИЕ ИЗДЕЛИЯ И МЕДТЕХНИКА💉 / Средства реабилитации,83
wolt,ГОТОВЫЕ БЛЮДА,ГОТОВЫЕ БЛЮДА,83
wolt,Рецептурные Препараты,Рецептурные Препараты,82
wolt,КРЕМА / Крем для рук,КРЕМА / Крем для рук,82
wolt,СУХОЙ КОРМ ДЛЯ КОШЕК (В УПАКОВКЕ) 🐈 / FITMIN🐾,СУХОЙ КОРМ ДЛЯ КОШЕК (В УПАКОВКЕ) 🐈 / FITMIN🐾,82
wolt,АЛКОГОЛЬНЫЕ НАПИТКИ🥂 / Ликер,АЛКОГОЛЬНЫЕ НАПИТКИ🥂 / Ликер,81
wolt,КАНЦЕЛЯРИЯ ✂️,КАНЦЕЛЯРИЯ ✂️,81
wolt,КРУАССАНЫ  🥐,КРУАССАНЫ  🥐,81
wolt,ХОЛОДНЫЙ ЧАЙ 🍵,ХОЛОДНЫЙ ЧАЙ 🍵,81
wolt,УХОД ДЛЯ РУК И ЛИЦА 💅🏻,УХОД ДЛЯ РУК И ЛИЦА 💅🏻,81
wolt,АЗИАТСКАЯ КУХНЯ🍥,АЗИАТСКАЯ КУХНЯ🍥,81
wolt,😺СУХОЙ КОРМ ДЛЯ КОШЕК (В УПАКОВКЕ) 🐈 / ACANA/ORIJEN🐾,😺СУХОЙ КОРМ ДЛЯ КОШЕК (В УПАКОВКЕ) 🐈 / ACANA/ORIJEN🐾,81
wolt,Сладости / Восточные сладости,Сладости / Восточные сладости,80
wolt,"ШЛЕЙКИ, ПОВОДКИ, ОШЕЙНИКИ, РУЛЕТКИ ДЛЯ СОБАК","ШЛЕЙКИ, ПОВОДКИ, ОШЕЙНИКИ, РУЛЕТКИ ДЛЯ СОБАК",80
wolt,ВОДА И НАПИТКИ 🥤 / Напитки galmart,ВОДА И НАПИТКИ 🥤 / Напитки galmart,80
wolt,ДЛЯ ТЕЛА 🧴 / ДЕЗОДОРАНТЫ,ДЛЯ ТЕЛА 🧴 / ДЕЗОДОРАНТЫ,80
wolt,КОРМА ДЛЯ КОШЕК 🐱 / Monge (Монже),КОРМА ДЛЯ КОШЕК 🐱 / Monge (Монже),80
wolt,😺СУХОЙ КОРМ ДЛЯ КОШЕК (НА РАЗВЕС) 🐈 / FITMIN😺,😺СУХОЙ КОРМ ДЛЯ КОШЕК (НА РАЗВЕС) 🐈 / FITMIN😺,80
wolt,МАКИЯЖ ГУБ,МАКИЯЖ ГУБ,80
wolt,"АЛКОГОЛЬ (ВОДКА, ВИСКИ, ВИНО, ПИВО) / ВИСКИ","АЛКОГОЛЬ (ВОДКА, ВИСКИ, ВИНО, ПИВО) / ВИСКИ",80
wolt,"    Хлеб, выпечка, печенье /         Бисквитное пирожное, бисквитное печенье","    Хлеб, выпечка, печенье /         Бисквитное пирожное, бисквитное печенье",80
wolt,ЛИЧНАЯ ГИГИЕНА🧻 / МЫЛО,ЛИЧНАЯ ГИГИЕНА🧻 / МЫЛО,78
wolt, КОРМ ДЛЯ СОБАК 🐶 /  СУХОЙ КОРМ🐶, КОРМ ДЛЯ СОБАК 🐶 /  СУХОЙ КОРМ🐶,78
wolt,ЧЕЧИЛ 🧀,ЧЕЧИЛ 🧀,78
wolt,"ТЕКИЛА, РОМ, ЛИКЕР🥃 / Текила","ТЕКИЛА, РОМ, ЛИКЕР🥃 / Текила",78
wolt,СУХОЙ КОРМ ДЛЯ КОШЕК (В УПАКОВКЕ) 🐈 / ALPHAPET😻,СУХОЙ КОРМ ДЛЯ КОШЕК (В УПАКОВКЕ) 🐈 / ALPHAPET😻,78
wolt,ЛЕКАРСТВА ЗАБОЛЕВАНИЙ ЭНДОКРИННОЙ СИСТЕМЫ,ЛЕКАРСТВА ЗАБОЛЕВАНИЙ ЭНДОКРИННОЙ СИСТЕМЫ,78
wolt,"РЫБА И МОРЕПРОДУКТЫ🐠 / Морепродукты","РЫБА И МОРЕПРОДУКТЫ🐠 / Морепродукты",78
wolt,ДЕТСКАЯ КОСМЕТИКА ,ДЕТСКАЯ КОСМЕТИКА ,78
wolt,"Лакомство, добавки для птиц ","Лакомство, добавки для птиц ",78
wolt,"8 МАРТА","8 МАРТА",78
wolt,КОЛОНКИ 🎵,КОЛОНКИ 🎵,78
wolt,КОРМА НА РАЗВЕС / DELICADO,КОРМА НА РАЗВЕС / DELICADO,78
wolt,ВЛАЖНЫЕ КОРМА ДЛЯ КОШЕК / Деревенские лакомства,ВЛАЖНЫЕ КОРМА ДЛЯ КОШЕК / Деревенские лакомства,78
wolt,"Витамины ""Железо""","Витамины ""Железо""",78
wolt,Табачная продукци / Сигариллы,Табачная продукци / Сигариллы,78
wolt,НАПИТКИ НЕГАЗИРОВАННЫЕ🥤,НАПИТКИ НЕГАЗИРОВАННЫЕ🥤,78
wolt,"    Молочная продукция, сыр, яйцо /         Сметана","    Молочная продукция, сыр, яйцо /         Сметана",78
wolt,ДЕКОР,ДЕКОР,78
wolt,МОЛОЧНЫЕ ПРОДУКЦИИ,МОЛОЧНЫЕ ПРОДУКЦИИ,78
wolt,до 20 000 тг,до 20 000 тг,78
wolt,DIAGEO / ДЖИН,DIAGEO / ДЖИН,78
wolt,СОВКИ ДЛЯ ЛОТКА🚽🐱,СОВКИ ДЛЯ ЛОТКА🚽🐱,78
wolt,"ДЛЯ НЕЁ / ВИБРОМАССАЖЕРЫ","ДЛЯ НЕЁ / ВИБРОМАССАЖЕРЫ",78
wolt,УХОД ЗА ТЕЛОМ 🧽,УХОД ЗА ТЕЛОМ 🧽,78
wolt,БЕЗАЛКОГОЛЬНЫЕ НАПИТКИ 🧃 / ФРЕШ МОРС Colibri,БЕЗАЛКОГОЛЬНЫЕ НАПИТКИ 🧃 / ФРЕШ МОРС Colibri,78
wolt,ТОРТИКИ И СЛАДОСТИ🥰💐,ТОРТИКИ И СЛАДОСТИ🥰💐,78
wolt,ДЛЯ МАТЕРИ И РЕБЕНКА🍼 / Гигиена и уход за детьми,ДЛЯ МАТЕРИ И РЕБЕНКА🍼 / Гигиена и уход за детьми,78
wolt,"БАКАЛЕЯ 🍝 / ВОСТОЧНАЯ КУХНЯ","БАКАЛЕЯ 🍝 / ВОСТОЧНАЯ КУХНЯ",78
wolt,Химия / Химия,Химия / Химия,78
wolt,ГИГИЕНА И БЫТОВАЯ ХИМИЯ 🧴 / СОЛНЦЕЗАЩИТНЫЕ СРЕДСТВА,ГИГИЕНА И БЫТОВАЯ ХИМИЯ 🧴 / СОЛНЦЕЗАЩИТНЫЕ СРЕДСТВА,78
wolt,СРЕДСТВА ЛИЧНОЙ ГИГИЕНЫ 🧽 / ДРУГОЕ,СРЕДСТВА ЛИЧНОЙ ГИГИЕНЫ 🧽 / ДРУГОЕ,78
wolt,ОВОЩИ 🥑 / ПОМИДОР,ОВОЩИ 🥑 / ПОМИДОР,78
wolt,Мини ведерки 100гр,Мини ведерки 100гр,78
wolt,ХЛЕБ / ХЛЕБ,ХЛЕБ / ХЛЕБ,78
wolt,ENGLISH TEA 🫖 / 240шт,ENGLISH TEA 🫖 / 240шт,78
wolt,СНЭКИ 🥜 / СЕМЕЧКИ,СНЭКИ 🥜 / СЕМЕЧКИ,78
wolt,Макаронс,Макаронс,78
wolt,ОТКРЫТКИ 🌠,ОТКРЫТКИ 🌠,78
wolt,Бумажно-гигиеническая продукция / Ватные изделия и влажные салфетки,Бумажно-гигиеническая продукция / Ватные изделия и влажные салфетки,78
wolt,ТОВАРЫ ДЛЯ КУХНИ 🏡 / Сковороды,ТОВАРЫ ДЛЯ КУХНИ 🏡 / Сковороды,78
wolt,"ЛУБРИКАНТЫ, БАДы, ГИГИЕНА / ВАГИНАЛЬНЫЕ СМАЗКИ","ЛУБРИКАНТЫ, БАДы, ГИГИЕНА / ВАГИНАЛЬНЫЕ СМАЗКИ",78
wolt,"БЫТОВАЯ ХИМИЯ И СРЕДСТВА ГИГИЕНЫ 🫧 / ВЛАЖНЫЕ САЛФЕТКИ","БЫТОВАЯ ХИМИЯ И СРЕДСТВА ГИГИЕНЫ 🫧 / ВЛАЖНЫЕ САЛФЕТКИ",78
wolt, КОРМ ДЛЯ РЫБ 🐟, КОРМ ДЛЯ РЫБ 🐟,78
wolt,СПЕЦИАЛЬНОЕ ПРЕДЛОЖЕНИЕ,СПЕЦИАЛЬНОЕ ПРЕДЛОЖЕНИЕ,78
wolt,СНЕКИ РЫБА К ПЕННОМУ🐟,СНЕКИ РЫБА К ПЕННОМУ🐟,78
wolt,УХОД ЗА ЛИЦОМ💆🏻‍♀️ / Кремы для кожи вокруг глаз,УХОД ЗА ЛИЦОМ💆🏻‍♀️ / Кремы для кожи вокруг глаз,78
wolt,ПИНЦА / ПИНЦА,ПИНЦА / ПИНЦА,78
wolt,"    Бытовая химия /         Средства для посуды","    Бытовая химия /         Средства для посуды",78
wolt,ПИРОГИ СЫТНЫЕ 🥧,ПИРОГИ СЫТНЫЕ 🥧,78
wolt,МИНИ-ТОРТЫ 🎂,МИНИ-ТОРТЫ 🎂,78
wolt,СРЕДСТВА ГИГИЕНЫ / МЫЛО,СРЕДСТВА ГИГИЕНЫ / МЫЛО,78
wolt,"    Мясо, Птица, Колбаса /         Птица","    Мясо, Птица, Колбаса /         Птица",78
wolt,БДСМ / ПОЯСА ВЕРНОСТИ,БДСМ / ПОЯСА ВЕРНОСТИ,78
wolt,СТРОИТЕЛЬСТВО И РЕМОНТ / НАБОРЫ ОТВЕРТОК,СТРОИТЕЛЬСТВО И РЕМОНТ / НАБОРЫ ОТВЕРТОК,78
wolt,🦦Игрушки🦦,🦦Игрушки🦦,78
wolt,СТРОИТЕЛЬСТВО И РЕМОНТ / ПЕРФОРАТОРЫ АККУМУЛЯТОРНЫЕ,СТРОИТЕЛЬСТВО И РЕМОНТ / ПЕРФОРАТОРЫ АККУМУЛЯТОРНЫЕ,78
wolt,ДОМИКИ ДЛЯ КОШЕК,ДОМИКИ ДЛЯ КОШЕК,78
wolt,"    Косметика и гигиена /         Уход за лицом","    Косметика и гигиена /         Уход за лицом",78
wolt,"12-16 шт🍓 В ШОКОЛАДЕ","12-16 шт🍓 В ШОКОЛАДЕ",78
wolt,"СМАЗКИ / АНАЛЬНЫЕ","СМАЗКИ / АНАЛЬНЫЕ",78
wolt,СПЕЦИАЛЬНОЕ ПРЕДЛОЖЕНИЕ / ВИНО,СПЕЦИАЛЬНОЕ ПРЕДЛОЖЕНИЕ / ВИНО,78
wolt,ИГРУШКИ ДЛЯ СОБАК 🥎,ИГРУШКИ ДЛЯ СОБАК 🥎,78
wolt,"Алкогольные напитки / Саке, соджу и макколи","Алкогольные напитки / Саке, соджу и макколи",78
wolt,"СЛАДОСТИ / Сладости Boncolac","СЛАДОСТИ / Сладости Boncolac",78
wolt,Лекарственные средства / Лекарства от мастопатии,Лекарственные средства / Лекарства от мастопатии,78
wolt,Детские товары,Детские товары,78
wolt,ЧАЙ И КОФЕ ☕️ / Чай,ЧАЙ И КОФЕ ☕️ / Чай,78
wolt,ВЕТКОРМА💊 / Сухие веткорма для кошек,ВЕТКОРМА💊 / Сухие веткорма для кошек,78
wolt,ВЕТ ПРЕПАРАТЫ💊,ВЕТ ПРЕПАРАТЫ💊,78
wolt,СУХАРИ И СУШКИ,СУХАРИ И СУШКИ,78
wolt,КАНЦЕЛЯРСКИЕ ТОВАРЫ ,КАНЦЕЛЯРСКИЕ ТОВАРЫ ,78
wolt,УХОД ЗА КОЖЕЙ ЛИЦА🧖‍♀️ / ДЛЯ УМЫВАНИЯ И ОЧИЩЕНИЯ,УХОД ЗА КОЖЕЙ ЛИЦА🧖‍♀️ / ДЛЯ УМЫВАНИЯ И ОЧИЩЕНИЯ,78
wolt,КОРМ ДЛЯ ПИТОМЦЕВ 🐶 / ДЛЯ КОШЕК,КОРМ ДЛЯ ПИТОМЦЕВ 🐶 / ДЛЯ КОШЕК,78
wolt,ВЛАЖНЫЙ КОРМ ДЛЯ СОБАК 🐶,ВЛАЖНЫЙ КОРМ ДЛЯ СОБАК 🐶,78
wolt,ПРИУЧАЮЩИЕ И ОТПУГИВАЮЩИЕ СРЕДСТВА ,ПРИУЧАЮЩИЕ И ОТПУГИВАЮЩИЕ СРЕДСТВА ,78
wolt,Капли Назальные / Капли Назальные,Капли Назальные / Капли Назальные,78
wolt,АКВАРИУМИСТИКА ,АКВАРИУМИСТИКА ,78
wolt,"СЛАДКАЯ ВЫПЕЧКА","СЛАДКАЯ ВЫПЕЧКА",78
wolt,Виски,Виски,78
wolt,ВЛАЖНЫЙ КОРМ ДЛЯ КОШЕК 🐈 / Purina ProPlan,ВЛАЖНЫЙ КОРМ ДЛЯ КОШЕК 🐈 / Purina ProPlan,78
wolt,СУХИЕ КОРМА ДЛЯ СОБАК / GRANDORF MINI,СУХИЕ КОРМА ДЛЯ СОБАК / GRANDORF MINI,78
wolt,Витамины / Витамин,Витамины / Витамин,78
wolt,СЪЕДОБНЫЕ БУКЕТЫ 🍓,СЪЕДОБНЫЕ БУКЕТЫ 🍓,78
wolt,КОГТЕРЕЗЫ ДЛЯ КОШЕК И СОБАК ,КОГТЕРЕЗЫ ДЛЯ КОШЕК И СОБАК ,78
wolt,"СРЕДСТВА ГИГИЕНЫ 🛁 / Ватные диски и палочки","СРЕДСТВА ГИГИЕНЫ 🛁 / Ватные диски и палочки",77
wolt,Лекарственные средства / Лекарства от головной боли,Лекарственные средства / Лекарства от головной боли,77
wolt,ENGLISH TEA 🫖 / 40шт,ENGLISH TEA 🫖 / 40шт,76
wolt,КОСМЕТИЧЕСКИЕ И ГИГИЕНИЧЕСКИЕ СРЕДСТВА💄 / Уход за зубами и полостью рта,КОСМЕТИЧЕСКИЕ И ГИГИЕНИЧЕСКИЕ СРЕДСТВА💄 / Уход за зубами и полостью рта,76
wolt,"СОЛНЦЕЗАЩИТНЫЕ, ОТ НАСЕКОМЫХ☀️","СОЛНЦЕЗАЩИТНЫЕ, ОТ НАСЕКОМЫХ☀️",76
wolt,ENGLISH TEA 🫖 / 80шт,ENGLISH TEA 🫖 / 80шт,76
wolt,Косметическая продукция / Дезодоранты,Косметическая продукция / Дезодоранты,76
wolt,Лекарственные средства / Средства от ожогов и ран,Лекарственные средства / Средства от ожогов и ран,76
wolt,DIAGEO / РОМ,DIAGEO / РОМ,76
wolt,"МАКАРОНЫ, КРУПЫ И КАШИ / Гречка","МАКАРОНЫ, КРУПЫ И КАШИ / Гречка",76
wolt,Готовая еда / Готовые напитки,Готовая еда / Готовые напитки,75
wolt,МИНИ КУХНЯ,МИНИ КУХНЯ,75
wolt,"Замороженная продукция / Тесто и пицца","Замороженная продукция / Тесто и пицца",75
wolt,ТОВАРЫ ДЛЯ ОТДЫХА / СРЕДСТВА ДЛЯ РОЗЖИГА,ТОВАРЫ ДЛЯ ОТДЫХА / СРЕДСТВА ДЛЯ РОЗЖИГА,75
wolt,НАПОЛНИТЕЛИ 🧻 / Тофу ,НАПОЛНИТЕЛИ 🧻 / Тофу ,75
wolt,ВСЕ ДЛЯ КУХНИ И ДОМА🏠 / МОЮЩИЕ СРЕДСТВА,ВСЕ ДЛЯ КУХНИ И ДОМА🏠 / МОЮЩИЕ СРЕДСТВА,75
wolt,ДЛЯ ГРЫЗУНОВ🐭 / Корма для грызунов,ДЛЯ ГРЫЗУНОВ🐭 / Корма для грызунов,75
wolt,ГОТОВАЯ ЕДА 🥫 / Азиатская кухня ,ГОТОВАЯ ЕДА 🥫 / Азиатская кухня ,75
wolt,Зимние композиции и банчи от «CACTUS» ❄,Зимние композиции и банчи от «CACTUS» ❄,75
wolt,Лизиантус (Эустома)🍃,Лизиантус (Эустома)🍃,75
wolt,Лекарственные средства / Лекарства от пиелонефрита,Лекарственные средства / Лекарства от пиелонефрита,75
wolt,УХОД ЗА ВОЛОСАМИ💇🏻‍♀️ / Маски и филлеры,УХОД ЗА ВОЛОСАМИ💇🏻‍♀️ / Маски и филлеры,75
wolt,СУХОЙ КОРМ ДЛЯ КОШЕК 🐱 / Purina ProPlan,СУХОЙ КОРМ ДЛЯ КОШЕК 🐱 / Purina ProPlan,74
wolt,СЛАДКОЕ / Шоколадные батончики,СЛАДКОЕ / Шоколадные батончики,74
wolt,ХОЗ ТОВАРЫ,ХОЗ ТОВАРЫ,74
wolt,СОЕВАЯ ПАСТА,СОЕВАЯ ПАСТА,74
wolt,БЫТОВАЯ ХИМИЯ 🏠,БЫТОВАЯ ХИМИЯ 🏠,74
wolt,ЧЕЧИЛ🧀,ЧЕЧИЛ🧀,73
wolt,ЖКТ  / Изжога ,ЖКТ  / Изжога ,73
wolt,Лекарственные средства / Лекарства от камней в почках,Лекарственные средства / Лекарства от камней в почках,73
wolt,КОРМ ДЛЯ КОШЕК😺 / КОРМ ВЛАЖНЫЙ😺,КОРМ ДЛЯ КОШЕК😺 / КОРМ ВЛАЖНЫЙ😺,73
wolt,ЛЕКАРСТВА И БАДЫ💊 / Противогрибковые,ЛЕКАРСТВА И БАДЫ💊 / Противогрибковые,73
wolt,Десерты / Other,Десерты / Other,73
wolt,Конфеты и сладости / Мармелад/желе ,Конфеты и сладости / Мармелад/желе ,73
wolt,АМУНИЦИЯ 🦮,АМУНИЦИЯ 🦮,72
wolt,УХОД И ГИГИЕНА  / Пуходерки и фурминаторы,УХОД И ГИГИЕНА  / Пуходерки и фурминаторы,72
wolt,МЫЛО 🧼 / ТУАЛЕТНОЕ МЫЛО,МЫЛО 🧼 / ТУАЛЕТНОЕ МЫЛО,72
wolt,DUBBLE BUBBLE🧋,DUBBLE BUBBLE🧋,72
wolt,ДЛЯ ТЕЛА 🧴 / ИНТИМНАЯ ГИГИЕНА ♀️,ДЛЯ ТЕЛА 🧴 / ИНТИМНАЯ ГИГИЕНА ♀️,72
wolt,ДЛЯ НЕЕ / ФАЛЛОИМИТАТОРЫ,ДЛЯ НЕЕ / ФАЛЛОИМИТАТОРЫ,72
wolt,"ДЛЯ НЕЁ / МИНИ ВИБРАТОРЫ","ДЛЯ НЕЁ / МИНИ ВИБРАТОРЫ",72
wolt,ДЛЯ НЕГО / МАСТУРБАТОРЫ,ДЛЯ НЕГО / МАСТУРБАТОРЫ,72
wolt,СРЕДСТВА ГИГИЕНЫ🪥 / Зубные щетки,СРЕДСТВА ГИГИЕНЫ🪥 / Зубные щетки,72
wolt,Боксы с капкейками 🧁,Боксы с капкейками 🧁,72
wolt,"СНЭКИ, СУХОФРУКТЫ И ОРЕХИ 🥜 / семечки","СНЭКИ, СУХОФРУКТЫ И ОРЕХИ 🥜 / семечки",72
wolt,СНЭКИ 🥜 / СЕМЕЧКИ ,СНЭКИ 🥜 / СЕМЕЧКИ ,72
wolt,СРЕДСТВО ДЛЯ МЫТЬЯ ПОСУДЫ🫧,СРЕДСТВО ДЛЯ МЫТЬЯ ПОСУДЫ🫧,72
wolt,"    Бытовая химия /         Средства для кухни и ванной","    Бытовая химия /         Средства для кухни и ванной",72
wolt,"АЛКОГОЛЬНЫЕ НАПИТКИ / ШАМПАНСКОЕ","АЛКОГОЛЬНЫЕ НАПИТКИ / ШАМПАНСКОЕ",72
wolt,СУХОЙ КОРМ ДЛЯ КОШЕК 🐈 / Monge,СУХОЙ КОРМ ДЛЯ КОШЕК 🐈 / Monge,72
wolt,СУХОЙ КОРМ ДЛЯ КОШЕК (НА РАЗВЕС) 🐈 / SIRIUS 🐱❤️,СУХОЙ КОРМ ДЛЯ КОШЕК (НА РАЗВЕС) 🐈 / SIRIUS 🐱❤️,72
wolt,СМУЗИ 🍹,СМУЗИ 🍹,72
wolt,"СМУЗИ","СМУЗИ",72
wolt,СМАЗКИ / ЖИДКИЕ ВИБРАТОРЫ,СМАЗКИ / ЖИДКИЕ ВИБРАТОРЫ,72
wolt,СУХОЙ КОРМ ДЛЯ КОШЕК 🐱 / Leonardo🇩🇪,СУХОЙ КОРМ ДЛЯ КОШЕК 🐱 / Leonardo🇩🇪,72
wolt,СЛАДОСТИ / Сладости Alicos,СЛАДОСТИ / Сладости Alicos,72
wolt,"КРУАССАНЫ 🥐","КРУАССАНЫ 🥐",72
wolt,ВЕТАПТЕКА / ВИТАМИНЫ И БАДЫ,ВЕТАПТЕКА / ВИТАМИНЫ И БАДЫ,72
wolt,Крем вокруг глаз,Крем вокруг глаз,72
wolt,СРЕДСТВА ГИГИЕНЫ / Салфетки бумажные,СРЕДСТВА ГИГИЕНЫ / Салфетки бумажные,72
wolt,ЛАКОМСТВА ДЛЯ ГРЫЗУНОВ ,ЛАКОМСТВА ДЛЯ ГРЫЗУНОВ ,72
wolt,СЕТЫ💥,СЕТЫ💥,72
wolt,"КОМПОЗИЦИИ В КОРОБКЕ, КОРЗИНЕ","КОМПОЗИЦИИ В КОРОБКЕ, КОРЗИНЕ",72
wolt,СПЕЦ. ПРЕДЛОЖЕНИЯ🔥,СПЕЦ. ПРЕДЛОЖЕНИЯ🔥,72
wolt,ЧИСТЯЩИЕ СРЕДСТВА,ЧИСТЯЩИЕ СРЕДСТВА,72
wolt,ВЛАЖНЫЕ КОРМА ДЛЯ КОШЕК / Blitz,ВЛАЖНЫЕ КОРМА ДЛЯ КОШЕК / Blitz,72
wolt,ВЛАЖНЫЕ КОРМА ДЛЯ КОШЕК / ProBalance,ВЛАЖНЫЕ КОРМА ДЛЯ КОШЕК / ProBalance,72
wolt,ВЛАЖНЫЕ КОРМА ДЛЯ КОШЕК / Pro Plan,ВЛАЖНЫЕ КОРМА ДЛЯ КОШЕК / Pro Plan,72
wolt,ЛАКОМСТВА ДЛЯ КОШЕК😻 / Подушечки,ЛАКОМСТВА ДЛЯ КОШЕК😻 / Подушечки,72
wolt,ВЛАЖНЫЕ КОРМА ДЛЯ СОБАК / ЧЕТВЕРОНОГИЙ ГУРМАН,ВЛАЖНЫЕ КОРМА ДЛЯ СОБАК / ЧЕТВЕРОНОГИЙ ГУРМАН,72
wolt,КОГТЕТОЧКИ🐾 / КОГТЕТОЧКИ - СТОЛБИКИ🐱,КОГТЕТОЧКИ🐾 / КОГТЕТОЧКИ - СТОЛБИКИ🐱,72
wolt,ВЛАЖНЫЙ КОРМ ДЛЯ КОШЕК 🐈‍⬛ / ME-O,ВЛАЖНЫЙ КОРМ ДЛЯ КОШЕК 🐈‍⬛ / ME-O,72
wolt,ПРОТИВОКОНГЕСТИВ. СР-ВО-АЛЬФА-АДРЕНОМИМ.,ПРОТИВОКОНГЕСТИВ. СР-ВО-АЛЬФА-АДРЕНОМИМ.,72
wolt,КОРМА И ЛАКОМСТВА ДЛЯ ПОПУГАЕВ / ЛАКОМСТВА ДЛЯ ПОПУГАЕВ,КОРМА И ЛАКОМСТВА ДЛЯ ПОПУГАЕВ / ЛАКОМСТВА ДЛЯ ПОПУГАЕВ,72
wolt,КАРТЫ ПАМЯТИ И ФЛЕШКИ💾,КАРТЫ ПАМЯТИ И ФЛЕШКИ💾,72
wolt,ВЛАЖНЫЙ КОРМ ДЛЯ КОШЕК 🐈 / Ветеринарные  диеты,ВЛАЖНЫЙ КОРМ ДЛЯ КОШЕК 🐈 / Ветеринарные  диеты,72
wolt,"8 марта🌸","8 марта🌸",72
wolt,ВЛАЖНЫЙ КОРМ ДЛЯ КОШЕК 🐈‍⬛ / Феликс,ВЛАЖНЫЙ КОРМ ДЛЯ КОШЕК 🐈‍⬛ / Феликс,72
wolt,БАЛЬЗАМИК🍶,БАЛЬЗАМИК🍶,72
wolt,КОРМ ДЛЯ ПОПУГАЕВ 🦜,КОРМ ДЛЯ ПОПУГАЕВ 🦜,72
wolt,АВТОТОВАРЫ 🚗 / Моторное масло,АВТОТОВАРЫ 🚗 / Моторное масло,72
wolt,ЧАЙ 🍵,ЧАЙ 🍵,72
wolt,"ВОДА, СОКИ, НАПИТКИ / Вода","ВОДА, СОКИ, НАПИТКИ / Вода",72
wolt,Лекарственные средства / От заболеваний ушей,Лекарственные средства / От заболеваний ушей,72
wolt,ИГРУШКИ ДЛЯ НЕЁ / МЕНСТРУАЛЬНЫЕ ЧАШИ,ИГРУШКИ ДЛЯ НЕЁ / МЕНСТРУАЛЬНЫЕ ЧАШИ,72
wolt,Экохимия и натуральный уход / Уход за полостью рта,Экохимия и натуральный уход / Уход за полостью рта,72
wolt,ХРИЗАНТЕМЫ 🌼,ХРИЗАНТЕМЫ 🌼,72
wolt,ПОДГУЗНИКИ-ТРУСИКИ,ПОДГУЗНИКИ-ТРУСИКИ,72
wolt,КОНТАКТНЫЕ ЛИНЗЫ 👁️,КОНТАКТНЫЕ ЛИНЗЫ 👁️,72
wolt,ВСЕ ДЛЯ ПРАЗДНИКА🎊 / ФЕЙЕРВЕРКИ ДЛЯ ТОРТА,ВСЕ ДЛЯ ПРАЗДНИКА🎊 / ФЕЙЕРВЕРКИ ДЛЯ ТОРТА,72
wolt,ПИРОГИ ЦЕЛЫЕ  сладкие🥧,ПИРОГИ ЦЕЛЫЕ  сладкие🥧,72
wolt,ПИРОГИ СЛАДКИЕ  🥧,ПИРОГИ СЛАДКИЕ  🥧,72
wolt,ПИРОГИ ПО КУСОЧКАМ Сладкие 🥮,ПИРОГИ ПО КУСОЧКАМ Сладкие 🥮,72
wolt,КОРМА ДЛЯ СОБАК 🐶,КОРМА ДЛЯ СОБАК 🐶,72
wolt,"КОНФЕТЫ И СЛАДОСТИ / БИСКВИТНОЕ ПИРОЖНОЕ, БИСКВИТНОЕ ПЕЧЕНЬЕ","КОНФЕТЫ И СЛАДОСТИ / БИСКВИТНОЕ ПИРОЖНОЕ, БИСКВИТНОЕ ПЕЧЕНЬЕ",72
wolt,ТОВАРЫ ДЛЯ ЖИВОТНЫХ 🐥,ТОВАРЫ ДЛЯ ЖИВОТНЫХ 🐥,72
wolt,Пеленки и Подгузники для взрослых,Пеленки и Подгузники для взрослых,72
wolt,КОРМ ДЛЯ СОБАК🐶 / ВЛАЖНЫЙ КОРМ🐶,КОРМ ДЛЯ СОБАК🐶 / ВЛАЖНЫЙ КОРМ🐶,72
wolt,ЛУБРИКАНТ ОРАЛЬНЫЙ,ЛУБРИКАНТ ОРАЛЬНЫЙ,72
wolt,Лучшие цены,Лучшие цены,72
wolt,Основные блюда / Основные блюда,Основные блюда / Основные блюда,72
wolt,ProBalance / Сухой корм для кошек ,ProBalance / Сухой корм для кошек ,72
wolt,ТОВАРЫ ДЛЯ ПРАЗДНИКА 🎈,ТОВАРЫ ДЛЯ ПРАЗДНИКА 🎈,72
wolt,MX SFX линзы,MX SFX линзы,72
wolt,"ОДЕЖДА, НИЖНЕЕ БЕЛЬЕ, ТАПОЧКИ  / МУЖСКОЕ БЕЛЬЕ ","ОДЕЖДА, НИЖНЕЕ БЕЛЬЕ, ТАПОЧКИ  / МУЖСКОЕ БЕЛЬЕ ",72
wolt,ОДЕЖДА  И АКСЕССУАРЫ👕,ОДЕЖДА  И АКСЕССУАРЫ👕,72
wolt,"ЗАКУСКИ / КУРТ","ЗАКУСКИ / КУРТ",72
wolt,"ТОРТЫ / ТОРТЫ МИНИ  🍰","ТОРТЫ / ТОРТЫ МИНИ  🍰",72
wolt,НОУТБУКИ,НОУТБУКИ,72
wolt,УБОРКА🧽 / ДЛЯ ВАННЫ И ТУАЛЕТА,УБОРКА🧽 / ДЛЯ ВАННЫ И ТУАЛЕТА,72
wolt,НЕОБЫЧНЫЕ СЛАДОСТИ 🍡🍮 / ПАНКЕЙКИ 🍞,НЕОБЫЧНЫЕ СЛАДОСТИ 🍡🍮 / ПАНКЕЙКИ 🍞,72
wolt,ЖКТ  / Сорбенты,ЖКТ  / Сорбенты,72
wolt,УХОД ДЛЯ ДЕТЕЙ 🤩,УХОД ДЛЯ ДЕТЕЙ 🤩,72
wolt,ГОТОВАЯ ОХЛАЖДЕННАЯ ЕДА,ГОТОВАЯ ОХЛАЖДЕННАЯ ЕДА,72
wolt,ЖЕНСКИЕ СЕКС ИГРУШКИ  / ВАГИНАЛЬНЫЕ ШАРИКИ И ВИБРОЯЙЦА,ЖЕНСКИЕ СЕКС ИГРУШКИ  / ВАГИНАЛЬНЫЕ ШАРИКИ И ВИБРОЯЙЦА,72
wolt,НАПОЛНИТЕЛИ ДЛЯ КОШАЧЬЕГО ТУАЛЕТА (В УПАКОВКЕ) / FRESH SCENT🐈,НАПОЛНИТЕЛИ ДЛЯ КОШАЧЬЕГО ТУАЛЕТА (В УПАКОВКЕ) / FRESH SCENT🐈,72
wolt,Жаропонижающие для Детей ,Жаропонижающие для Детей ,72
wolt,"СОКИ","СОКИ",72
wolt,"ДЕСЕРТЫ / ПЕЧЕНЬЕ 🍪","ДЕСЕРТЫ / ПЕЧЕНЬЕ 🍪",72
wolt,"ДЕТСКИЕ ТОВАРЫ / Гель для душа, соль","ДЕТСКИЕ ТОВАРЫ / Гель для душа, соль",72
wolt,ФИЛЬТРЫ,ФИЛЬТРЫ,72
wolt,НАПИТКИ 🥤 ,НАПИТКИ 🥤 ,72
wolt,НАБОРЫ С КЛУБНИКОЙ В ШОКОЛАДЕ 🍓,НАБОРЫ С КЛУБНИКОЙ В ШОКОЛАДЕ 🍓,72
wolt,СРЕДСТВА ДЛЯ УБОРКИ / Бытовая химия,СРЕДСТВА ДЛЯ УБОРКИ / Бытовая химия,72
wolt,ДИЕТИЧЕСКАЯ🥬,ДИЕТИЧЕСКАЯ🥬,72
wolt,МИНИ ДЕСЕРТЫ🧁,МИНИ ДЕСЕРТЫ🧁,72
wolt,Мираторг  / Влажный корм для кошек ,Мираторг  / Влажный корм для кошек ,72
wolt,НАПОЛНИТЕЛИ 🧻 / Древесные,НАПОЛНИТЕЛИ 🧻 / Древесные,71
wolt,"МЕДИЦИНСКИЕ ИЗДЕЛИЯ И МЕДТЕХНИКА💉 / Тонометры, комплектующие","МЕДИЦИНСКИЕ ИЗДЕЛИЯ И МЕДТЕХНИКА💉 / Тонометры, комплектующие",71
wolt,СЛАДОСТИ 🍰 / ПИРОЖНЫЕ,СЛАДОСТИ 🍰 / ПИРОЖНЫЕ,71
wolt,"АЛЛЕРГИЯ / пероральная формы: таблетки, капли, сиропы","АЛЛЕРГИЯ / пероральная формы: таблетки, капли, сиропы",71
wolt,СНЕКИ / Эксклюзивные Lay’s,СНЕКИ / Эксклюзивные Lay’s,71
wolt,Чистящие средства,Чистящие средства,71
wolt,РАЗЛИВНОЕ ПИВО 1 Л / РАЗЛИВНОЕ ПИВО 1 Л,РАЗЛИВНОЕ ПИВО 1 Л / РАЗЛИВНОЕ ПИВО 1 Л,71
wolt,🐶СУХОЙ КОРМ ДЛЯ СОБАК (НА РАЗВЕС)🐶😋 / FORZA 10🐶,🐶СУХОЙ КОРМ ДЛЯ СОБАК (НА РАЗВЕС)🐶😋 / FORZA 10🐶,70
wolt,"МОЛОЧНЫЕ ПРОДУКТЫ / Коктейли и сгущенное молоко","МОЛОЧНЫЕ ПРОДУКТЫ / Коктейли и сгущенное молоко",70
wolt,КОРМА ДЛЯ СОБАК 🐶 / ProPlan,КОРМА ДЛЯ СОБАК 🐶 / ProPlan,70
wolt,Лечение печень / Печень,Лечение печень / Печень,70
wolt,😺СУХОЙ КОРМ ДЛЯ КОШЕК (НА РАЗВЕС) 🐈 / ME-O😺,😺СУХОЙ КОРМ ДЛЯ КОШЕК (НА РАЗВЕС) 🐈 / ME-O😺,70
wolt,ВОДА И НАПИТКИ / Квас,ВОДА И НАПИТКИ / Квас,70
wolt,"БЫТОВАЯ ХИМИЯ, УБОРКА / Для ванны, туалета","БЫТОВАЯ ХИМИЯ, УБОРКА / Для ванны, туалета",70
wolt,Консервы и соленья / Консервы мясорастительные,Консервы и соленья / Консервы мясорастительные,70
wolt,ДЕТСКИЕ ПОДГУЗНИКИ И САЛФЕТКИ👶🏻,ДЕТСКИЕ ПОДГУЗНИКИ И САЛФЕТКИ👶🏻,70
wolt,🐶СУХОЙ КОРМ ДЛЯ СОБАК (НА РАЗВЕС)🐶😋 / PRO PLAN🐶,🐶СУХОЙ КОРМ ДЛЯ СОБАК (НА РАЗВЕС)🐶😋 / PRO PLAN🐶,70
wolt,"Молочные продукты, яйца / Сырки","Молочные продукты, яйца / Сырки",70
wolt,Канцтовары / Для письма и творчества,Канцтовары / Для письма и творчества,70
wolt,"МОЛОЧНЫЕ ПРОДУКТЫ / Курт, жент, иримшик","МОЛОЧНЫЕ ПРОДУКТЫ / Курт, жент, иримшик",70
wolt,"Замороженная продукция / Мясные полуфабрикаты","Замороженная продукция / Мясные полуфабрикаты",70
wolt,ЛЕКАРСТВА И БАДЫ💊 / Противопаразитарные,ЛЕКАРСТВА И БАДЫ💊 / Противопаразитарные,69
wolt,ТОВАРЫ ДЛЯ ЖИВОТНЫХ / Для грызунов,ТОВАРЫ ДЛЯ ЖИВОТНЫХ / Для грызунов,69
wolt,"Мясо и птица / Гриль и шашлык","Мясо и птица / Гриль и шашлык",69
wolt,АПЕРИТИВ 🍹,АПЕРИТИВ 🍹,68
wolt,ПИОНЫ,ПИОНЫ,68
wolt,Лекарственные средства / Препараты при климаксе,Лекарственные средства / Препараты при климаксе,68
wolt,СНЕКИ / Из мяса и рыбы,СНЕКИ / Из мяса и рыбы,68
wolt,АЛКОГОЛЬНЫЕ НАПИТКИ🥂 / Джин,АЛКОГОЛЬНЫЕ НАПИТКИ🥂 / Джин,68
wolt,КОМБО,КОМБО,68
wolt,"КОЛБАСЫ 🍖 / СТУДНИ И ХОЛОДЦЫ","КОЛБАСЫ 🍖 / СТУДНИ И ХОЛОДЦЫ",68
wolt,Солнцезащитные средства ,Солнцезащитные средства ,68
wolt,НАПИТКИ БЕЗАЛКОГОЛЬНЫЕ,НАПИТКИ БЕЗАЛКОГОЛЬНЫЕ,67
wolt,Dolce Gusto • Капсулы / STARBUCKS,Dolce Gusto • Капсулы / STARBUCKS,67
wolt,МОЛОЧНЫЕ ПРОДУКТЫ 🧈 / Коктейли,МОЛОЧНЫЕ ПРОДУКТЫ 🧈 / Коктейли,67
wolt,ЛАКОМСТВА ДЛЯ КОШЕК / TITBIT,ЛАКОМСТВА ДЛЯ КОШЕК / TITBIT,66
wolt,"ЭКЛЕРЫ","ЭКЛЕРЫ",66
wolt,ВЛАЖНЫЙ КОРМ ДЛЯ КОШЕК 🐈 / Деревенские Лакомства🇷🇺,ВЛАЖНЫЙ КОРМ ДЛЯ КОШЕК 🐈 / Деревенские Лакомства🇷🇺,66
wolt,КОРМ ДЛЯ ПТИЦ 🦜,КОРМ ДЛЯ ПТИЦ 🦜,66
wolt,Чай кофе сиропы / Сиропы,Чай кофе сиропы / Сиропы,66
wolt,СУХИЕ КОРМА ДЛЯ КОШЕК / ProPlan,СУХИЕ КОРМА ДЛЯ КОШЕК / ProPlan,66
wolt,УХОД ЗА БЕЛЬЕМ 🫧,УХОД ЗА БЕЛЬЕМ 🫧,66
wolt,СЭНДВИЧИ И ДОНЕРЫ,СЭНДВИЧИ И ДОНЕРЫ,66
wolt,БЕЗАЛКОГОЛЬНОЕ ПИВО 🍻,БЕЗАЛКОГОЛЬНОЕ ПИВО 🍻,66
wolt,"КРЕПКИЙ АЛКОГОЛЬ 🥃 / ЛЕКЕРЫ, ВЕРМУТЫ 🍸","КРЕПКИЙ АЛКОГОЛЬ 🥃 / ЛЕКЕРЫ, ВЕРМУТЫ 🍸",66
wolt,СЛАДКИЕ 🥧,СЛАДКИЕ 🥧,66
wolt,УХОД ЗА ПОЛОСТЬЮ РТА 🪥,УХОД ЗА ПОЛОСТЬЮ РТА 🪥,66
wolt,ДЕНЬ РОЖДЕНИЕ,ДЕНЬ РОЖДЕНИЕ,66
wolt,Алкогольные напитки / Ликеры,Алкогольные напитки / Ликеры,66
wolt,ЛАКОМСТВА ДЛЯ КОШЕК 😻 / Dreamies🦊,ЛАКОМСТВА ДЛЯ КОШЕК 😻 / Dreamies🦊,66
wolt,"УХОД ЗА СОБАКАМИ И КОШКАМИ 🐈🐕 / Лотки, совочки🧹","УХОД ЗА СОБАКАМИ И КОШКАМИ 🐈🐕 / Лотки, совочки🧹",66
wolt,УХОД ДЛЯ ЛИЦА 😊 / ДЛЯ ЧУВСТВИТЕЛЬНОЙ И СУХОЙ КОЖИ,УХОД ДЛЯ ЛИЦА 😊 / ДЛЯ ЧУВСТВИТЕЛЬНОЙ И СУХОЙ КОЖИ,66
wolt,МУЧНЫЕ ИЗДЕЛИЯ ,МУЧНЫЕ ИЗДЕЛИЯ ,66
wolt,КУКЛЫ / Куклы Барби,КУКЛЫ / Куклы Барби,66
wolt,"ТОВАРЫ ДЛЯ ДОМА 🏠 / Посуда и кухонные принадлежности","ТОВАРЫ ДЛЯ ДОМА 🏠 / Посуда и кухонные принадлежности",66
wolt,"Снэки(Чипсы,семечки,попкорн) / Pringles","Снэки(Чипсы,семечки,попкорн) / Pringles",66
wolt,"ТОВАРЫ ДЛЯ ПТИЦ / КОРМУШКИ, ПОИЛКИ, КУПАЛКИ ДЛЯ ПТИЦ","ТОВАРЫ ДЛЯ ПТИЦ / КОРМУШКИ, ПОИЛКИ, КУПАЛКИ ДЛЯ ПТИЦ",66
wolt,КОРМА И ЛАКОМСТВА ДЛЯ ПОПУГАЕВ / МИНЕРАЛЬНЫЕ КАМНИ/СМЕСИ ДЛЯ ПТИЦ,КОРМА И ЛАКОМСТВА ДЛЯ ПОПУГАЕВ / МИНЕРАЛЬНЫЕ КАМНИ/СМЕСИ ДЛЯ ПТИЦ,66
wolt,🧸 Игровые наборы,🧸 Игровые наборы,66
wolt,ВИТАМИНЫ ДЛЯ КОШЕК 🐱,ВИТАМИНЫ ДЛЯ КОШЕК 🐱,66
wolt,ЗАКУСКИ 🥙 / Семечки ,ЗАКУСКИ 🥙 / Семечки ,66
wolt,ВЛАЖНЫЙ КОРМ ДЛЯ КОШЕК 🐱 / MONGE GRILL CAT😺,ВЛАЖНЫЙ КОРМ ДЛЯ КОШЕК 🐱 / MONGE GRILL CAT😺,66
wolt,МЕСЯЧНЫЕ ЛИНЗЫ,МЕСЯЧНЫЕ ЛИНЗЫ,66
wolt,СНЕКИ 🍻,СНЕКИ 🍻,66
wolt,"СЬЕДОБНЫЕ СМАЗКИ							","СЬЕДОБНЫЕ СМАЗКИ							",66
wolt,СТРОИТЕЛЬСТВО И РЕМОНТ / ПЛОСКОГУБЦЫ,СТРОИТЕЛЬСТВО И РЕМОНТ / ПЛОСКОГУБЦЫ,66
wolt,ГИГИЕНА И БЫТОВАЯ ХИМИЯ 🧴 / ЗУБНАЯ ПАСТА,ГИГИЕНА И БЫТОВАЯ ХИМИЯ 🧴 / ЗУБНАЯ ПАСТА,66
wolt,"ОСВЕЖИТЕЛИ, АРОМАТИЗАТОРЫ 🌸 / ДИФФУЗОРЫ","ОСВЕЖИТЕЛИ, АРОМАТИЗАТОРЫ 🌸 / ДИФФУЗОРЫ",66
wolt,Подарочные наборы / Наборы для рукоделия,Подарочные наборы / Наборы для рукоделия,66
wolt,БАДы и суперфуды,БАДы и суперфуды,66
wolt,ЗАМОРОЖЕННАЯ ПРОДУКЦИЯ❄️ / Манты,ЗАМОРОЖЕННАЯ ПРОДУКЦИЯ❄️ / Манты,66
wolt,КОРЗИНЫ 🎁,КОРЗИНЫ 🎁,66
wolt,"ВЛАЖНЫЙ КОРМ ДЛЯ КОШЕК 🐈 / Perfect Fit🇷🇺","ВЛАЖНЫЙ КОРМ ДЛЯ КОШЕК 🐈 / Perfect Fit🇷🇺",66
wolt,"БАКАЛЕЯ 🍝 / ФРУКТОВО-ЯГОДНЫЕ КОНСЕРВЫ","БАКАЛЕЯ 🍝 / ФРУКТОВО-ЯГОДНЫЕ КОНСЕРВЫ",66
wolt,ВЛАЖНЫЙ КОРМ ДЛЯ КОШЕК 🐱 / PERFECT FIT🐱😋,ВЛАЖНЫЙ КОРМ ДЛЯ КОШЕК 🐱 / PERFECT FIT🐱😋,66
wolt,ТОВАРЫ ДЛЯ КУХНИ 🏡 / Крышки,ТОВАРЫ ДЛЯ КУХНИ 🏡 / Крышки,66
wolt,Пицца,Пицца,66
wolt,БЕЗАЛКОГОЛЬНЫЕ НАПИТКИ / ВОДА💧,БЕЗАЛКОГОЛЬНЫЕ НАПИТКИ / ВОДА💧,66
wolt,ВЛАЖНЫЙ КОРМ ДЛЯ КОШЕК 🐈 / Purina Gourmet,ВЛАЖНЫЙ КОРМ ДЛЯ КОШЕК 🐈 / Purina Gourmet,66
wolt,ЛОПАТКА ДЛЯ ЛОТКА ,ЛОПАТКА ДЛЯ ЛОТКА ,66
wolt,"    Снеки /         Семечки","    Снеки /         Семечки",66
kaspi_food,Portwine,Portwine,66
wolt,СУХОЙ КОРМ ДЛЯ КОШЕК 🐱 / Perfect Fit🇷🇺,СУХОЙ КОРМ ДЛЯ КОШЕК 🐱 / Perfect Fit🇷🇺,66
wolt,ЛАКОМСВА ДЛЯ СОБАК / НАРЕЗКА\СУШЁНЫЕ ЛАКОМСТВА,ЛАКОМСВА ДЛЯ СОБАК / НАРЕЗКА\СУШЁНЫЕ ЛАКОМСТВА,66
wolt,Заморозка,Заморозка,66
wolt,"ESKO ТОППИНГ, ПЮРЕ","ESKO ТОППИНГ, ПЮРЕ",66
wolt,ТОВАРЫ ДЛЯ ДОМА / Энергоснабжение,ТОВАРЫ ДЛЯ ДОМА / Энергоснабжение,66
wolt,"ПИВО / БАНОЧНОЕ","ПИВО / БАНОЧНОЕ",66
wolt,Препараты Давления  / Ацетилсалициловая кислота (разжижение крови ),Препараты Давления  / Ацетилсалициловая кислота (разжижение крови ),66
wolt,КОРМ ДЛЯ СОБАК🐶 / СУХОЙ КОРМ🐶,КОРМ ДЛЯ СОБАК🐶 / СУХОЙ КОРМ🐶,66
wolt,ЛАКОМСВА ДЛЯ СОБАК / КОЛБАСКИ/МИНИ КОЛБАСКИ,ЛАКОМСВА ДЛЯ СОБАК / КОЛБАСКИ/МИНИ КОЛБАСКИ,66
wolt,ТАБАЧНАЯ ПРОДУКЦИЯ / L&M,ТАБАЧНАЯ ПРОДУКЦИЯ / L&M,66
wolt,УХОД И ГИГИЕНА  / Лотки и дополнительные аксессуары ,УХОД И ГИГИЕНА  / Лотки и дополнительные аксессуары ,66
wolt,УХОД ЗА ВОЛОСАМИ💇🏻‍♀️ / Стайлинг,УХОД ЗА ВОЛОСАМИ💇🏻‍♀️ / Стайлинг,66
wolt,Сладости без сахара / Сахарозаменитили,Сладости без сахара / Сахарозаменитили,66
wolt,ВЕТАПТЕКА / ПАСТЫ ДЛЯ ВЫВЕДЕНИЯ ШЕРСТИ,ВЕТАПТЕКА / ПАСТЫ ДЛЯ ВЫВЕДЕНИЯ ШЕРСТИ,66
wolt,ДЛЯ НЕГО / ВОЗБУДИТЕЛИ ДЛЯ МУЖЧИН,ДЛЯ НЕГО / ВОЗБУДИТЕЛИ ДЛЯ МУЖЧИН,66
wolt,Товары для дома / Все для праздника,Товары для дома / Все для праздника,66
wolt,УРОЛОГИЧЕСКИЕ ПРЕПАРАТЫ,УРОЛОГИЧЕСКИЕ ПРЕПАРАТЫ,66
wolt,СЫВОРОТКИ 💊,СЫВОРОТКИ 💊,66
wolt,ГОРЛО / спрей для горла,ГОРЛО / спрей для горла,66
wolt,УБОРКА ДОМА 🏡 / ДЛЯ ПОСУДЫ,УБОРКА ДОМА 🏡 / ДЛЯ ПОСУДЫ,66
wolt,FLOWER BOX,FLOWER BOX,66
wolt,"ВОЗБУДИТЕЛИ ДЛЯ ЖЕНЩИН							","ВОЗБУДИТЕЛИ ДЛЯ ЖЕНЩИН							",66
wolt,МУЖСКИЕ ТОВАРЫ ДЛЯ ВЗРОСЛЫХ / ЭРЕКЦИОННЫЕ КОЛЬЦА,МУЖСКИЕ ТОВАРЫ ДЛЯ ВЗРОСЛЫХ / ЭРЕКЦИОННЫЕ КОЛЬЦА,66
wolt,Dr.Althea,Dr.Althea,66
wolt,ИГРУШКИ-СЮРПРИЗ / Для девочек ,ИГРУШКИ-СЮРПРИЗ / Для девочек ,66
wolt,ВИТАМИНЫ BEAPHAR🐱🐶,ВИТАМИНЫ BEAPHAR🐱🐶,66
wolt,СЕТЫ,СЕТЫ,66
wolt,ГИГИЕНА И БЫТОВАЯ ХИМИЯ 🧼 / Шампуни,ГИГИЕНА И БЫТОВАЯ ХИМИЯ 🧼 / Шампуни,66
wolt,КОРМ ДЛЯ ПОПУГАЕВ И ПТИЦ🦜,КОРМ ДЛЯ ПОПУГАЕВ И ПТИЦ🦜,66
wolt,ХЕРЕС 🥃,ХЕРЕС 🥃,66
wolt,"Снэки(Чипсы,семечки,попкорн) / Попкорн","Снэки(Чипсы,семечки,попкорн) / Попкорн",66
wolt,"ЛАКОМСТВА ДЛЯ СОБАК🐕 / Денты, зубочистки","ЛАКОМСТВА ДЛЯ СОБАК🐕 / Денты, зубочистки",66
wolt,ГИГИЕНА И БЫТОВАЯ ХИМИЯ 🧴 / ПРОКЛАДКИ И ТАМПОНЫ,ГИГИЕНА И БЫТОВАЯ ХИМИЯ 🧴 / ПРОКЛАДКИ И ТАМПОНЫ,66
wolt,СРЕДСТВА ЛИЧНОЙ ГИГИЕНЫ 🧽 / Зубные Щетки,СРЕДСТВА ЛИЧНОЙ ГИГИЕНЫ 🧽 / Зубные Щетки,66
wolt,"    Хлеб, выпечка, печенье /         Печенье, кексы, пряники весовые расфасованные","    Хлеб, выпечка, печенье /         Печенье, кексы, пряники весовые расфасованные",66
wolt,"    Полуфабрикаты /         Пельмени, вареники","    Полуфабрикаты /         Пельмени, вареники",66
wolt,КОВРИКИ ПОД ЛОТОК🚽,КОВРИКИ ПОД ЛОТОК🚽,66
wolt,ДЕТСКОЕ МЕНЮ 🧆 / НАПИТКИ,ДЕТСКОЕ МЕНЮ 🧆 / НАПИТКИ,66
wolt,ОДНОСОЛОДОВЫЙ ВИСКИ 🥃,ОДНОСОЛОДОВЫЙ ВИСКИ 🥃,66
wolt,КАНЦЕЛЯРИЯ / ТЕТРАДИ,КАНЦЕЛЯРИЯ / ТЕТРАДИ,66
wolt,Чай Кофе Gutenberg / Сиропы,Чай Кофе Gutenberg / Сиропы,66
wolt,ВЛАЖНЫЙ КОРМ ДЛЯ СОБАК 🐶 / Monge,ВЛАЖНЫЙ КОРМ ДЛЯ СОБАК 🐶 / Monge,66
wolt,КОГТЕТОЧКИ🐾 / КОГТЕТОЧКИ-ДОМИКИ🐾,КОГТЕТОЧКИ🐾 / КОГТЕТОЧКИ-ДОМИКИ🐾,66
wolt,Алкогольные напитки / Аперитив,Алкогольные напитки / Аперитив,65
wolt,МОЛОЧНЫЕ ПРОДУКТЫ / Сырки,МОЛОЧНЫЕ ПРОДУКТЫ / Сырки,65
wolt,ПАСТА ДЛЯ ВЫВОДА ШЕРСТИ🧶🐱,ПАСТА ДЛЯ ВЫВОДА ШЕРСТИ🧶🐱,65
wolt,АЛКОГОЛЬ🍷 / Настойки,АЛКОГОЛЬ🍷 / Настойки,65
wolt,Лекарственные средства / Препараты для предстательной железы,Лекарственные средства / Препараты для предстательной железы,65
wolt,Десерты на пшеничной муке и сахарном песке 🥮,Десерты на пшеничной муке и сахарном песке 🥮,65
wolt,"БЫТОВАЯ ХИМИЯ, УБОРКА / Предметы для уборки","БЫТОВАЯ ХИМИЯ, УБОРКА / Предметы для уборки",65
wolt,Лекарственные средства / Лекарства от простатита,Лекарственные средства / Лекарства от простатита,65
wolt,Ушные капли и лосьоны,Ушные капли и лосьоны,65
wolt,Фрукты / Экзотические фрукты,Фрукты / Экзотические фрукты,65
wolt,СЛАДКАЯ ВЫПЕЧКА 🥨,СЛАДКАЯ ВЫПЕЧКА 🥨,65
wolt,ТАБАЧНАЯ ПРОДУКЦИЯ / Terea,ТАБАЧНАЯ ПРОДУКЦИЯ / Terea,64
wolt,Средства для мытья посуды,Средства для мытья посуды,64
wolt,"    Молочная продукция, сыр, яйцо /         Творог, Творожная масса","    Молочная продукция, сыр, яйцо /         Творог, Творожная масса",64
wolt,ТАБАЧНАЯ ПРОДУКЦИЯ / Parliament,ТАБАЧНАЯ ПРОДУКЦИЯ / Parliament,64
wolt,НАПОЛНИТЕЛИ ДЛЯ КОШАЧЬЕГО ТУАЛЕТА 🐱 / Древесные,НАПОЛНИТЕЛИ ДЛЯ КОШАЧЬЕГО ТУАЛЕТА 🐱 / Древесные,64
wolt,"Мясо и птица / Фарш","Мясо и птица / Фарш",64
wolt,SOLGAR,SOLGAR,64
wolt,ТОВАРЫ ДЛЯ ДОМА / Средства антистатические,ТОВАРЫ ДЛЯ ДОМА / Средства антистатические,63
wolt,СНЭКИ🍖,СНЭКИ🍖,63
wolt,СЛАДКОЕ / Шоколад,СЛАДКОЕ / Шоколад,63
wolt,ЛЕКАРСТВА И БАДЫ💊 / Средства влияющие на систему крови,ЛЕКАРСТВА И БАДЫ💊 / Средства влияющие на систему крови,63
wolt,"Масло, сыр, яйца / Копченые сыры и снеки","Масло, сыр, яйца / Копченые сыры и снеки",63
wolt,Сладости и снеки / Сезонные коллекции,Сладости и снеки / Сезонные коллекции,63
wolt,КОНФЕТЫ И СЛАДОСТИ / Тарталетки,КОНФЕТЫ И СЛАДОСТИ / Тарталетки,63
wolt,Свечки,Свечки,62
wolt,Пион💮,Пион💮,62
wolt,BUBBLE TEA ,BUBBLE TEA ,62
wolt,БАКАЛЕЯ🍝  🍚,БАКАЛЕЯ🍝  🍚,62
wolt,"ЭЛЕКТРОНИКА,ТЕХНОТОВАРЫ,АКСЕССУАРЫ ДЛЯ СМАРТФОНОВ / КОМПЬЮТЕРНЫЕ  АКСЕССУАРЫ ","ЭЛЕКТРОНИКА,ТЕХНОТОВАРЫ,АКСЕССУАРЫ ДЛЯ СМАРТФОНОВ / КОМПЬЮТЕРНЫЕ  АКСЕССУАРЫ ",61
wolt,ПРОФЕССИОНАЛЬНАЯ КОСМЕТИКА / BIODERMA,ПРОФЕССИОНАЛЬНАЯ КОСМЕТИКА / BIODERMA,61
wolt,Перекусы / Круассаны,Перекусы / Круассаны,61
wolt,СИГАРЫ,СИГАРЫ,61
wolt,Замороженные продукты / Бифштексы/ котлеты/ наггетсы/ смеси,Замороженные продукты / Бифштексы/ котлеты/ наггетсы/ смеси,60
wolt,ВЛАЖНЫЕ КОРМА ДЛЯ СОБАК / Деревенские лакомства,ВЛАЖНЫЕ КОРМА ДЛЯ СОБАК / Деревенские лакомства,60
wolt,Колбасы и сосиски / Для жарки,Колбасы и сосиски / Для жарки,60
wolt,ЧИСТЯЩИЕ СРЕДСТВА 🧽 / Средства Гигиены,ЧИСТЯЩИЕ СРЕДСТВА 🧽 / Средства Гигиены,60
wolt,ДЕТСКИЕ ТОВАРЫ / Зубная паста,ДЕТСКИЕ ТОВАРЫ / Зубная паста,60
wolt,ВЛАЖНЫЙ КОРМ ДЛЯ КОШЕК 🐱 / FARMINA VET LIFE 🩺😺,ВЛАЖНЫЙ КОРМ ДЛЯ КОШЕК 🐱 / FARMINA VET LIFE 🩺😺,60
wolt,Сидр,Сидр,60
wolt,ВЛАЖНЫЙ КОРМ ДЛЯ КОШЕК 🐱 / KING КОРМ🐱😍,ВЛАЖНЫЙ КОРМ ДЛЯ КОШЕК 🐱 / KING КОРМ🐱😍,60
wolt,"КОГТЕТОЧКИ, ДОМИКИ 🐾","КОГТЕТОЧКИ, ДОМИКИ 🐾",60
wolt,Компотики 🥤 // Компоттар 🥤,Компотики 🥤 // Компоттар 🥤,60
wolt,СУХИЕ КОРМА ДЛЯ СОБАК / Grandorf VETDIET,СУХИЕ КОРМА ДЛЯ СОБАК / Grandorf VETDIET,60
wolt,"АЛКОГОЛЬНЫЕ НАПИТКИ 🥃 / ЛИКЕР","АЛКОГОЛЬНЫЕ НАПИТКИ 🥃 / ЛИКЕР",60
wolt,ПРОТИВОМИКРОБНЫЕ ПРЕПАРАТЫ,ПРОТИВОМИКРОБНЫЕ ПРЕПАРАТЫ,60
wolt,БАНДАЖИ,БАНДАЖИ,60
wolt,"БЕЗАЛКОГОЛЬНЫЕ НАПИТКИ / СОК","БЕЗАЛКОГОЛЬНЫЕ НАПИТКИ / СОК",60
wolt,ЭКО-СЕРИЯ,ЭКО-СЕРИЯ,60
wolt,ФИСТИНГ (БОЛЬШИЕ ИГРУШКИ),ФИСТИНГ (БОЛЬШИЕ ИГРУШКИ),60
wolt,ПРОКЛАДКИ,ПРОКЛАДКИ,60
wolt,АМУНИЦИЯ 🐎,АМУНИЦИЯ 🐎,60
wolt,СЛАДКАЯ ВЫПЕЧКА🍰,СЛАДКАЯ ВЫПЕЧКА🍰,60
wolt,"ДНЯ НЕГО / ЭРЕКЦИОННЫЕ КОЛЬЦА","ДНЯ НЕГО / ЭРЕКЦИОННЫЕ КОЛЬЦА",60
wolt,Айс Ти Боба Джус,Айс Ти Боба Джус,60
wolt,Канцтовары / Бумажная продукция,Канцтовары / Бумажная продукция,60
wolt,КАНЦЕЛЯРИЯ,КАНЦЕЛЯРИЯ,60
wolt,ПРЕПАРАТЫ,ПРЕПАРАТЫ,60
wolt,БАКЛАВА,БАКЛАВА,60
wolt,Товары для дома,Товары для дома,60
wolt,ВЕТЕРИНАРНЫЕ ПРЕПАРАТЫ 💊 / Добавки для кошек,ВЕТЕРИНАРНЫЕ ПРЕПАРАТЫ 💊 / Добавки для кошек,60
wolt,"ПРЕЗИРВАТИВЫ / ЛАТЕКСНЫЕ","ПРЕЗИРВАТИВЫ / ЛАТЕКСНЫЕ",60
wolt,ВЕТЕРИНАРНЫЕ ПРЕПАРАТЫ 💊 / Глистогонные препараты,ВЕТЕРИНАРНЫЕ ПРЕПАРАТЫ 💊 / Глистогонные препараты,60
wolt,"ПРЕЗЕРВАТИВЫ / КЛАССИЧЕСКИЕ","ПРЕЗЕРВАТИВЫ / КЛАССИЧЕСКИЕ",60
wolt,ТОВАРЫ ДЛЯ ДОМА 🏠 / ЖИДКОСТИ ДЛЯ ЧИСТКИ,ТОВАРЫ ДЛЯ ДОМА 🏠 / ЖИДКОСТИ ДЛЯ ЧИСТКИ,60
wolt,"ВОДКА, НАСТОЙКИ 🍶 / Настойки","ВОДКА, НАСТОЙКИ 🍶 / Настойки",60
wolt,ПОСУДА  / СКОВОРОДКИ И КАСТРЮЛИ ,ПОСУДА  / СКОВОРОДКИ И КАСТРЮЛИ ,60
wolt,АНТИВОЗРАСТНАЯ КОСМЕТИКА 🤩,АНТИВОЗРАСТНАЯ КОСМЕТИКА 🤩,60
wolt,ПОСУДА И ПАКЕТЫ / Посуда,ПОСУДА И ПАКЕТЫ / Посуда,60
wolt,Blitz / Влажный корм для кошек,Blitz / Влажный корм для кошек,60
wolt,Крем и таблетки для Протезов ,Крем и таблетки для Протезов ,60
wolt,СТРОИТЕЛЬСТВО И РЕМОНТ / СЪЕМНИКИ,СТРОИТЕЛЬСТВО И РЕМОНТ / СЪЕМНИКИ,60
wolt,ИГРУШКИ ДЛЯ КОШЕК 🎣,ИГРУШКИ ДЛЯ КОШЕК 🎣,60
wolt,"    Полуфабрикаты /         Наггетсы, крылышки","    Полуфабрикаты /         Наггетсы, крылышки",60
wolt,"    Товары для дома /         Пергамент, рукав, фольга","    Товары для дома /         Пергамент, рукав, фольга",60
wolt,ИГРУШКИ🧸,ИГРУШКИ🧸,60
wolt,МЯСНАЯ ПРОДУКЦИЯ🍖,МЯСНАЯ ПРОДУКЦИЯ🍖,60
wolt,ТОВАРЫ ДЛЯ ДОМА 🏠 / САЛФЕТКИ ,ТОВАРЫ ДЛЯ ДОМА 🏠 / САЛФЕТКИ ,60
wolt,СМУЗИ 🥝,СМУЗИ 🥝,60
wolt,"ДЕТСКОЕ ПИТАНИЕ 👶🏻 / ПИТАНИЕ ДЛЯ ДЕТЕЙ","ДЕТСКОЕ ПИТАНИЕ 👶🏻 / ПИТАНИЕ ДЛЯ ДЕТЕЙ",60
wolt,КОСМЕТИКА И УХОД / ГЕЛИ ДЛЯ ДУША,КОСМЕТИКА И УХОД / ГЕЛИ ДЛЯ ДУША,60
wolt,КОНСЕРВЫ ОВОЩНЫЕ И ФРУКТОВЫЕ ,КОНСЕРВЫ ОВОЩНЫЕ И ФРУКТОВЫЕ ,60
wolt,КОРМА НА РАЗВЕС / MONGE,КОРМА НА РАЗВЕС / MONGE,60
wolt,Spring Special 🌸,Spring Special 🌸,60
wolt,😺СУХОЙ КОРМ ДЛЯ КОШЕК (НА РАЗВЕС) 🐈 / TRENDLINE😺,😺СУХОЙ КОРМ ДЛЯ КОШЕК (НА РАЗВЕС) 🐈 / TRENDLINE😺,60
wolt,СУХОЙ КОРМ ДЛЯ КОШЕК (НА РАЗВЕС) 🐈 / SIRIUS😸,СУХОЙ КОРМ ДЛЯ КОШЕК (НА РАЗВЕС) 🐈 / SIRIUS😸,60
wolt,😺СУХОЙ КОРМ ДЛЯ КОШЕК (НА РАЗВЕС) 🐈 / SIRIUS😺,😺СУХОЙ КОРМ ДЛЯ КОШЕК (НА РАЗВЕС) 🐈 / SIRIUS😺,60
wolt,"14 ФЕВРАЛЯ  / 14 ФЕВРАЛЯ ","14 ФЕВРАЛЯ  / 14 ФЕВРАЛЯ ",60
wolt,ВСЕ ДЛЯ ПРАЗДНИКА🎊 / ТОППЕР,ВСЕ ДЛЯ ПРАЗДНИКА🎊 / ТОППЕР,60
wolt,СТРОИТЕЛЬСТВО И РЕМОНТ / ДРЕЛИ УДАРНЫЕ,СТРОИТЕЛЬСТВО И РЕМОНТ / ДРЕЛИ УДАРНЫЕ,60
wolt,УХОД ЗА ТЕЛОМ🧴 / Пилинги и скрабы,УХОД ЗА ТЕЛОМ🧴 / Пилинги и скрабы,60
wolt,SIBARIST FILTERS,SIBARIST FILTERS,60
wolt,КОНТРАЦЕПТИВЫ ,КОНТРАЦЕПТИВЫ ,60
wolt,"ВСЕ ДЛЯ СТИРКИ / Стиральные порошки, капсулы","ВСЕ ДЛЯ СТИРКИ / Стиральные порошки, капсулы",60
wolt,Хозяйственные товары / Инсектициды и репедленты,Хозяйственные товары / Инсектициды и репедленты,60
wolt,ПИРОГИ 26 СМ В ДИАМЕТРЕ🥧,ПИРОГИ 26 СМ В ДИАМЕТРЕ🥧,60
wolt,КОСМЕТИКА И УХОД / ХРАНЕНИЕ ИГРУШЕК,КОСМЕТИКА И УХОД / ХРАНЕНИЕ ИГРУШЕК,60
wolt,БЕЗОПАСНЫЙ МАНИКЮР,БЕЗОПАСНЫЙ МАНИКЮР,60
wolt,БЫТОВАЯ ХИМИЯ / ПРЕДМЕТЫ ДЛЯ УБОРКИ,БЫТОВАЯ ХИМИЯ / ПРЕДМЕТЫ ДЛЯ УБОРКИ,60
wolt,😺СУХОЙ КОРМ ДЛЯ КОШЕК (НА РАЗВЕС) 🐈 / LEONARDO😺,😺СУХОЙ КОРМ ДЛЯ КОШЕК (НА РАЗВЕС) 🐈 / LEONARDO😺,60
wolt,ЗАМОРОЖЕННЫЕ ПРОДУКТЫ / ЛЕД,ЗАМОРОЖЕННЫЕ ПРОДУКТЫ / ЛЕД,60
wolt,"ПЕЛЕНКИ, САЛФЕТКИ","ПЕЛЕНКИ, САЛФЕТКИ",60
wolt,ЛИЧНАЯ ГИГИЕНА🧻 / УХОД,ЛИЧНАЯ ГИГИЕНА🧻 / УХОД,60
wolt,Патчи от прыщей,Патчи от прыщей,60
wolt,АРОМАТЫ🌸 / Парфюм мужской,АРОМАТЫ🌸 / Парфюм мужской,60
wolt,"ПАКЕТЫ 📦 / МАЕЧКИ, С РУЧКАМИ","ПАКЕТЫ 📦 / МАЕЧКИ, С РУЧКАМИ",60
wolt,СУХОЙ КОРМ ДЛЯ КОШЕК 🐈 / Royal Canin,СУХОЙ КОРМ ДЛЯ КОШЕК 🐈 / Royal Canin,60
wolt,QAZAQSALT etno stores ✍🏻 / РУЧКИ,QAZAQSALT etno stores ✍🏻 / РУЧКИ,60
wolt,СОЗДАЙ СВЕЧИ САМ 🙌🏻,СОЗДАЙ СВЕЧИ САМ 🙌🏻,60
wolt,"ЛУБРИКАНТЫ, БАДы, ГИГИЕНА / ОРАЛЬНЫЕ СМАЗКИ","ЛУБРИКАНТЫ, БАДы, ГИГИЕНА / ОРАЛЬНЫЕ СМАЗКИ",60
wolt,ОТХАРКИВАЮЩЕЕ СРЕДСТВО РАСТИТ. ПРОИСХ,ОТХАРКИВАЮЩЕЕ СРЕДСТВО РАСТИТ. ПРОИСХ,60
wolt,"    Мясо, Птица, Колбаса /         Колбаса копчёная","    Мясо, Птица, Колбаса /         Колбаса копчёная",60
wolt,"ТОВАРЫ ДЛЯ ОТДЫХА / РЕПЕЛЛЕНТЫ, ИНСЕКТИЦИДЫ","ТОВАРЫ ДЛЯ ОТДЫХА / РЕПЕЛЛЕНТЫ, ИНСЕКТИЦИДЫ",60
wolt,СУХОЙ КОРМ ДЛЯ КОШЕК (НА РАЗВЕС) 🐈 / ALPHA PET 🐱❤️,СУХОЙ КОРМ ДЛЯ КОШЕК (НА РАЗВЕС) 🐈 / ALPHA PET 🐱❤️,60
wolt,ProBalance / Влажный корм для кошек,ProBalance / Влажный корм для кошек,60
wolt,"ЗАКУСКИ / СЕМЕЧКИ","ЗАКУСКИ / СЕМЕЧКИ",60
wolt,"ОПИЛКИ,СЕНО","ОПИЛКИ,СЕНО",60
wolt,"ТОВАРЫ ДЛЯ ПТИЦ / ДОБАВКИ, ВИТАМИНЫ, ПЕСОК ДЛЯ ПТИЦ","ТОВАРЫ ДЛЯ ПТИЦ / ДОБАВКИ, ВИТАМИНЫ, ПЕСОК ДЛЯ ПТИЦ",60
wolt,ДНЯ НЕГО / ВОЗБУЖДАЮЩИЕ СРЕДСТВА,ДНЯ НЕГО / ВОЗБУЖДАЮЩИЕ СРЕДСТВА,60
wolt,СУХОЙ КОРМ ДЛЯ КОШЕК (В УПАКОВКЕ) 🐈 / AlphaPet😻,СУХОЙ КОРМ ДЛЯ КОШЕК (В УПАКОВКЕ) 🐈 / AlphaPet😻,60
wolt,МАСКИ ДЛЯ ЛИЦА 🧏🏻,МАСКИ ДЛЯ ЛИЦА 🧏🏻,60
wolt,ТОППИНГИ 🍫,ТОППИНГИ 🍫,60
wolt,ДЛЯ МАМЫ И РЕБЕНКА 👩🏻‍🍼 / ПРИСЫПКА,ДЛЯ МАМЫ И РЕБЕНКА 👩🏻‍🍼 / ПРИСЫПКА,60
wolt,ГИГИЕНА И УХОД 🧴,ГИГИЕНА И УХОД 🧴,60
wolt,"ТРДЕЛЬНИКИ","ТРДЕЛЬНИКИ",60
wolt,CREED / Creed Carmina,CREED / Creed Carmina,60
wolt,ТЮЛЬПАНЫ 🌷,ТЮЛЬПАНЫ 🌷,60
wolt,"МАСЛО / МАСЛО ОЛИВКОВОЕ Oro Español","МАСЛО / МАСЛО ОЛИВКОВОЕ Oro Español",60
wolt,😺СУХОЙ КОРМ ДЛЯ КОШЕК (В УПАКОВКЕ) 🐈 / FARMINA 🐾,😺СУХОЙ КОРМ ДЛЯ КОШЕК (В УПАКОВКЕ) 🐈 / FARMINA 🐾,60
wolt,УБОРКА ДОМА / Освежители воздуха,УБОРКА ДОМА / Освежители воздуха,60
wolt,Гортензия🌸,Гортензия🌸,60
wolt,ДЛЯ МАМЫ И РЕБЕНКА 👩🏻‍🍼 / ПЕЛЕНКИ,ДЛЯ МАМЫ И РЕБЕНКА 👩🏻‍🍼 / ПЕЛЕНКИ,60
wolt,"King Корм, корм для собак и кошек","King Корм, корм для собак и кошек",60
wolt,ДЛЯ ЛИЦА И ТЕЛА🧼,ДЛЯ ЛИЦА И ТЕЛА🧼,60
wolt,КОСМЕТИЧЕСКИЕ И ГИГИЕНИЧЕСКИЕ СРЕДСТВА💄 / Ароматерапия и косметические масла,КОСМЕТИЧЕСКИЕ И ГИГИЕНИЧЕСКИЕ СРЕДСТВА💄 / Ароматерапия и косметические масла,60
wolt,Корейские сладости / Конфеты и леденцы,Корейские сладости / Конфеты и леденцы,60
wolt,"Молочные продукты, яйца / Альтернативное молоко","Молочные продукты, яйца / Альтернативное молоко",60
wolt,КОФЕЙНЯ / Сладкая выпечка,КОФЕЙНЯ / Сладкая выпечка,60
wolt,Classic чай,Classic чай,60
wolt,ЖЕНСКАЯ ГИГИЕНА ,ЖЕНСКАЯ ГИГИЕНА ,60
wolt,Боба-Милк,Боба-Милк,60
wolt,ДВУХНЕДЕЛЬНЫЕ ЛИНЗЫ,ДВУХНЕДЕЛЬНЫЕ ЛИНЗЫ,60
wolt,МЯГКИЕ ИГРУШКИ,МЯГКИЕ ИГРУШКИ,60
wolt,"БАКАЛЕЯ  / МУЧНАЯ ПРОДУКЦИЯ","БАКАЛЕЯ  / МУЧНАЯ ПРОДУКЦИЯ",60
wolt,"    Молочная продукция, сыр, яйцо /         Сливки, Сухие сливки","    Молочная продукция, сыр, яйцо /         Сливки, Сухие сливки",60
wolt,УХОД ЗА КОЖЕЙ ЛИЦА🧖‍♀️ / КРЕМ ДЛЯ ЛИЦА,УХОД ЗА КОЖЕЙ ЛИЦА🧖‍♀️ / КРЕМ ДЛЯ ЛИЦА,60
wolt,БЛИНЫ🥞,БЛИНЫ🥞,60
wolt,КОМНАТНЫЕ РАСТЕНИЯ 🌷,КОМНАТНЫЕ РАСТЕНИЯ 🌷,60
wolt,ЛАКОМСТВА ДЛЯ КОШЕК 😻 / PETMETRO🐱😋,ЛАКОМСТВА ДЛЯ КОШЕК 😻 / PETMETRO🐱😋,60
wolt,Спортивное питание / Аксессуары для упражнений и фитнеса,Спортивное питание / Аксессуары для упражнений и фитнеса,60
wolt,ВЛАЖНЫЕ КОРМА ДЛЯ КОШЕК / BUFFALO,ВЛАЖНЫЕ КОРМА ДЛЯ КОШЕК / BUFFALO,60
wolt,ЛАКОМСТВА ДЛЯ КОШЕК😻 / Колбаски,ЛАКОМСТВА ДЛЯ КОШЕК😻 / Колбаски,60
wolt,"Чипсы, орехи, снэки / Нори","Чипсы, орехи, снэки / Нори",60
wolt,КОМБО 🧆,КОМБО 🧆,60
wolt,УХОД ЗА ТЕЛОМ🧴 / Очищение,УХОД ЗА ТЕЛОМ🧴 / Очищение,60
wolt,"КОЛЬЦА ДЛЯ ПЕНИСА							","КОЛЬЦА ДЛЯ ПЕНИСА							",60
wolt,СЕРТИФКАТЫ 💌,СЕРТИФКАТЫ 💌,60
wolt,ЛАКОМСТВА ДЛЯ СОБАК🐕 / Titbit ,ЛАКОМСТВА ДЛЯ СОБАК🐕 / Titbit ,60
wolt,СВЕЧИ И ДИФФУЗОРЫ / СВЕЧИ,СВЕЧИ И ДИФФУЗОРЫ / СВЕЧИ,60
wolt,АЛКОГОЛЬ 🥃 / Коньяк,АЛКОГОЛЬ 🥃 / Коньяк,60
wolt,"АЛКОГОЛЬ🍷 / Виски, Ром","АЛКОГОЛЬ🍷 / Виски, Ром",60
wolt,"САЛФЕТКИ, БУМАЖНЫЕ ПОЛОТЕНЦА 🧖‍♀️","САЛФЕТКИ, БУМАЖНЫЕ ПОЛОТЕНЦА 🧖‍♀️",60
wolt,АЛКОГОЛЬ 🥃 / Вермут,АЛКОГОЛЬ 🥃 / Вермут,60
wolt,СЕТЫ 😍,СЕТЫ 😍,60
wolt,Спрей от аллергии / Аллергия,Спрей от аллергии / Аллергия,59
wolt,"МАСЛО, СЫР, ЯЙЦА 🧀🥚 / Моцарелла","МАСЛО, СЫР, ЯЙЦА 🧀🥚 / Моцарелла",59
wolt,Алкогольные напитки / Другие спиртные напитки,Алкогольные напитки / Другие спиртные напитки,59
wolt,КОСМЕТИКА 🎀 / ДЛЯ ВЕК 👁️,КОСМЕТИКА 🎀 / ДЛЯ ВЕК 👁️,59
wolt,Растительные продукты / Растительные ингредиенты и деликатесы,Растительные продукты / Растительные ингредиенты и деликатесы,59
wolt,ПРИ ГЕМОРРОЕ,ПРИ ГЕМОРРОЕ,59
wolt,НАПИТКИ 🥤 / Морс и отвар,НАПИТКИ 🥤 / Морс и отвар,59
wolt,ТОВАРЫ ДЛЯ ГРЫЗУНОВ  / АКСЕССУАРЫ ДЛЯ ГРЫЗУНОВ ,ТОВАРЫ ДЛЯ ГРЫЗУНОВ  / АКСЕССУАРЫ ДЛЯ ГРЫЗУНОВ ,58
wolt,Бисквиты,Бисквиты,58
wolt,МЕДИЦИНСКИЕ ИЗДЕЛИЯ И МЕДТЕХНИКА💉 / Ортопедические изделия,МЕДИЦИНСКИЕ ИЗДЕЛИЯ И МЕДТЕХНИКА💉 / Ортопедические изделия,58
wolt,ЛЕКАРСТВЕННЫЕ СРЕДСТВА 💊 / СОРБЕНТЫ,ЛЕКАРСТВЕННЫЕ СРЕДСТВА 💊 / СОРБЕНТЫ,58
wolt,ВЛАЖНЫЙ КОРМ ДЛЯ КОШЕК 🐈‍⬛ / Gourmet ,ВЛАЖНЫЙ КОРМ ДЛЯ КОШЕК 🐈‍⬛ / Gourmet ,58
wolt,МОЛОЧНЫЕ ПРОДУКТЫ / Құрт,МОЛОЧНЫЕ ПРОДУКТЫ / Құрт,58
wolt,ТОВАРЫ ДЛЯ ЖИВОТНЫХ 🐾 / Для кошек,ТОВАРЫ ДЛЯ ЖИВОТНЫХ 🐾 / Для кошек,58
wolt,ОСНОВЫ ДЛЯ НАПИТКОВ T-stick,ОСНОВЫ ДЛЯ НАПИТКОВ T-stick,58
wolt,БУРБОН 🥃,БУРБОН 🥃,57
wolt,"КОЛБАСЫ 🍖 / ВЕТЧИНА","КОЛБАСЫ 🍖 / ВЕТЧИНА",57
wolt,Экохимия и натуральный уход / Для мытья посуды,Экохимия и натуральный уход / Для мытья посуды,57
wolt,Красота и уход / Мыло,Красота и уход / Мыло,57
wolt,ТАБАЧНАЯ ПРОДУКЦИЯ / Chapman,ТАБАЧНАЯ ПРОДУКЦИЯ / Chapman,56
wolt,НАПОЛНИТЕЛИ ДЛЯ КОШАЧЬЕГО ТУАЛЕТА (В УПАКОВКЕ) / CAT STEP🐈,НАПОЛНИТЕЛИ ДЛЯ КОШАЧЬЕГО ТУАЛЕТА (В УПАКОВКЕ) / CAT STEP🐈,56
wolt,"Кофе, чай, какао / Капсулы кофе","Кофе, чай, какао / Капсулы кофе",56
wolt,БУКЕТЫ С ХРИЗАНТЕМОЙ от CACTUS,БУКЕТЫ С ХРИЗАНТЕМОЙ от CACTUS,56
wolt,Электроника / Автомобильная электроника,Электроника / Автомобильная электроника,55
wolt,😺СУХОЙ КОРМ ДЛЯ КОШЕК (В УПАКОВКЕ) 🐈 / MONGE VETSOLUTION🐾,😺СУХОЙ КОРМ ДЛЯ КОШЕК (В УПАКОВКЕ) 🐈 / MONGE VETSOLUTION🐾,55
wolt,Зоотовары / Корма для собак/ витамины,Зоотовары / Корма для собак/ витамины,55
wolt,Лекарственные средства / Препараты от угрей и акне,Лекарственные средства / Препараты от угрей и акне,55
wolt,Перекусы / Обеды,Перекусы / Обеды,55
wolt,"Завтраки / Каши быстрого приготовления","Завтраки / Каши быстрого приготовления",55
wolt,"КОЛБАСЫ 🍖 / КОЛБАСКИ","КОЛБАСЫ 🍖 / КОЛБАСКИ",55
wolt,🐶СУХОЙ КОРМ ДЛЯ СОБАК (В УПАКОВКЕ)🐶 / ДИЛЛИ🐕‍🦺,🐶СУХОЙ КОРМ ДЛЯ СОБАК (В УПАКОВКЕ)🐶 / ДИЛЛИ🐕‍🦺,55
wolt,ПИВО🍻 / Сидр разливной,ПИВО🍻 / Сидр разливной,55
wolt,до 25 000 тг,до 25 000 тг,54
wolt,СТРОИТЕЛЬСТВО И РЕМОНТ / СТРИППЕРЫ,СТРОИТЕЛЬСТВО И РЕМОНТ / СТРИППЕРЫ,54
wolt,КРЕМА ДЛЯ ТЕЛА И РУК,КРЕМА ДЛЯ ТЕЛА И РУК,54
wolt,🧠 Обучающие наборы,🧠 Обучающие наборы,54
wolt,MILK TEA 🥛,MILK TEA 🥛,54
wolt,ТОВАРЫ ДЛЯ ДОМА 🏠 / МЫЛО 🧼,ТОВАРЫ ДЛЯ ДОМА 🏠 / МЫЛО 🧼,54
wolt,ВОЗБУЖДАЮЩИЕ СРЕДСТВА / ЖЕНСКИЕ,ВОЗБУЖДАЮЩИЕ СРЕДСТВА / ЖЕНСКИЕ,54
wolt,"13 см / 650-750 гр / Прикольные 🥰","13 см / 650-750 гр / Прикольные 🥰",54
wolt,МАСЛО / МАСЛО АВОКАДО,МАСЛО / МАСЛО АВОКАДО,54
wolt,НОВОГОДНИЕ ТОВАРЫ🎄 / БАНТЫ,НОВОГОДНИЕ ТОВАРЫ🎄 / БАНТЫ,54
wolt,НОВИНКИ🔥,НОВИНКИ🔥,54
wolt,СИДР 🍺,СИДР 🍺,54
wolt,Глистогонные препараты ,Глистогонные препараты ,54
wolt,КУЛИНАРИЯ / БЛЮДА ИЗ КУРИЦЫ,КУЛИНАРИЯ / БЛЮДА ИЗ КУРИЦЫ,54
wolt,ТОВАРЫ ДЛЯ ДОМА 🏠 / Корзины для пикника,ТОВАРЫ ДЛЯ ДОМА 🏠 / Корзины для пикника,54
wolt,ЛАКОМСТВА ДЛЯ КОШЕК😻 / НАРЕЗКА,ЛАКОМСТВА ДЛЯ КОШЕК😻 / НАРЕЗКА,54
wolt,НАПИТКИ ,НАПИТКИ ,54
wolt,ВЛАЖНЫЕ КОРМА ДЛЯ КОШЕК / Sheba ,ВЛАЖНЫЕ КОРМА ДЛЯ КОШЕК / Sheba ,54
wolt,LAGOM,LAGOM,54
wolt,ВЕТАПТЕКА / КАПЛИ/ЛОСЬОНЫ ДЛЯ ГЛАЗ,ВЕТАПТЕКА / КАПЛИ/ЛОСЬОНЫ ДЛЯ ГЛАЗ,54
wolt,"ПРОЧЕЕ","ПРОЧЕЕ",54
wolt,ДЛЯ НЕЕ / ВОЗБУДИТЕЛИ ДЛЯ ЖЕНЩИН,ДЛЯ НЕЕ / ВОЗБУДИТЕЛИ ДЛЯ ЖЕНЩИН,54
wolt,ЛАКОМСТВА ДЛЯ КОШЕК /  DREAMIES,ЛАКОМСТВА ДЛЯ КОШЕК /  DREAMIES,54
wolt,ВЕТАПТЕКА / УХОД И ЛЕЧЕНИЕ РОТОВОЙ ПОЛОСТИ,ВЕТАПТЕКА / УХОД И ЛЕЧЕНИЕ РОТОВОЙ ПОЛОСТИ,54
wolt,ВОДА 💧 / Без газа,ВОДА 💧 / Без газа,54
wolt,МИНИ АЛКОГОЛЬ🍾,МИНИ АЛКОГОЛЬ🍾,54
wolt,НАПОЛНИТЕЛИ 🧻 / Древесный,НАПОЛНИТЕЛИ 🧻 / Древесный,54
wolt,COMBO,COMBO,54
wolt,СОУСЫ / ПРОЧЕЕ,СОУСЫ / ПРОЧЕЕ,54
wolt,🎁ПОДАРКИ  и ПОДАРОЧНАЯ УПАКОВКА🎀 / ПОДАРКИ🎁,🎁ПОДАРКИ  и ПОДАРОЧНАЯ УПАКОВКА🎀 / ПОДАРКИ🎁,54
wolt,СНЭКИ 🍟 / Семечки,СНЭКИ 🍟 / Семечки,54
wolt,"ЗАКУСКИ / ЧЕЧИЛ","ЗАКУСКИ / ЧЕЧИЛ",54
wolt,"ВЛАЖНЫЙ КОРМ ДЛЯ КОШЕК 🐈 / Probalance 🇷🇺","ВЛАЖНЫЙ КОРМ ДЛЯ КОШЕК 🐈 / Probalance 🇷🇺",54
wolt,"Хондропротекторы (Хондроитин , Глюкозамин )","Хондропротекторы (Хондроитин , Глюкозамин )",54
wolt,Подарочные наборы / Подарочные сертификаты,Подарочные наборы / Подарочные сертификаты,54
wolt,Органический чай,Органический чай,54
wolt,Красота и уход / Зубная паста и зубные щетки,Красота и уход / Зубная паста и зубные щетки,54
wolt,Бенто тортики / Бенто S 350гр.,Бенто тортики / Бенто S 350гр.,54
wolt,Противоглистные (антигельминтные) средства,Противоглистные (антигельминтные) средства,54
wolt,СУХОЙ КОРМ ДЛЯ КОШЕК 🐱 / Дарлинг\Felix🇷🇺,СУХОЙ КОРМ ДЛЯ КОШЕК 🐱 / Дарлинг\Felix🇷🇺,54
wolt,Подгузники и Трусики Детские ,Подгузники и Трусики Детские ,54
wolt,Смарт Часы,Смарт Часы,54
wolt,"МОРОЖЕНОЕ","МОРОЖЕНОЕ",54
wolt,МАКИЯЖ💄 / Помады для губ,МАКИЯЖ💄 / Помады для губ,54
wolt,Товары недели 🎁,Товары недели 🎁,54
wolt,ТОВАРЫ ДЛЯ ДОМА / ПОСТЕЛЬНОЕ БЕЛЬЕ И ПРИНАДЛЕЖНОСТИ,ТОВАРЫ ДЛЯ ДОМА / ПОСТЕЛЬНОЕ БЕЛЬЕ И ПРИНАДЛЕЖНОСТИ,54
wolt,"8 МАРТ ❤️","8 МАРТ ❤️",54
wolt,ТОНАЛЬНЫЕ СРЕДСТВА 🤩,ТОНАЛЬНЫЕ СРЕДСТВА 🤩,54
wolt,Whiskas / Влажный  рагу,Whiskas / Влажный  рагу,54
wolt,ЛАКОМСТВА ДЛЯ КОШЕК 😻 / DREAMIES🦊,ЛАКОМСТВА ДЛЯ КОШЕК 😻 / DREAMIES🦊,54
wolt,"ЗАКУСКИ / РЫБНАЯ ЗАКУСКА","ЗАКУСКИ / РЫБНАЯ ЗАКУСКА",54
wolt,Пончики🍩,Пончики🍩,54
wolt,ПРОТИВОГРИБКОВОЕ СРЕДСТВО,ПРОТИВОГРИБКОВОЕ СРЕДСТВО,54
wolt,ВЛАЖНЫЕ КОРМА ДЛЯ КОШЕК / Gourmet,ВЛАЖНЫЕ КОРМА ДЛЯ КОШЕК / Gourmet,54
wolt,ЦВЕТЫ В ПОДАРОЧНЫХ СУМОЧКАХ И КОРОБКАХ,ЦВЕТЫ В ПОДАРОЧНЫХ СУМОЧКАХ И КОРОБКАХ,54
wolt,"    Овощи и фрукты /         Свежемороженные овощи и грибы","    Овощи и фрукты /         Свежемороженные овощи и грибы",54
wolt,ИГРУШКИ ДЛЯ НЕГО / ПОМПЫ,ИГРУШКИ ДЛЯ НЕГО / ПОМПЫ,54
wolt,"АЛКОГОЛЬНЫЕ НАПИТКИ / ВИНО","АЛКОГОЛЬНЫЕ НАПИТКИ / ВИНО",54
wolt,"    Овощи и фрукты /         Орехи и сухофрукты","    Овощи и фрукты /         Орехи и сухофрукты",54
wolt,ВАЗЫ,ВАЗЫ,54
wolt,ТВОРЧЕСТВО  / Раскопки,ТВОРЧЕСТВО  / Раскопки,54
wolt,"КОФЕ","КОФЕ",54
wolt,КОТЛЕТЫ🍖,КОТЛЕТЫ🍖,54
wolt,Корм PRO PLAN🐶,Корм PRO PLAN🐶,54
wolt,ДЕКОРАТИВНАЯ КОСМЕТИКА💄 / ТЕНИ 👁️,ДЕКОРАТИВНАЯ КОСМЕТИКА💄 / ТЕНИ 👁️,54
wolt," ДЛЯ РЕПТИЛИЙ, РЫБ, УЛИТОК🐢"," ДЛЯ РЕПТИЛИЙ, РЫБ, УЛИТОК🐢",54
wolt,"МАССАЖНОЕ МАСЛА							","МАССАЖНОЕ МАСЛА							",54
wolt,Уход за волосами,Уход за волосами,54
wolt,"БАКАЛЕЯ  / МАСЛО","БАКАЛЕЯ  / МАСЛО",54
wolt,УХОД ЗА ТЕЛОМ 🧴 / ЛОСЬОНЫ ДЛЯ ТЕЛА 🪷,УХОД ЗА ТЕЛОМ 🧴 / ЛОСЬОНЫ ДЛЯ ТЕЛА 🪷,54
wolt,ЗАЩИТНЫЕ ВОРОТНИКИ ДЛЯ КОШЕК И СОБАК ,ЗАЩИТНЫЕ ВОРОТНИКИ ДЛЯ КОШЕК И СОБАК ,54
wolt,ЛЕЧЕНИЕ ЛОР ЗАБОЛЕВАНИЙ 💊,ЛЕЧЕНИЕ ЛОР ЗАБОЛЕВАНИЙ 💊,54
wolt,АНТИСТРЕССОВЫЕ ПРЕПОРАТ 🐶🐱,АНТИСТРЕССОВЫЕ ПРЕПОРАТ 🐶🐱,54
wolt,Здоровое питание и бады / Бады и витамины,Здоровое питание и бады / Бады и витамины,54
wolt,Гели и мази для полости рта ,Гели и мази для полости рта ,54
wolt,УХОД ЗА ЛИЦОМ💆🏻‍♀️ / Пилинги и скрабы,УХОД ЗА ЛИЦОМ💆🏻‍♀️ / Пилинги и скрабы,54
wolt,ЗДОРОВЫЙ ПИТОМЕЦ,ЗДОРОВЫЙ ПИТОМЕЦ,54
wolt,ПЕРЕХОДНИКИ,ПЕРЕХОДНИКИ,54
wolt,"110 мл Gelato  🍧","110 мл Gelato  🍧",54
wolt,ЛИМОНАД 🍹,ЛИМОНАД 🍹,54
wolt,ЧЕЧИЛ/СЫР,ЧЕЧИЛ/СЫР,54
wolt,Средства для обуви / дезодорант для обуви,Средства для обуви / дезодорант для обуви,54
wolt,АЛКОГОЛЬНЫЕ НАПИТКИ 🥃 / ДЖИН,АЛКОГОЛЬНЫЕ НАПИТКИ 🥃 / ДЖИН,54
wolt,"ДЕТСКОЕ ПИТАНИЕ 👶🏻 / СОКИ ДЛЯ ДЕТЕЙ","ДЕТСКОЕ ПИТАНИЕ 👶🏻 / СОКИ ДЛЯ ДЕТЕЙ",54
wolt,"☀️ЛЕТО🌴 / Мыльные пузыри, жидкость д/мыльных пузырей","☀️ЛЕТО🌴 / Мыльные пузыри, жидкость д/мыльных пузырей",54
wolt,ЛИЧНАЯ ГИГИЕНА🧻 / ЖЕНСКАЯ ГИГИЕНА,ЛИЧНАЯ ГИГИЕНА🧻 / ЖЕНСКАЯ ГИГИЕНА,54
wolt,личная гигиена / Лубриканты,личная гигиена / Лубриканты,54
wolt,АРОМАТЫ🌸 / Парфюм женский,АРОМАТЫ🌸 / Парфюм женский,54
wolt,СТИРАЛЬНЫЕ ПОРОШКИ 🧺,СТИРАЛЬНЫЕ ПОРОШКИ 🧺,54
wolt,МУЖСКИЕ СЕКС ИГРУШКИ / ЭРЕКЦИОННЫЕ КОЛЬЦА,МУЖСКИЕ СЕКС ИГРУШКИ / ЭРЕКЦИОННЫЕ КОЛЬЦА,54
wolt,"17 см / 1-1.2 кг / Прикольные 🥰","17 см / 1-1.2 кг / Прикольные 🥰",54
wolt,ГЕРОИ / Супергерои,ГЕРОИ / Супергерои,54
wolt,Витамины для кошек и собак ,Витамины для кошек и собак ,54
wolt,"ЭЛЕКТРОНИКА,ТЕХНОТОВАРЫ,АКСЕССУАРЫ ДЛЯ СМАРТФОНОВ / ЗАРЯДКИ ","ЭЛЕКТРОНИКА,ТЕХНОТОВАРЫ,АКСЕССУАРЫ ДЛЯ СМАРТФОНОВ / ЗАРЯДКИ ",54
wolt,"МУЖСКИЕ ТОВАРЫ ДЛЯ ВЗРОСЛЫХ / МАССАЖЕРЫ ПРОСТАТЫ","МУЖСКИЕ ТОВАРЫ ДЛЯ ВЗРОСЛЫХ / МАССАЖЕРЫ ПРОСТАТЫ",54
wolt,QAZAQSALT etno stores ✍🏻 / СВИТШОТЫ,QAZAQSALT etno stores ✍🏻 / СВИТШОТЫ,54
wolt,БЕЛЬЕ И ОДЕЖДА / ПЕНЬЮАРЫ И ПЛАТЬЯ,БЕЛЬЕ И ОДЕЖДА / ПЕНЬЮАРЫ И ПЛАТЬЯ,54
wolt,КОСМЕТИКА,КОСМЕТИКА,54
wolt,"    Снеки /         Сухари","    Снеки /         Сухари",54
wolt,ВСЕ ДЛЯ ПРАЗДНИКА🎊 / РАСТЯЖКА,ВСЕ ДЛЯ ПРАЗДНИКА🎊 / РАСТЯЖКА,54
wolt,Акция! 101 роза,Акция! 101 роза,54
wolt,БЫТОВАЯ ХИМИЯ / Other,БЫТОВАЯ ХИМИЯ / Other,54
wolt,"ПОДАРКИ","ПОДАРКИ",54
wolt,СРЕДСТВА ГИГИЕНЫ 🧴 / Уход за телом,СРЕДСТВА ГИГИЕНЫ 🧴 / Уход за телом,54
wolt,ФЕРОМОНЫ,ФЕРОМОНЫ,54
wolt,ОТКРЫТКИ 💞 / Карточки,ОТКРЫТКИ 💞 / Карточки,54
wolt,Спортивное питание,Спортивное питание,54
wolt,СИДР,СИДР,54
wolt,СЕКС ИГРУШКИ ДЛЯ ДВОИХ  / АНАЛЬНЫЕ СТИМУЛЯТОРЫ,СЕКС ИГРУШКИ ДЛЯ ДВОИХ  / АНАЛЬНЫЕ СТИМУЛЯТОРЫ,54
wolt,"10 см / 350-450 гр / Прикольные 🥰","10 см / 350-450 гр / Прикольные 🥰",54
wolt,"ПУДРЫ, РУМЯНА И БРОНЗАНТЫ 😊","ПУДРЫ, РУМЯНА И БРОНЗАНТЫ 😊",54
wolt,ШАМПУНЬ ДЛЯ ЖИВОТНЫХ,ШАМПУНЬ ДЛЯ ЖИВОТНЫХ,54
wolt,С ДНЁМ РОЖДЕНИЯ / Бенто L,С ДНЁМ РОЖДЕНИЯ / Бенто L,54
wolt,МЕДИЦИНСКИЕ ИЗДЕЛИЯ И МЕДТЕХНИКА💉 / Лечебный трикотаж,МЕДИЦИНСКИЕ ИЗДЕЛИЯ И МЕДТЕХНИКА💉 / Лечебный трикотаж,54
wolt,СУХОЙ КОРМ ДЛЯ КОШЕК 🐱 / Alpha Pet🇷🇺,СУХОЙ КОРМ ДЛЯ КОШЕК 🐱 / Alpha Pet🇷🇺,54
wolt,Препараты для снижения холестерина Статины,Препараты для снижения холестерина Статины,54
wolt,Акция! 51 роза / 51 роза,Акция! 51 роза / 51 роза,54
wolt,ШАМПУНЬ🐶,ШАМПУНЬ🐶,54
wolt,ВЕТЕРИНАРНЫЕ ПРЕПАРАТЫ 💊 / Регуляция половой охоты,ВЕТЕРИНАРНЫЕ ПРЕПАРАТЫ 💊 / Регуляция половой охоты,54
wolt,Кожные заболевания / Кожные заболевания,Кожные заболевания / Кожные заболевания,54
wolt,СЛАДОСТИ / Сладости Boncolac,СЛАДОСТИ / Сладости Boncolac,53
wolt,ВСЕ ДЛЯ КУХНИ И ДОМА🏠 / ПЕРЧАТКИ,ВСЕ ДЛЯ КУХНИ И ДОМА🏠 / ПЕРЧАТКИ,53
wolt,СОУСЫ 🌶 / СОУСЫ ДЛЯ БЛЮД ГОТОВЫЕ,СОУСЫ 🌶 / СОУСЫ ДЛЯ БЛЮД ГОТОВЫЕ,53
wolt,ТОВАРЫ ДЛЯ ДОМА / Средства для ковров,ТОВАРЫ ДЛЯ ДОМА / Средства для ковров,53
wolt,"МЕДИЦИНСКИЕ ИЗДЕЛИЯ И МЕДТЕХНИКА💉 / Шприцы, инфузионные системы","МЕДИЦИНСКИЕ ИЗДЕЛИЯ И МЕДТЕХНИКА💉 / Шприцы, инфузионные системы",53
wolt,СНЭКИ🍤 / ЧИПСЫ,СНЭКИ🍤 / ЧИПСЫ,52
wolt,"КОЛБАСЫ 🍖 / КОЛБАСА СЫРОКОПЧЁНАЯ","КОЛБАСЫ 🍖 / КОЛБАСА СЫРОКОПЧЁНАЯ",52
wolt,СНЕКИ И ПЕРЕКУСЫ 🍟 / ПЕРЕКУСЫ,СНЕКИ И ПЕРЕКУСЫ 🍟 / ПЕРЕКУСЫ,52
wolt,КОРМА ДЛЯ СОБАК 🐶 / Alpha Pet,КОРМА ДЛЯ СОБАК 🐶 / Alpha Pet,52
wolt,МЕДИЦИНСКИЕ ИЗДЕЛИЯ И МЕДТЕХНИКА💉 / Тесты диагностические,МЕДИЦИНСКИЕ ИЗДЕЛИЯ И МЕДТЕХНИКА💉 / Тесты диагностические,52
wolt,МЯСО И ПТИЦА 🥩 / Стэйки,МЯСО И ПТИЦА 🥩 / Стэйки,52
wolt,"ВЗДУТИЕ ЖИВОТА, КОЛИКИ у детей и взрослых","ВЗДУТИЕ ЖИВОТА, КОЛИКИ у детей и взрослых",52
wolt,Whiskas / Cухой корм,Whiskas / Cухой корм,52
wolt,Перекусы / Чиабатта,Перекусы / Чиабатта,52
wolt,МЯСО И ПТИЦА 🥩 / Стейки,МЯСО И ПТИЦА 🥩 / Стейки,52
wolt,НАПОЛНИТЕЛИ ДЛЯ КОШАЧЬЕГО ТУАЛЕТА (В УПАКОВКЕ) / BETTY CAT 🐈,НАПОЛНИТЕЛИ ДЛЯ КОШАЧЬЕГО ТУАЛЕТА (В УПАКОВКЕ) / BETTY CAT 🐈,52
wolt,АЛКОГОЛЬНЫЕ ТОВАРЫ🍺 / Виски,АЛКОГОЛЬНЫЕ ТОВАРЫ🍺 / Виски,51
kaspi_food,Rye bread,Rye bread,51
wolt,ВЛАЖНЫЙ КОРМ ДЛЯ КОШЕК 🐈‍⬛ / Ветеринарные корма,ВЛАЖНЫЙ КОРМ ДЛЯ КОШЕК 🐈‍⬛ / Ветеринарные корма,51
wolt,ОХЛОЖДЕННАЯ,ОХЛОЖДЕННАЯ,51
wolt,КРАСОТА И ГИГИЕНА 🧴 / БОМБОЧКИ ДЛЯ ВАНН,КРАСОТА И ГИГИЕНА 🧴 / БОМБОЧКИ ДЛЯ ВАНН,51
wolt,Освежители воздуха,Освежители воздуха,51
wolt,СУХОЙ КОРМ ДЛЯ КОШЕК 🐱 / Monge/Gemon,СУХОЙ КОРМ ДЛЯ КОШЕК 🐱 / Monge/Gemon,51
wolt,Мясо и птица / Маринованное мясо,Мясо и птица / Маринованное мясо,51
wolt,"КОЛБАСЫ 🍖 / КОЛБАСА СЫРОВЯЛЕНАЯ","КОЛБАСЫ 🍖 / КОЛБАСА СЫРОВЯЛЕНАЯ",50
wolt,Туалетная бумага и полотенца,Туалетная бумага и полотенца,50
wolt,Колбасы и сосиски / Деликатесы мясные,Колбасы и сосиски / Деликатесы мясные,50
wolt,"Конфеты и сладости / Печенье и вафли","Конфеты и сладости / Печенье и вафли",50
wolt,СУХОЙ КОРМ ДЛЯ СОБАК (В УПАКОВКЕ)🐶 / GRANDORF🐕‍🦺,СУХОЙ КОРМ ДЛЯ СОБАК (В УПАКОВКЕ)🐶 / GRANDORF🐕‍🦺,50
wolt,ГОТОВАЯ ЕДА 🥫 / Пиццы,ГОТОВАЯ ЕДА 🥫 / Пиццы,50
wolt,ВСЕ ДЛЯ ПРАЗДНИКА,ВСЕ ДЛЯ ПРАЗДНИКА,50
wolt,🐶СУХОЙ КОРМ ДЛЯ СОБАК (В УПАКОВКЕ)🐶 / PRO PLAN🐕‍🦺,🐶СУХОЙ КОРМ ДЛЯ СОБАК (В УПАКОВКЕ)🐶 / PRO PLAN🐕‍🦺,50
wolt,😺СУХОЙ КОРМ ДЛЯ КОШЕК (В УПАКОВКЕ) 🐈 / KITEKAT🐾,😺СУХОЙ КОРМ ДЛЯ КОШЕК (В УПАКОВКЕ) 🐈 / KITEKAT🐾,50
wolt,МОЛОЧНЫЙ ПРИЛАВОК / Десерты,МОЛОЧНЫЙ ПРИЛАВОК / Десерты,50
wolt,🐶СУХОЙ КОРМ ДЛЯ СОБАК (В УПАКОВКЕ)🐶 / REFLEX🐕‍🦺,🐶СУХОЙ КОРМ ДЛЯ СОБАК (В УПАКОВКЕ)🐶 / REFLEX🐕‍🦺,50
wolt,"ДОМ, ДАЧА, АВТО / КАНЦЕЛЯРСКИЕ ТОВАРЫ","ДОМ, ДАЧА, АВТО / КАНЦЕЛЯРСКИЕ ТОВАРЫ",50
wolt,😺СУХОЙ КОРМ ДЛЯ КОШЕК (В УПАКОВКЕ) 🐈 / GEMON🐾,😺СУХОЙ КОРМ ДЛЯ КОШЕК (В УПАКОВКЕ) 🐈 / GEMON🐾,50
wolt,"Молочные продукты / Коктейли и сгущенное молоко","Молочные продукты / Коктейли и сгущенное молоко",50
wolt,ПОСУДА / ПОСУДА ОДНОРАЗОВАЯ,ПОСУДА / ПОСУДА ОДНОРАЗОВАЯ,50
wolt,"Конфеты и сладости / Конфеты","Конфеты и сладости / Конфеты",50
wolt,"Снэки(Чипсы,семечки,попкорн) / Латяо ,соевое мясо","Снэки(Чипсы,семечки,попкорн) / Латяо ,соевое мясо",50
wolt,ДЛЯ ВОЛОС 💇,ДЛЯ ВОЛОС 💇,50
wolt,"Овощи / Экзотические овощи, прочее","Овощи / Экзотические овощи, прочее",50
wolt,😺СУХОЙ КОРМ ДЛЯ КОШЕК (В УПАКОВКЕ) 🐈 / REFLEX🐾,😺СУХОЙ КОРМ ДЛЯ КОШЕК (В УПАКОВКЕ) 🐈 / REFLEX🐾,50
wolt,🐶СУХОЙ КОРМ ДЛЯ СОБАК (В УПАКОВКЕ)🐶 / FORZA🐕‍🦺,🐶СУХОЙ КОРМ ДЛЯ СОБАК (В УПАКОВКЕ)🐶 / FORZA🐕‍🦺,49
wolt,ТОВАРЫ ДЛЯ ДОМА / Организация пространства и интерьера,ТОВАРЫ ДЛЯ ДОМА / Организация пространства и интерьера,49
wolt,АЛЬТЕРНАТИВНЫЕ НАПИТКИ 🥛,АЛЬТЕРНАТИВНЫЕ НАПИТКИ 🥛,49
wolt,ВЕТАПТЕКА LIGHT⚕️ / Контрацепция ,ВЕТАПТЕКА LIGHT⚕️ / Контрацепция ,48
wolt,БЕЗАЛКОГОЛЬНЫЕ 🥤,БЕЗАЛКОГОЛЬНЫЕ 🥤,48
wolt,СУХОЙ КОРМ ДЛЯ КОШЕК (В УПАКОВКЕ) 🐈 / GRANDORF VETDIET😸🩺,СУХОЙ КОРМ ДЛЯ КОШЕК (В УПАКОВКЕ) 🐈 / GRANDORF VETDIET😸🩺,48
wolt,Бананы в шоколаде,Бананы в шоколаде,48
wolt,СУХОЙ КОРМ ДЛЯ КОШЕК (В УПАКОВКЕ) 🐈 / FARMINA VET LIFE🐱🩺,СУХОЙ КОРМ ДЛЯ КОШЕК (В УПАКОВКЕ) 🐈 / FARMINA VET LIFE🐱🩺,48
wolt,"Шампуни (при педикулезе, Перхоти )","Шампуни (при педикулезе, Перхоти )",48
wolt,СУХОЙ КОРМ ДЛЯ КОШЕК (В УПАКОВКЕ) 🐈 / ELATO🐱,СУХОЙ КОРМ ДЛЯ КОШЕК (В УПАКОВКЕ) 🐈 / ELATO🐱,48
wolt,СУХОЙ КОРМ ДЛЯ КОШЕК (В УПАКОВКЕ) 🐈 / ELATO 😸,СУХОЙ КОРМ ДЛЯ КОШЕК (В УПАКОВКЕ) 🐈 / ELATO 😸,48
wolt,Средства для стирки,Средства для стирки,48
wolt,СРЕДСТВА ЛИЧНОЙ ГИГИЕНЫ 🧽 / ДЕЗОДОРАНТ,СРЕДСТВА ЛИЧНОЙ ГИГИЕНЫ 🧽 / ДЕЗОДОРАНТ,48
wolt,СРЕДСТВА ЛИЧНОЙ ГИГИЕНЫ 🧽 / Женский шампунь,СРЕДСТВА ЛИЧНОЙ ГИГИЕНЫ 🧽 / Женский шампунь,48
wolt,Средства от комаров ,Средства от комаров ,48
wolt,СУХОЙ КОРМ ДЛЯ КОШЕК 🐱 / Royal Canin,СУХОЙ КОРМ ДЛЯ КОШЕК 🐱 / Royal Canin,48
wolt,КУКЛЫ / Пупсы,КУКЛЫ / Пупсы,48
wolt,СТРОИТЕЛЬСТВО И РЕМОНТ / БОКОРЕЗЫ И КУСАЧКИ,СТРОИТЕЛЬСТВО И РЕМОНТ / БОКОРЕЗЫ И КУСАЧКИ,48
wolt,Кукольные линзы,Кукольные линзы,48
wolt,СТРОИТЕЛЬСТВО И РЕМОНТ / НАБОРЫ КЛЮЧЕЙ,СТРОИТЕЛЬСТВО И РЕМОНТ / НАБОРЫ КЛЮЧЕЙ,48
wolt,СТРОИТЕЛЬСТВО И РЕМОНТ / ЭКСЦЕНТРИКОВЫЕ ШЛИФОВАЛЬНЫЕ МАШИНЫ,СТРОИТЕЛЬСТВО И РЕМОНТ / ЭКСЦЕНТРИКОВЫЕ ШЛИФОВАЛЬНЫЕ МАШИНЫ,48
wolt,СУБЛИМАТЫ В ПАКЕТИКАХ,СУБЛИМАТЫ В ПАКЕТИКАХ,48
wolt,СУВЕНИРНАЯ ПРОДУКЦИЯ / КАРТЫ ИГРАЛЬНЫЕ,СУВЕНИРНАЯ ПРОДУКЦИЯ / КАРТЫ ИГРАЛЬНЫЕ,48
wolt,КОРМА НА РАЗВЕС / FITMIN,КОРМА НА РАЗВЕС / FITMIN,48
wolt,Кустовые розы 🌸,Кустовые розы 🌸,48
wolt,ЛАКОМСТВА ДЛЯ ГРЫЗУНОВ 🐭,ЛАКОМСТВА ДЛЯ ГРЫЗУНОВ 🐭,48
wolt,ЛАКОМСТВА ДЛЯ КОШЕК 😻 / ALPHAPET😸,ЛАКОМСТВА ДЛЯ КОШЕК 😻 / ALPHAPET😸,48
wolt,ЛАКОМСТВА ДЛЯ КОШЕК 😻 / PetMetro😸,ЛАКОМСТВА ДЛЯ КОШЕК 😻 / PetMetro😸,48
wolt,ЛАКОМСТВА ДЛЯ КОШЕК 😻 / SCHESIR😸,ЛАКОМСТВА ДЛЯ КОШЕК 😻 / SCHESIR😸,48
wolt,ЛАКОМСТВА ДЛЯ КОШЕК 😻 / SHEZIR🐱,ЛАКОМСТВА ДЛЯ КОШЕК 😻 / SHEZIR🐱,48
wolt,ЛАКОМСТВА ДЛЯ КОШЕК / TRIOL,ЛАКОМСТВА ДЛЯ КОШЕК / TRIOL,48
wolt,ЧИСТЯЩИЕ СРЕДСТВА🧴,ЧИСТЯЩИЕ СРЕДСТВА🧴,48
wolt,ATTAR COLLECTION / Attar Collection Areej,ATTAR COLLECTION / Attar Collection Areej,48
wolt,ATTAR COLLECTION / Attar Collection Azora,ATTAR COLLECTION / Attar Collection Azora,48
wolt,ATTAR COLLECTION / Attar Collection Crystal Love For Her,ATTAR COLLECTION / Attar Collection Crystal Love For Her,48
wolt,ЛАКОМСТВА ДЛЯ СОБАК🐕 / Деревенские лакомства ,ЛАКОМСТВА ДЛЯ СОБАК🐕 / Деревенские лакомства ,48
wolt,КОЛБАСЫ И СОСИКИ 🍖	 / СОСИСКИ И САРДЕЛЬКИ,КОЛБАСЫ И СОСИКИ 🍖	 / СОСИСКИ И САРДЕЛЬКИ,48
wolt,Коврики под миску ,Коврики под миску ,48
wolt,ATTAR COLLECTION / Attar Collection Hayati,ATTAR COLLECTION / Attar Collection Hayati,48
wolt,Черная пятница,Черная пятница,48
wolt,"КЛУБНИКА В ШОКОЛАДЕ","КЛУБНИКА В ШОКОЛАДЕ",48
wolt,ATTAR COLLECTION / Attar Collection Musk Kashmir,ATTAR COLLECTION / Attar Collection Musk Kashmir,48
wolt,КАПЛИ,КАПЛИ,48
wolt,Эстония,Эстония,48
wolt,ATTAR COLLECTION / Attar Collection The Queen of Sheba,ATTAR COLLECTION / Attar Collection The Queen of Sheba,48
wolt,ИГРУШКИ ДЛЯ СОБАК,ИГРУШКИ ДЛЯ СОБАК,48
wolt,"Лекарственные средства / Средства от бородавок, папиллом, мозолей","Лекарственные средства / Средства от бородавок, папиллом, мозолей",48
wolt,ЗНАКИ ЗОДИАКА / Лев — 23 июля – 22 августа,ЗНАКИ ЗОДИАКА / Лев — 23 июля – 22 августа,48
wolt,ЗАМОРОЗКА 🌭,ЗАМОРОЗКА 🌭,48
wolt,ЛОТКИ ДЛЯ КОШЕК🚽🐱 / TRIXIE,ЛОТКИ ДЛЯ КОШЕК🚽🐱 / TRIXIE,48
wolt,ЛУБРИКАНТ АНАЛЬНЫЙ,ЛУБРИКАНТ АНАЛЬНЫЙ,48
wolt,ЗАМОРОЖЕННАЯ ПРОДУКЦИЯ❄️ / Блинчики,ЗАМОРОЖЕННАЯ ПРОДУКЦИЯ❄️ / Блинчики,48
wolt,ХЛОПУШКА,ХЛОПУШКА,48
wolt,КОРМА ДЛЯ КОШЕК 🐱 / Leonardo (Леонардо),КОРМА ДЛЯ КОШЕК 🐱 / Leonardo (Леонардо),48
wolt,МАСЛО РАСТИТЕЛЬНОЕ🧈,МАСЛО РАСТИТЕЛЬНОЕ🧈,48
wolt,ЗАКУСКИ / ЗАКУСКИ Bornibus ,ЗАКУСКИ / ЗАКУСКИ Bornibus ,48
wolt,ФРУКТЫ 🍎 / АНАНАС ,ФРУКТЫ 🍎 / АНАНАС ,48
wolt,"ЖЕНСКИЕ ТОВАРЫ ДЛЯ ВЗРОСЛЫХ / СТРАПОНЫ","ЖЕНСКИЕ ТОВАРЫ ДЛЯ ВЗРОСЛЫХ / СТРАПОНЫ",48
wolt,ЖАРЕНОЕ 🍘,ЖАРЕНОЕ 🍘,48
wolt,ДУХИ С ФЕРОМОНАМИ,ДУХИ С ФЕРОМОНАМИ,48
wolt,МАССАЖЕРЫ. КРАСОТА И ЗДОРОВЬЕ / РАСЧЕСКИ И ЗЕРКАЛА,МАССАЖЕРЫ. КРАСОТА И ЗДОРОВЬЕ / РАСЧЕСКИ И ЗЕРКАЛА,48
wolt,ДРИПЫ,ДРИПЫ,48
wolt,ДРАЖЕ В ПАКЕТИКАХ SMALL🍫,ДРАЖЕ В ПАКЕТИКАХ SMALL🍫,48
wolt,ДРАЖЕ В ПАКЕТИКАХ MEDIUM🍫,ДРАЖЕ В ПАКЕТИКАХ MEDIUM🍫,48
wolt,ДРАЖЕ В КОРОБОЧКАХ KAMPIT🍫,ДРАЖЕ В КОРОБОЧКАХ KAMPIT🍫,48
wolt,CREED / Creed Absolu Aventus,CREED / Creed Absolu Aventus,48
wolt,Медицинские изделия и уход,Медицинские изделия и уход,48
wolt,CREED / Creed Aventus For Her,CREED / Creed Aventus For Her,48
wolt,КОРЗИНЫ,КОРЗИНЫ,48
wolt,CREED / Creed Aventus For Him,CREED / Creed Aventus For Him,48
wolt,Косметика / Тоники/Тонеры,Косметика / Тоники/Тонеры,48
wolt,Мираторг  / Влажный корм для собак,Мираторг  / Влажный корм для собак,48
wolt,Молочные Коктейли🥤,Молочные Коктейли🥤,48
wolt,"ДЛЯ НЕЁ / ВОЗБУЖДАЮЩИЕ СРЕДСТВА","ДЛЯ НЕЁ / ВОЗБУЖДАЮЩИЕ СРЕДСТВА",48
wolt,ДЛЯ МАМЫ И РЕБЕНКА 👩🏻‍🍼 / ПОСУДА,ДЛЯ МАМЫ И РЕБЕНКА 👩🏻‍🍼 / ПОСУДА,48
wolt,МОТИ🍡,МОТИ🍡,48
wolt,МРАМОРНАЯ ГОВЯДИНА🥩 / ДЕЛИКАТЕСЫ ЗАМОРОЗКА,МРАМОРНАЯ ГОВЯДИНА🥩 / ДЕЛИКАТЕСЫ ЗАМОРОЗКА,48
wolt,МУЖСКИЕ ТОВАРЫ ДЛЯ ВЗРОСЛЫХ / КАТЕТЕРЫ И ПОЯСА ВЕРНОСТИ,МУЖСКИЕ ТОВАРЫ ДЛЯ ВЗРОСЛЫХ / КАТЕТЕРЫ И ПОЯСА ВЕРНОСТИ,48
wolt,ДИЕТИЧЕСКИЕ ТОВАРЫ ,ДИЕТИЧЕСКИЕ ТОВАРЫ ,48
wolt,FRUIT TEA 🧋,FRUIT TEA 🧋,48
wolt,ДЖИН 🧊,ДЖИН 🧊,48
wolt,УХОД ЗА ВОЛОСАМИ 👩🏻‍🦱,УХОД ЗА ВОЛОСАМИ 👩🏻‍🦱,48
wolt,НАПИТКИ☕️,НАПИТКИ☕️,48
wolt,"    Напитки /         Вода газированная","    Напитки /         Вода газированная",48
wolt,УХОД ДЛЯ ТЕЛА🧴,УХОД ДЛЯ ТЕЛА🧴,48
wolt,"УХОД ДЛЯ РУК 👐","УХОД ДЛЯ РУК 👐",48
wolt,КОРМА НА РАЗВЕС / PRO PLAN,КОРМА НА РАЗВЕС / PRO PLAN,48
wolt,"ЭНЕРГЕТИК","ЭНЕРГЕТИК",48
wolt,"ДЕЗОДАРАНТЫ, АНТИПЕРСПИРАНТЫ  / ДЛЯ МУЖЧИН","ДЕЗОДАРАНТЫ, АНТИПЕРСПИРАНТЫ  / ДЛЯ МУЖЧИН",48
wolt,УХОД ДЛЯ ЛИЦА / АКТИВНЫЙ УХОД,УХОД ДЛЯ ЛИЦА / АКТИВНЫЙ УХОД,48
wolt,УХОД ДЛЯ ЛИЦА 😊 / ANTI AGE,УХОД ДЛЯ ЛИЦА 😊 / ANTI AGE,48
wolt,УХОД ДЛЯ ГУБ 😊,УХОД ДЛЯ ГУБ 😊,48
wolt,НАСТОЙКА 🍶,НАСТОЙКА 🍶,48
wolt,НАСТОЙКИ И ЛИКЁРЫ,НАСТОЙКИ И ЛИКЁРЫ,48
wolt,УБОРКА ДОМА 🏡 / ЧИСТЯЩИЕ СРЕДСТВА,УБОРКА ДОМА 🏡 / ЧИСТЯЩИЕ СРЕДСТВА,48
wolt,НОВОГОДНИЕ ТОВАРЫ🎄 / ЕЛОЧНЫЕ ИГРУШКИ,НОВОГОДНИЕ ТОВАРЫ🎄 / ЕЛОЧНЫЕ ИГРУШКИ,48
wolt,Туалеты для кошек,Туалеты для кошек,48
wolt,"ТРЯПКИ, ГУБКИ И САЛФЕТКИ 🧽 / ТРЯПКИ","ТРЯПКИ, ГУБКИ И САЛФЕТКИ 🧽 / ТРЯПКИ",48
wolt,ГИГИЕНА ПОЛОСТИ РТА 🪥,ГИГИЕНА ПОЛОСТИ РТА 🪥,48
wolt,ТОНИКИ🍸,ТОНИКИ🍸,48
wolt,"ЭЛЕКТРОНИКА,ТЕХНОТОВАРЫ,АКСЕССУАРЫ ДЛЯ СМАРТФОНОВ / НАУШНИКИ","ЭЛЕКТРОНИКА,ТЕХНОТОВАРЫ,АКСЕССУАРЫ ДЛЯ СМАРТФОНОВ / НАУШНИКИ",48
wolt, КОРМ ДЛЯ СОБАК 🐶 /  ВЛАЖНЫЙ КОРМ🐶, КОРМ ДЛЯ СОБАК 🐶 /  ВЛАЖНЫЙ КОРМ🐶,48
wolt,ГИГИЕНА И БЫТОВАЯ ХИМИЯ 🧴 / ДЛЯ КУХНИ,ГИГИЕНА И БЫТОВАЯ ХИМИЯ 🧴 / ДЛЯ КУХНИ,48
wolt,Очки солнцезащитные,Очки солнцезащитные,48
wolt,ТОВАРЫ ДЛЯ ЖИВОТЫХ🐾,ТОВАРЫ ДЛЯ ЖИВОТЫХ🐾,48
wolt,QAZAQSALT etno stores ✍🏻 / ТЕРМОБУТЫЛКИ,QAZAQSALT etno stores ✍🏻 / ТЕРМОБУТЫЛКИ,48
wolt,Royal Canin / Сухой корм для кошек,Royal Canin / Сухой корм для кошек,48
wolt,ПИРОГИ И ТАРТЫ🥮 ,ПИРОГИ И ТАРТЫ🥮 ,48
wolt,ТОВАРЫ ДЛЯ ДОМА 🏠 / Термосумки,ТОВАРЫ ДЛЯ ДОМА 🏠 / Термосумки,48
wolt,ВСЕ ДЛЯ ПТИЦ  / Витамины ,ВСЕ ДЛЯ ПТИЦ  / Витамины ,48
wolt,ТОВАРЫ ДЛЯ ДОМА 🏠 / СТИРАЛЬНЫЕ ПОРОШКИ/ГЕЛИ,ТОВАРЫ ДЛЯ ДОМА 🏠 / СТИРАЛЬНЫЕ ПОРОШКИ/ГЕЛИ,48
wolt,Whiskas / Влажный желе,Whiskas / Влажный желе,48
wolt,"    Товары для дома /         Перчатки резиновые","    Товары для дома /         Перчатки резиновые",48
wolt,ВСЕ ДЛЯ БАНИ🛁,ВСЕ ДЛЯ БАНИ🛁,48
wolt,ВОРОНКИ☕️,ВОРОНКИ☕️,48
wolt,ТОВАРЫ ДЛЯ ДОМА / КУХОННЫЕ ПОЛОТЕНЦА И СКАТЕРТИ,ТОВАРЫ ДЛЯ ДОМА / КУХОННЫЕ ПОЛОТЕНЦА И СКАТЕРТИ,48
wolt,"ВОДА, СОКИ, НАПИТКИ 🥤 / Холодные чаи","ВОДА, СОКИ, НАПИТКИ 🥤 / Холодные чаи",48
wolt,"АВТОРСКИЙ КОФЕ","АВТОРСКИЙ КОФЕ",48
wolt,"КОНДИТЕРСКИЕ ИЗДЕЛИЯ 🍪 / ХЛЕБОБУЛОЧНЫЕ ИЗДЕЛИЯ","КОНДИТЕРСКИЕ ИЗДЕЛИЯ 🍪 / ХЛЕБОБУЛОЧНЫЕ ИЗДЕЛИЯ",48
wolt,Экохимия и натуральный уход / Для уборки,Экохимия и натуральный уход / Для уборки,48
wolt,ВЛАЖНЫЙ КОРМ ДЛЯ КОШЕК 🐈 / Sirius🇷🇺,ВЛАЖНЫЙ КОРМ ДЛЯ КОШЕК 🐈 / Sirius🇷🇺,48
wolt,ПРОДУКТЫ 🍜 / ТОКПОККИ 🍡,ПРОДУКТЫ 🍜 / ТОКПОККИ 🍡,48
wolt,Прозрачные линзы,Прозрачные линзы,48
wolt,ВЛАЖНЫЙ КОРМ ДЛЯ КОШЕК 🐱 / PRO PLAN VETERINARY🐱🩺,ВЛАЖНЫЙ КОРМ ДЛЯ КОШЕК 🐱 / PRO PLAN VETERINARY🐱🩺,48
wolt,ВЛАЖНЫЙ КОРМ ДЛЯ КОШЕК 🐱 / MONGE VETSOLUTION CAT🩺😺,ВЛАЖНЫЙ КОРМ ДЛЯ КОШЕК 🐱 / MONGE VETSOLUTION CAT🩺😺,48
wolt,ПРОТИВОМИКРОБНОЕ СРЕДСТВО-СУЛЬФАНИЛАМИД,ПРОТИВОМИКРОБНОЕ СРЕДСТВО-СУЛЬФАНИЛАМИД,48
wolt,ТЕСТЫ🧪,ТЕСТЫ🧪,48
wolt,ВЛАЖНЫЙ КОРМ ДЛЯ КОШЕК 🐈‍⬛ / Gourmet Голд,ВЛАЖНЫЙ КОРМ ДЛЯ КОШЕК 🐈‍⬛ / Gourmet Голд,48
wolt,АКСЕССУАРЫ 🕶️ / Для МКЛ (аксессуары),АКСЕССУАРЫ 🕶️ / Для МКЛ (аксессуары),48
wolt,РАСЧЁСКИ ,РАСЧЁСКИ ,48
wolt,АКЦИИ! / АКЦИИ,АКЦИИ! / АКЦИИ,48
wolt,Розы 🌹,Розы 🌹,48
wolt,ВЛАЖНЫЕ КОРМА ДЛЯ СОБАК / Gibo,ВЛАЖНЫЕ КОРМА ДЛЯ СОБАК / Gibo,48
wolt,ВЛАЖНЫЕ КОРМА ДЛЯ КОШЕК / Sirius ,ВЛАЖНЫЕ КОРМА ДЛЯ КОШЕК / Sirius ,48
wolt,ЭКО-ДЕКОР ДЛЯ ДОМАШНЕГО УЮТА 🏡 / ПОДСТАВКИ И ПОДНОСЫ,ЭКО-ДЕКОР ДЛЯ ДОМАШНЕГО УЮТА 🏡 / ПОДСТАВКИ И ПОДНОСЫ,48
wolt,СЕКС ИГРУШКИ ДЛЯ ЖЕНЩИН / Игрушки для сосков,СЕКС ИГРУШКИ ДЛЯ ЖЕНЩИН / Игрушки для сосков,48
wolt,ВЛАЖНЫЕ КОРМА ДЛЯ КОШЕК / AlphaPet Superpremium,ВЛАЖНЫЕ КОРМА ДЛЯ КОШЕК / AlphaPet Superpremium,48
wolt,СЕМЬЯ👨‍👩‍👧‍👦,СЕМЬЯ👨‍👩‍👧‍👦,48
wolt,Витамины детские,Витамины детские,48
wolt,СЛАДКАЯ ВЫПЕЧКА ,СЛАДКАЯ ВЫПЕЧКА ,48
wolt,СЛАДКОЕ / Леденцы,СЛАДКОЕ / Леденцы,48
wolt,Ветеринарные препараты ,Ветеринарные препараты ,48
wolt,"8 Марта 🌷 / Доп товары","8 Марта 🌷 / Доп товары",48
wolt,ВЕРМУТЫ 🍷,ВЕРМУТЫ 🍷,48
wolt,СУХОЙ КОРМ ДЛЯ СОБАК 🐶 / Pro Plan🇷🇺,СУХОЙ КОРМ ДЛЯ СОБАК 🐶 / Pro Plan🇷🇺,48
wolt,СМАЗКИ / СУЖАЮЩИЕ,СМАЗКИ / СУЖАЮЩИЕ,48
wolt,😺СУХОЙ КОРМ ДЛЯ КОШЕК (НА РАЗВЕС) 🐈 / REFLEX😺,😺СУХОЙ КОРМ ДЛЯ КОШЕК (НА РАЗВЕС) 🐈 / REFLEX😺,48
wolt,БЫТОВАЯ ХИМИЯ🧪 / Предметы для уборки,БЫТОВАЯ ХИМИЯ🧪 / Предметы для уборки,48
wolt,"СНЕКИ​🥓 / СЕМЕЧКИ ","СНЕКИ​🥓 / СЕМЕЧКИ ",48
wolt,СНЕКИ🫘 / СУШЕННЫЕ МОРЕПРОДУКТЫ,СНЕКИ🫘 / СУШЕННЫЕ МОРЕПРОДУКТЫ,48
wolt,ШАРЫ,ШАРЫ,48
wolt,AMOUAGE / Amouage Honour,AMOUAGE / Amouage Honour,48
wolt,БЛИНЫ,БЛИНЫ,48
wolt,БИТТЕР 🍸,БИТТЕР 🍸,48
wolt,AMOUAGE / Amouage Interlude Man,AMOUAGE / Amouage Interlude Man,48
wolt,СУХОЙ КОРМ ДЛЯ КОШЕК (В УПАКОВКЕ) 🐈 / WELLEMENT 🐱❤️,СУХОЙ КОРМ ДЛЯ КОШЕК (В УПАКОВКЕ) 🐈 / WELLEMENT 🐱❤️,48
wolt,😺СУХОЙ КОРМ ДЛЯ КОШЕК (В УПАКОВКЕ) 🐈 / SIRIUS🐾,😺СУХОЙ КОРМ ДЛЯ КОШЕК (В УПАКОВКЕ) 🐈 / SIRIUS🐾,48
wolt,Спрей для горло / Спрей для горло,Спрей для горло / Спрей для горло,48
wolt,БЕЛЫЕ ВИНА / ФРАНЦИЯ,БЕЛЫЕ ВИНА / ФРАНЦИЯ,48
wolt,ШАМПУНЬ 🐱,ШАМПУНЬ 🐱,48
wolt,"БЕЗАЛКОГОЛЬНЫЕ НАПИТКИ / РАЗЛИВНЫЕ","БЕЗАЛКОГОЛЬНЫЕ НАПИТКИ / РАЗЛИВНЫЕ",48
wolt,ОБРАТНАЯ СВЯЗЬ,ОБРАТНАЯ СВЯЗЬ,47
wolt,Алкоголь / Сидр,Алкоголь / Сидр,47
wolt,"20-25-30 🍓 В ШОКОЛАДЕ","20-25-30 🍓 В ШОКОЛАДЕ",47
wolt,"МОЛОЧНЫЕ ПРОДУКТЫ 🧈 / МОЛОКО СГУЩЁННОЕ","МОЛОЧНЫЕ ПРОДУКТЫ 🧈 / МОЛОКО СГУЩЁННОЕ",47
wolt,Лекарственные средства / Лекарства от молочницы,Лекарственные средства / Лекарства от молочницы,47
wolt,Лекарственные средства / Средства от коликов для детей,Лекарственные средства / Средства от коликов для детей,47
wolt,Пирожные / Эклеры,Пирожные / Эклеры,47
wolt,Лекарственные средства / Обезболивающие при менструальных болях,Лекарственные средства / Обезболивающие при менструальных болях,47
wolt,"Мясо и птица / KazBeef","Мясо и птица / KazBeef",47
wolt,КОСМЕТИЧЕСКИЕ И ГИГИЕНИЧЕСКИЕ СРЕДСТВА💄 / Гигиенические расходные изделия,КОСМЕТИЧЕСКИЕ И ГИГИЕНИЧЕСКИЕ СРЕДСТВА💄 / Гигиенические расходные изделия,47
wolt,ТОВАРЫ ДЛЯ ЖИВОТНЫХ / Для птиц,ТОВАРЫ ДЛЯ ЖИВОТНЫХ / Для птиц,47
wolt,"ЛЕЖАНКИ, ДОМИКИ ","ЛЕЖАНКИ, ДОМИКИ ",46
wolt,Лекарственные средства / Лекарства в неврологии и психиатрии,Лекарственные средства / Лекарства в неврологии и психиатрии,46
wolt,МОЛОЧНЫЙ ПРИЛАВОК / Сырки,МОЛОЧНЫЙ ПРИЛАВОК / Сырки,46
wolt,Коллаген,Коллаген,46
wolt,ПАСТА ДЛЯ ВЫВОДА ШЕРСТИ,ПАСТА ДЛЯ ВЫВОДА ШЕРСТИ,46
wolt,"ЧИПСЫ, ОРЕХИ, СНЕКИ🍟 / Бобы 🧆","ЧИПСЫ, ОРЕХИ, СНЕКИ🍟 / Бобы 🧆",46
wolt,"ПАНКРЕАТИЧЕСКИЕ ПРЕПАРАТЫ, ДЛЯ ПИЩЕВАРЕНИЯ","ПАНКРЕАТИЧЕСКИЕ ПРЕПАРАТЫ, ДЛЯ ПИЩЕВАРЕНИЯ",46
wolt,Осенняя коллекция от «CACTUS»,Осенняя коллекция от «CACTUS»,46
wolt,😺СУХОЙ КОРМ ДЛЯ КОШЕК (В УПАКОВКЕ) 🐈 / ELATO🐾,😺СУХОЙ КОРМ ДЛЯ КОШЕК (В УПАКОВКЕ) 🐈 / ELATO🐾,45
wolt,"АЛКОГОЛЬ (ВОДКА, ВИСКИ, ВИНО, ПИВО) / КОКТЕЙЛИ, СИДР, ДЖИН","АЛКОГОЛЬ (ВОДКА, ВИСКИ, ВИНО, ПИВО) / КОКТЕЙЛИ, СИДР, ДЖИН",45
wolt,ВЛАЖНЫЙ КОРМ ДЛЯ КОШЕК 🐈‍⬛ / Blitz ,ВЛАЖНЫЙ КОРМ ДЛЯ КОШЕК 🐈‍⬛ / Blitz ,45
wolt,"БЫТОВАЯ ХИМИЯ, УБОРКА / Для мытья посуды","БЫТОВАЯ ХИМИЯ, УБОРКА / Для мытья посуды",45
wolt,Глюкометры,Глюкометры,45
wolt,УХОД ЗА ОДЕЖДОЙ И ОБУВЬЮ,УХОД ЗА ОДЕЖДОЙ И ОБУВЬЮ,45
wolt,"КОЛБАСЫ 🍖 / КОЛБАСА ПОЛУКОПЧЁНАЯ","КОЛБАСЫ 🍖 / КОЛБАСА ПОЛУКОПЧЁНАЯ",45
wolt,"БЫТОВАЯ ХИМИЯ, УБОРКА / Пакеты для мусора, перчатки","БЫТОВАЯ ХИМИЯ, УБОРКА / Пакеты для мусора, перчатки",45
wolt,СУХОЙ КОРМ ДЛЯ КОШЕК 🐱 / Fitmin,СУХОЙ КОРМ ДЛЯ КОШЕК 🐱 / Fitmin,45
wolt,КОНФЕТЫ И СЛАДОСТИ / Кондитерские изделия,КОНФЕТЫ И СЛАДОСТИ / Кондитерские изделия,45
wolt,😺СУХОЙ КОРМ ДЛЯ КОШЕК (НА РАЗВЕС) 🐈 / FARMINA😺,😺СУХОЙ КОРМ ДЛЯ КОШЕК (НА РАЗВЕС) 🐈 / FARMINA😺,45
wolt,"ВСЕ ДЛЯ СТИРКИ / Кондиционеры, ополаскиватели","ВСЕ ДЛЯ СТИРКИ / Кондиционеры, ополаскиватели",45
wolt,СУХОЙ КОРМ ДЛЯ СОБАК (НА РАЗВЕС)🐶😋 / FARMINA N&D🐶,СУХОЙ КОРМ ДЛЯ СОБАК (НА РАЗВЕС)🐶😋 / FARMINA N&D🐶,44
wolt,НЕ СЛАДКАЯ ВЫПЕЧКА 🥪,НЕ СЛАДКАЯ ВЫПЕЧКА 🥪,44
wolt,СУХИЕ КОРМА ДЛЯ КОШЕК / Grandorf Ветеринарная линейка,СУХИЕ КОРМА ДЛЯ КОШЕК / Grandorf Ветеринарная линейка,43
wolt,СУХОЙ КОРМ ДЛЯ КОШЕК (В УПАКОВКЕ) 🐈 / GRANDORF VETDIET 🐱🩺,СУХОЙ КОРМ ДЛЯ КОШЕК (В УПАКОВКЕ) 🐈 / GRANDORF VETDIET 🐱🩺,43
wolt,"КОЛБАСА, КУРИЦА, РЫБА🍖 / КУРИЦА ","КОЛБАСА, КУРИЦА, РЫБА🍖 / КУРИЦА ",43
wolt,СЕКС ИГРУШКИ ДЛЯ ДВОИХ / Качели для секса,СЕКС ИГРУШКИ ДЛЯ ДВОИХ / Качели для секса,42
wolt,СУХОЙ КОРМ ДЛЯ КОШЕК 🐈 / Me-O,СУХОЙ КОРМ ДЛЯ КОШЕК 🐈 / Me-O,42
wolt,ТОВАРЫ ДЛЯ ДОМА 🏠 / ГУБКИ 🧽,ТОВАРЫ ДЛЯ ДОМА 🏠 / ГУБКИ 🧽,42
wolt,Аксессуары для грызунов ,Аксессуары для грызунов ,42
wolt,АЛКОГОЛЬНЫЕ НАПИТКИ 🥂 / ВИСКИ 🥃,АЛКОГОЛЬНЫЕ НАПИТКИ 🥂 / ВИСКИ 🥃,42
wolt,КОСМЕТИКА 🎀 / ЭНЗИМЫ ✨,КОСМЕТИКА 🎀 / ЭНЗИМЫ ✨,42
wolt,"МУЖСКИЕ ТОВАРЫ ДЛЯ ВЗРОСЛЫХ / ПОМПЫ , ЭКСТЕНДЕРЫ, КРЕМА ДЛЯ ПЧ","МУЖСКИЕ ТОВАРЫ ДЛЯ ВЗРОСЛЫХ / ПОМПЫ , ЭКСТЕНДЕРЫ, КРЕМА ДЛЯ ПЧ",42
wolt,"ВАРЕНЬЕ, МЁД И ПАСТЫ / Урбечи","ВАРЕНЬЕ, МЁД И ПАСТЫ / Урбечи",42
wolt,Алкоголь / Вермут и аперитивы,Алкоголь / Вермут и аперитивы,42
wolt,АВТОРСКИЕ НАПИТКИ🫖,АВТОРСКИЕ НАПИТКИ🫖,42
wolt,УХОД ДЛЯ ЛИЦА / СОЛНЦЕЗАЩИТНЫЕ СРЕДСТВА,УХОД ДЛЯ ЛИЦА / СОЛНЦЕЗАЩИТНЫЕ СРЕДСТВА,42
wolt,СУХОЙ КОРМ ДЛЯ СОБАК 🐶 / Fitmin 🇨🇿,СУХОЙ КОРМ ДЛЯ СОБАК 🐶 / Fitmin 🇨🇿,42
wolt,ЧИПСЫ ИЗ ВОДОРОСЛЕЙ,ЧИПСЫ ИЗ ВОДОРОСЛЕЙ,42
wolt,"АЛКОГОЛЬНЫЕ НАПИТКИ 🥃 / ВЕРМУТ","АЛКОГОЛЬНЫЕ НАПИТКИ 🥃 / ВЕРМУТ",42
wolt,"ГРЕНКИ","ГРЕНКИ",42
wolt,"МЯСНЫЕ ДЕЛИКАТЕСЫ / Ветчина, бекон","МЯСНЫЕ ДЕЛИКАТЕСЫ / Ветчина, бекон",42
wolt,ЖЕНСКИЕ СЕКС ИГРУШКИ  / ВИБРОТРУСИКИ И ВИБРОЗАЖИМЫ ДЛЯ ГРУДИ,ЖЕНСКИЕ СЕКС ИГРУШКИ  / ВИБРОТРУСИКИ И ВИБРОЗАЖИМЫ ДЛЯ ГРУДИ,42
wolt,СУХОЙ КОРМ ДЛЯ СОБАК 🐶 / Sirius\AJO🇷🇺,СУХОЙ КОРМ ДЛЯ СОБАК 🐶 / Sirius\AJO🇷🇺,42
wolt,ОРЕХОВЫЕ ПАСТЫ И ТАХИНИ ,ОРЕХОВЫЕ ПАСТЫ И ТАХИНИ ,42
wolt,ВЛАЖНЫЕ КОРМА ДЛЯ КОШЕК / Pro Plan ветеринарная линейка,ВЛАЖНЫЕ КОРМА ДЛЯ КОШЕК / Pro Plan ветеринарная линейка,42
wolt,Сладости / Шоколадные яйца,Сладости / Шоколадные яйца,42
wolt,СОБЕРИ СВОЙ НАБОР 🎁,СОБЕРИ СВОЙ НАБОР 🎁,42
wolt,Pro Plan / Влажный корм для кошек,Pro Plan / Влажный корм для кошек,42
wolt,ЖЕНСКИЕ ТОВАРЫ ДЛЯ ВЗРОСЛЫХ / БОДИ МАССАЖЕРЫ WAND,ЖЕНСКИЕ ТОВАРЫ ДЛЯ ВЗРОСЛЫХ / БОДИ МАССАЖЕРЫ WAND,42
wolt,СУХОЙ КОРМ ДЛЯ СОБАК ВЕСОВОЙ 🦮,СУХОЙ КОРМ ДЛЯ СОБАК ВЕСОВОЙ 🦮,42
wolt,Ушные Капли (свечи),Ушные Капли (свечи),42
wolt,"    Рыба, морепродукты, икра /         Икра, муссы из морепродуктов","    Рыба, морепродукты, икра /         Икра, муссы из морепродуктов",42
wolt,ЗАМОРОЖЕННАЯ,ЗАМОРОЖЕННАЯ,42
wolt,ТОВАРЫ ДЛЯ МАЛЫШЕЙ / Погремушки,ТОВАРЫ ДЛЯ МАЛЫШЕЙ / Погремушки,42
wolt,КРЕМ ДЛЯ ТЕЛА 🤩,КРЕМ ДЛЯ ТЕЛА 🤩,42
wolt,"ДЕТСКОЕ ПИТАНИЕ И ГИГИЕНА👶🏻 / Детское питание","ДЕТСКОЕ ПИТАНИЕ И ГИГИЕНА👶🏻 / Детское питание",42
wolt,ДИЕТИЧЕСКИЕ ТОВАРЫ 🏃🏻,ДИЕТИЧЕСКИЕ ТОВАРЫ 🏃🏻,42
wolt,УХОД ДЛЯ ЛИЦА 👩,УХОД ДЛЯ ЛИЦА 👩,42
wolt,Алкоголь / БЕЗАЛКОГОЛЬНОЕ,Алкоголь / БЕЗАЛКОГОЛЬНОЕ,42
wolt,БОКСЫ КЛУБНИКА,БОКСЫ КЛУБНИКА,42
wolt,ЭРОТИЧЕСКИЕ ИГРЫ,ЭРОТИЧЕСКИЕ ИГРЫ,42
wolt,Кондитерские изделия ,Кондитерские изделия ,42
wolt,🎁 Подарки и мелочи,🎁 Подарки и мелочи,42
wolt,НАПОЛНИТЕЛИ 🧻 / Древесные комкующиеся,НАПОЛНИТЕЛИ 🧻 / Древесные комкующиеся,42
wolt,CREED / Creed Silver Mountain Water,CREED / Creed Silver Mountain Water,42
wolt,НАПОЛНИТЕЛИ 🧻 / Древесный ,НАПОЛНИТЕЛИ 🧻 / Древесный ,42
wolt,"СОУСЫ, СПЕЦИИ🍶 / Соусы","СОУСЫ, СПЕЦИИ🍶 / Соусы",42
wolt,СУХОЙ КОРМ ДЛЯ КОШЕК (В УПАКОВКЕ) 🐈 / WELLEMENT😸,СУХОЙ КОРМ ДЛЯ КОШЕК (В УПАКОВКЕ) 🐈 / WELLEMENT😸,42
wolt,"ПОЛУФАБРИКАТЫ 🥟 / САМСА, ЧЕБУРЕКИ","ПОЛУФАБРИКАТЫ 🥟 / САМСА, ЧЕБУРЕКИ",42
wolt,КРУАССАНЫ СЛАДКИЕ 🥐,КРУАССАНЫ СЛАДКИЕ 🥐,42
wolt,Новогодные подарки,Новогодные подарки,42
wolt,Консервы и салаты,Консервы и салаты,42
wolt,"КАБЕЛИ, ШНУРЫ, СПЛИТТЕРЫ","КАБЕЛИ, ШНУРЫ, СПЛИТТЕРЫ",42
wolt,"Бытовая химия / Порошки, гели, мыло для стирки","Бытовая химия / Порошки, гели, мыло для стирки",42
wolt,АВТОТРЕКИ И ПАРКОВКИ / Автотреки,АВТОТРЕКИ И ПАРКОВКИ / Автотреки,42
wolt,ДНЯ НЕГО / НАСАДКИ,ДНЯ НЕГО / НАСАДКИ,42
wolt,Наборы: бенто + клубника ✨,Наборы: бенто + клубника ✨,42
wolt,НЬЮ ЙОРКЕРЫ,НЬЮ ЙОРКЕРЫ,42
wolt,ВЛАЖНЫЙ КОРМ ДЛЯ КОШЕК 🐈 / Blitz,ВЛАЖНЫЙ КОРМ ДЛЯ КОШЕК 🐈 / Blitz,42
wolt,ВОДА 🧊 / С ГАЗОМ,ВОДА 🧊 / С ГАЗОМ,42
wolt,"МОРЕПРОДУКТЫ 🍤  / МИДИИ","МОРЕПРОДУКТЫ 🍤  / МИДИИ",42
wolt,Антиперспирант,Антиперспирант,42
wolt,уход для тела,уход для тела,42
wolt,ВЛАЖНЫЕ КОРМА ДЛЯ КОШЕК / Perfect Fit,ВЛАЖНЫЕ КОРМА ДЛЯ КОШЕК / Perfect Fit,42
wolt,ФУТЛЯРЫ ДЛЯ ОЧКОВ👓,ФУТЛЯРЫ ДЛЯ ОЧКОВ👓,42
wolt,ТОВАРЫ ДЛЯ ДОМА 🏠 / КАПСУЛЫ ДЛЯ СТИРКИ,ТОВАРЫ ДЛЯ ДОМА 🏠 / КАПСУЛЫ ДЛЯ СТИРКИ,42
wolt,НАБОРЫ ИГРУШЕК / Наборы для девочек,НАБОРЫ ИГРУШЕК / Наборы для девочек,42
wolt,АЛЛЕРГИЯ / назальная форма: спрей капли в нос,АЛЛЕРГИЯ / назальная форма: спрей капли в нос,42
wolt,ЗНАКИ ЗОДИАКА / Скорпион — 23 октября – 21 ноября,ЗНАКИ ЗОДИАКА / Скорпион — 23 октября – 21 ноября,42
wolt,СУХОЙ КОРМ ДЛЯ КОШЕК (В УПАКОВКЕ) 🐈 / ДЕРЕВЕНСКИЕ ЛАКОМСТВА😸,СУХОЙ КОРМ ДЛЯ КОШЕК (В УПАКОВКЕ) 🐈 / ДЕРЕВЕНСКИЕ ЛАКОМСТВА😸,42
wolt,"БАКАЛЕЯ 🍝 / САХАР","БАКАЛЕЯ 🍝 / САХАР",42
wolt,ВЛАЖНЫЕ КОРМА ДЛЯ СОБАК / AlphaPet,ВЛАЖНЫЕ КОРМА ДЛЯ СОБАК / AlphaPet,42
wolt,СНЕКИ И ПЕРЕКУСЫ 🥜 / Порошки и гели,СНЕКИ И ПЕРЕКУСЫ 🥜 / Порошки и гели,42
wolt,"    Овощи и фрукты /         Свежемороженные фрукты и ягоды","    Овощи и фрукты /         Свежемороженные фрукты и ягоды",42
wolt,МЯГКИЕ ИГРУШКИ 🧸,МЯГКИЕ ИГРУШКИ 🧸,42
wolt,"АЛКОГОЛЬНЫЕ НАПИТКИ 🥃 / ТЕКИЛА","АЛКОГОЛЬНЫЕ НАПИТКИ 🥃 / ТЕКИЛА",42
wolt,"    Бытовая химия /         Средства для туалетов и ванны","    Бытовая химия /         Средства для туалетов и ванны",42
wolt,"    Снеки /         Арахис, Фисташки","    Снеки /         Арахис, Фисташки",42
wolt,ПОДСТАВКИ ДЛЯ НОУТБУКОВ,ПОДСТАВКИ ДЛЯ НОУТБУКОВ,42
wolt,ГИГИЕНА И БЫТОВАЯ ХИМИЯ 🧴 / ПОРОШКИ И ГЕЛИ,ГИГИЕНА И БЫТОВАЯ ХИМИЯ 🧴 / ПОРОШКИ И ГЕЛИ,42
wolt,КОНСТРУКТОР / Металлический конструктор,КОНСТРУКТОР / Металлический конструктор,42
wolt,НАПОЛНИТЕЛИ ДЛЯ КОШАЧЬЕГО ТУАЛЕТА (В УПАКОВКЕ) / PI-PI BENT🐈,НАПОЛНИТЕЛИ ДЛЯ КОШАЧЬЕГО ТУАЛЕТА (В УПАКОВКЕ) / PI-PI BENT🐈,42
wolt,ВЛАЖНЫЙ КОРМ ДЛЯ СОБАК 🐶 / Other,ВЛАЖНЫЙ КОРМ ДЛЯ СОБАК 🐶 / Other,42
wolt,ТОНИК 🍸,ТОНИК 🍸,42
wolt,ПРОДУКТЫ 🍜 / МАРИНАДЫ ДЛЯ МЯСА 🥩,ПРОДУКТЫ 🍜 / МАРИНАДЫ ДЛЯ МЯСА 🥩,42
wolt,Лечо 👨‍🍳,Лечо 👨‍🍳,42
wolt,Rio корм для попугаев / Лакомство,Rio корм для попугаев / Лакомство,42
wolt,ЛЕКАРСТВА ДЛЯ ОПОРНО-ДВИГАТЕЛЬНОГО АППАРАТА,ЛЕКАРСТВА ДЛЯ ОПОРНО-ДВИГАТЕЛЬНОГО АППАРАТА,42
wolt,"ВОДА, СОКИ, НАПИТКИ 🥤 / Фруктовые чаи","ВОДА, СОКИ, НАПИТКИ 🥤 / Фруктовые чаи",42
wolt,БЕЛЬЕ И ОДЕЖДА / ГАРТЕРЫ,БЕЛЬЕ И ОДЕЖДА / ГАРТЕРЫ,42
wolt,ГЕЛИ ДЛЯ ДУША,ГЕЛИ ДЛЯ ДУША,42
wolt,BYREDO / Byredo Blanche,BYREDO / Byredo Blanche,42
wolt,Бенто торт 500 гр ,Бенто торт 500 гр ,42
wolt,ФРУКТЫ 🍎 / ГРАНАТ,ФРУКТЫ 🍎 / ГРАНАТ,42
wolt,Мясные пироги,Мясные пироги,42
wolt,ЗАКУСКИ / ГОРЯЧИЕ ЗАКУСКИ,ЗАКУСКИ / ГОРЯЧИЕ ЗАКУСКИ,42
wolt,Bioderma / Hydrabio,Bioderma / Hydrabio,42
wolt,Винный напиток,Винный напиток,42
wolt,ВЯЛЕНАЯ РЫБА 🐳,ВЯЛЕНАЯ РЫБА 🐳,42
wolt,УХОД ДЛЯ ТЕЛА 🤩 / ДЛЯ УПРУГОСТИ И ПРОТИВ РАСТЯЖЕК,УХОД ДЛЯ ТЕЛА 🤩 / ДЛЯ УПРУГОСТИ И ПРОТИВ РАСТЯЖЕК,42
wolt,УБОРКА ДЛЯ ДОМА 🧼 / Уход за посудомоечной машиной,УБОРКА ДЛЯ ДОМА 🧼 / Уход за посудомоечной машиной,42
wolt,Бесплатная открытка💌,Бесплатная открытка💌,42
wolt,СЛАБИТЕЛЬНОЕ СРЕДСТВО,СЛАБИТЕЛЬНОЕ СРЕДСТВО,42
wolt,ВЫГОДНЫЕ ПРЕДЛОЖЕНИЯ,ВЫГОДНЫЕ ПРЕДЛОЖЕНИЯ,42
wolt,Закуски / Джерки,Закуски / Джерки,42
wolt,СУХИЕ КОРМА ДЛЯ КОШЕК (ВЕСОВЫЕ) / Brit Premium,СУХИЕ КОРМА ДЛЯ КОШЕК (ВЕСОВЫЕ) / Brit Premium,42
wolt,НАПИТКИ И СОКИ🥤,НАПИТКИ И СОКИ🥤,42
wolt,ЛЕКАРСТВЕННЫЕ СРЕДСТВА 💊 / ВНУТРИВЕННЫЕ,ЛЕКАРСТВЕННЫЕ СРЕДСТВА 💊 / ВНУТРИВЕННЫЕ,42
wolt,БАНДАЖИ ,БАНДАЖИ ,42
wolt,УБОРКА ДЛЯ ДОМА 🧼 / Пакеты для мусора,УБОРКА ДЛЯ ДОМА 🧼 / Пакеты для мусора,42
wolt,КОСМЕТИКА И УХОД / ОЧИСТИТЕЛИ ДЛЯ ИГРУШЕК,КОСМЕТИКА И УХОД / ОЧИСТИТЕЛИ ДЛЯ ИГРУШЕК,42
wolt,BYREDO / Byredo Bal D'afrique,BYREDO / Byredo Bal D'afrique,42
wolt,СНЭКИ 🥜 / ДЕЛИКАТЕСЫ,СНЭКИ 🥜 / ДЕЛИКАТЕСЫ,42
wolt,ВЛАЖНЫЙ КОРМ ДЛЯ КОШЕК 🐱 / ROYAL CANIN VETERINARY🐱🩺,ВЛАЖНЫЙ КОРМ ДЛЯ КОШЕК 🐱 / ROYAL CANIN VETERINARY🐱🩺,42
wolt,"СУХИЕ КОРМА ДЛЯ СОБАК / PRO PLAN","СУХИЕ КОРМА ДЛЯ СОБАК / PRO PLAN",42
wolt,УХОД ДЛЯ ТЕЛА 💃🏻,УХОД ДЛЯ ТЕЛА 💃🏻,42
wolt,HOGO,HOGO,42
wolt,Sheba / Влажный соус,Sheba / Влажный соус,42
wolt,МОЛОЧНЫЕ ПРОДУКТЫ 🥛 / сгущенное молоко,МОЛОЧНЫЕ ПРОДУКТЫ 🥛 / сгущенное молоко,42
wolt,ФРЕНЧ-ПРЕССЫ,ФРЕНЧ-ПРЕССЫ,42
wolt,"АЛКОГОЛЬНЫЕ НАПИТКИ / ЛИКЕР","АЛКОГОЛЬНЫЕ НАПИТКИ / ЛИКЕР",42
wolt,АВТОТОВАРЫ 🚗 / Антифриз,АВТОТОВАРЫ 🚗 / Антифриз,42
wolt,"ПРОЛОНГАТОРЫ ДЛЯ ПРОДЛЕНИЯ АКТА							","ПРОЛОНГАТОРЫ ДЛЯ ПРОДЛЕНИЯ АКТА							",42
wolt,AUSTER,AUSTER,42
wolt,ЛАКОМСВА ДЛЯ СОБАК / ЗУБОЧИСТКИ,ЛАКОМСВА ДЛЯ СОБАК / ЗУБОЧИСТКИ,42
wolt,"ПОЛУФАБРИКАТЫ 🥟 / КОТЛЕТЫ, ФРИКАДЕЛЬКИ","ПОЛУФАБРИКАТЫ 🥟 / КОТЛЕТЫ, ФРИКАДЕЛЬКИ",42
wolt,ANUA,ANUA,42
wolt,"    Бытовая химия /         Кондиционеры для белья","    Бытовая химия /         Кондиционеры для белья",42
wolt,ЛАКОМСТВА ДЛЯ КОШЕК / PetMetro,ЛАКОМСТВА ДЛЯ КОШЕК / PetMetro,42
wolt,НОВОГОДНИЕ ТОВАРЫ🎄 / ДОП. ТОВАРЫ,НОВОГОДНИЕ ТОВАРЫ🎄 / ДОП. ТОВАРЫ,42
wolt,CREED / Creed Aventus Cologne,CREED / Creed Aventus Cologne,42
kaspi_food,Chacha,Chacha,42
wolt,БОЛЬ И ВОСПАЛЕНИЕ,БОЛЬ И ВОСПАЛЕНИЕ,42
wolt,КРАСКА ДЛЯ ВОЛОС 🎀,КРАСКА ДЛЯ ВОЛОС 🎀,42
wolt,Косметика / Кремы,Косметика / Кремы,42
wolt,Сублимированное мороженое и фрукты/ягоды,Сублимированное мороженое и фрукты/ягоды,42
wolt,СЕКС ИГРУШКИ ДЛЯ ДВОИХ  / ВИБРАТОРЫ ДЛЯ ПАР,СЕКС ИГРУШКИ ДЛЯ ДВОИХ  / ВИБРАТОРЫ ДЛЯ ПАР,42
wolt,КОМБИНАЦИИ ЭФИРНЫХ МАСЕЛ,КОМБИНАЦИИ ЭФИРНЫХ МАСЕЛ,42
wolt,ВЕТАПТЕКА / Контрацепция для кошек и собак,ВЕТАПТЕКА / Контрацепция для кошек и собак,42
wolt,Pro Хвост / Влажный корм,Pro Хвост / Влажный корм,42
wolt,доп. товары / ГИРЛЯНДА ,доп. товары / ГИРЛЯНДА ,42
wolt,Специальное предложение,Специальное предложение,42
wolt,МОЛОЧНАЯ КЛУБНИКА В ШОКОЛАДЕ 🍓,МОЛОЧНАЯ КЛУБНИКА В ШОКОЛАДЕ 🍓,42
wolt,"СРЕДСТВА ГИГИЕНЫ, ФАРМАЦЕВТИКА / ВАТНЫЕ ПАЛОЧКИ И ДИСКИ","СРЕДСТВА ГИГИЕНЫ, ФАРМАЦЕВТИКА / ВАТНЫЕ ПАЛОЧКИ И ДИСКИ",42
wolt,Лекарственные средства / Препараты снимающие зуд кожи,Лекарственные средства / Препараты снимающие зуд кожи,42
wolt,EXPONENTA,EXPONENTA,42
wolt,ТОВАРЫ ДЛЯ ЖИВОТНЫХ 🐶 / НАПОЛНИТЕЛЬ ДЛЯ ТУАЛЕТА ,ТОВАРЫ ДЛЯ ЖИВОТНЫХ 🐶 / НАПОЛНИТЕЛЬ ДЛЯ ТУАЛЕТА ,42
wolt,"РОЗЫ 🌹","РОЗЫ 🌹",42
wolt,УХОД ЗА ПОЛОСТЬЮ РТА,УХОД ЗА ПОЛОСТЬЮ РТА,42
wolt,ТОВАРЫ ДЛЯ ДОМА / ПАКЕТЫ И МЕШКИ ДЛЯ МУСОРА,ТОВАРЫ ДЛЯ ДОМА / ПАКЕТЫ И МЕШКИ ДЛЯ МУСОРА,42
wolt,"Красота и уход / Шампунь, уход за волосами","Красота и уход / Шампунь, уход за волосами",42
wolt,Детские товары / Детские товары,Детские товары / Детские товары,42
wolt,Felix / Влажный корм для кошки,Felix / Влажный корм для кошки,42
wolt,"ЯПОНСКИЕ ПАНКЕЙКИ","ЯПОНСКИЕ ПАНКЕЙКИ",42
wolt,МОЛОЧНЫЙ ПРИЛАВОК / Молочные коктейли,МОЛОЧНЫЙ ПРИЛАВОК / Молочные коктейли,42
wolt,БЕРЛИНЕРЫ ,БЕРЛИНЕРЫ ,42
wolt,ГОРЯЧИЕ ЗАМОРОЖЕННЫЕ БЛЮДА 🍲,ГОРЯЧИЕ ЗАМОРОЖЕННЫЕ БЛЮДА 🍲,42
wolt,Горячие блюда,Горячие блюда,42
wolt,ДРАЖЕ В КОРОБОЧКАХ LARGE🍫,ДРАЖЕ В КОРОБОЧКАХ LARGE🍫,42
wolt,НАСТОЙКА 🥃,НАСТОЙКА 🥃,42
wolt,МОЛОЧНЫЙ ПРИЛАВОК / Коллекция Exponenta,МОЛОЧНЫЙ ПРИЛАВОК / Коллекция Exponenta,42
wolt,СЛАДОСТИ 🧁,СЛАДОСТИ 🧁,42
wolt,ВЕТЕРИНАРНЫЙ КОРМ,ВЕТЕРИНАРНЫЙ КОРМ,42
wolt,КАПЛИ ДЛЯ ЛИНЗ💦,КАПЛИ ДЛЯ ЛИНЗ💦,42
wolt,"УСПОКОИТЕЛЬНЫЕ, СОН","УСПОКОИТЕЛЬНЫЕ, СОН",42
wolt,СУПЫ ГОТОВЫЕ ЗАМОРОЖЕННЫЕ 🥘,СУПЫ ГОТОВЫЕ ЗАМОРОЖЕННЫЕ 🥘,42
wolt,"ИГРИСТОЕ ВИНО🍸 / Кава","ИГРИСТОЕ ВИНО🍸 / Кава",42
wolt,ДЛЯ НЕГО / НАСАДКИ НА ЧЛЕН,ДЛЯ НЕГО / НАСАДКИ НА ЧЛЕН,42
wolt,АМЕРИКАНСКИЙ ВИСКИ 🥃,АМЕРИКАНСКИЙ ВИСКИ 🥃,42
wolt,ДРАЖЕ В КОРОБОЧКЕ SMALL🍫,ДРАЖЕ В КОРОБОЧКЕ SMALL🍫,42
wolt,ЛЕКАРСТВЕННЫЕ СРЕДСТВА 💊 / ДЕРМАТОЛОГИЧЕСТКИЕ СРЕДСТВА,ЛЕКАРСТВЕННЫЕ СРЕДСТВА 💊 / ДЕРМАТОЛОГИЧЕСТКИЕ СРЕДСТВА,42
wolt,"АЛКОГОЛЬНЫЕ НАПИТКИ / КОНЬЯК","АЛКОГОЛЬНЫЕ НАПИТКИ / КОНЬЯК",42
wolt,ЛИНЗЫ НА КАМЕРУ📷,ЛИНЗЫ НА КАМЕРУ📷,42
wolt,ЧУЛКИ		,ЧУЛКИ		,42
wolt,ЛИМОНАДЫ 🍋,ЛИМОНАДЫ 🍋,42
wolt,ДЕТСКАЯ ГИГИЕНА👶🏻,ДЕТСКАЯ ГИГИЕНА👶🏻,42
wolt,"ПРОДУКТЫ БЫСТРОГО ПРИГОТОВЛЕНИЯ / АШЛЯНФУ, СПАРЖА, ЛИСТЫ НОРИ, ФУНЧОЗА","ПРОДУКТЫ БЫСТРОГО ПРИГОТОВЛЕНИЯ / АШЛЯНФУ, СПАРЖА, ЛИСТЫ НОРИ, ФУНЧОЗА",42
wolt,КОРМА НА РАЗВЕС / NATURE'S PROTECTION,КОРМА НА РАЗВЕС / NATURE'S PROTECTION,42
wolt,ВЛАЖНЫЕ КОРМА ДЛЯ КОШЕК / BEST DINNER ,ВЛАЖНЫЕ КОРМА ДЛЯ КОШЕК / BEST DINNER ,42
wolt,СУХИЕ КОРМА ДЛЯ КОШЕК / ProBalance,СУХИЕ КОРМА ДЛЯ КОШЕК / ProBalance,42
wolt,"ШАМПУНЬ, БАЛЬЗАМ, КОНДИЦИОНЕР ДЛЯ ВОЛОС 🧴","ШАМПУНЬ, БАЛЬЗАМ, КОНДИЦИОНЕР ДЛЯ ВОЛОС 🧴",42
wolt,СУХИЕ КОРМА ДЛЯ КОШЕК / ProPlan Ветеринарная линейка,СУХИЕ КОРМА ДЛЯ КОШЕК / ProPlan Ветеринарная линейка,42
wolt,КОСМЕТИКА💄 / СРЕДСТВА ДЛЯ СНЯТИЯ МАКИЯЖА,КОСМЕТИКА💄 / СРЕДСТВА ДЛЯ СНЯТИЯ МАКИЯЖА,41
wolt,ЛЕКАРСТВА И БАДЫ💊 / Лечение мужских заболеваний,ЛЕКАРСТВА И БАДЫ💊 / Лечение мужских заболеваний,41
wolt,АЛКОГОЛЬНЫЕ НАПИТКИ🥂 / Сидр,АЛКОГОЛЬНЫЕ НАПИТКИ🥂 / Сидр,41
wolt,СРЕДСТВА ЛИЧНОЙ ГИГИЕНЫ 🧽 / Мыло,СРЕДСТВА ЛИЧНОЙ ГИГИЕНЫ 🧽 / Мыло,41
wolt,Средства личной гигиены ,Средства личной гигиены ,41
wolt,КОСМЕТИЧЕСКИЕ И ГИГИЕНИЧЕСКИЕ СРЕДСТВА💄 / Уход за руками и ногтями,КОСМЕТИЧЕСКИЕ И ГИГИЕНИЧЕСКИЕ СРЕДСТВА💄 / Уход за руками и ногтями,41
wolt,Лекарственные средства / Лекарства от коликов,Лекарственные средства / Лекарства от коликов,41
wolt,"ДЕЛИКАТЕСЫ, ПАШТЕТЫ И КОЛБАСЫ / ПАШТЕТЫ","ДЕЛИКАТЕСЫ, ПАШТЕТЫ И КОЛБАСЫ / ПАШТЕТЫ",41
wolt,КОМПОТЫ 🥤,КОМПОТЫ 🥤,41
wolt,😺СУХОЙ КОРМ ДЛЯ КОШЕК (НА РАЗВЕС) 🐈 / СНЕЖОК😺,😺СУХОЙ КОРМ ДЛЯ КОШЕК (НА РАЗВЕС) 🐈 / СНЕЖОК😺,40
wolt,😺СУХОЙ КОРМ ДЛЯ КОШЕК (НА РАЗВЕС) 🐈 / BLITZ😺,😺СУХОЙ КОРМ ДЛЯ КОШЕК (НА РАЗВЕС) 🐈 / BLITZ😺,40
wolt,МИСКИ ДЛЯ КОШЕК И СОБАК / МЕТАЛЛИЧЕСКИЕ ,МИСКИ ДЛЯ КОШЕК И СОБАК / МЕТАЛЛИЧЕСКИЕ ,40
wolt,GOSE ,GOSE ,40
wolt,"МЁД И ВАРЕНЬЕ / Варенья и джемы","МЁД И ВАРЕНЬЕ / Варенья и джемы",40
wolt,😺СУХОЙ КОРМ ДЛЯ КОШЕК (НА РАЗВЕС) 🐈 / EMINENT😺,😺СУХОЙ КОРМ ДЛЯ КОШЕК (НА РАЗВЕС) 🐈 / EMINENT😺,40
wolt,🐶СУХОЙ КОРМ ДЛЯ СОБАК (НА РАЗВЕС)🐶😋 / BELCANDO🐶,🐶СУХОЙ КОРМ ДЛЯ СОБАК (НА РАЗВЕС)🐶😋 / BELCANDO🐶,40
wolt,МАКИЯЖ💄 / Блески для губ,МАКИЯЖ💄 / Блески для губ,40
wolt,😺СУХОЙ КОРМ ДЛЯ КОШЕК (В УПАКОВКЕ) 🐈 / LEONARDO🐾,😺СУХОЙ КОРМ ДЛЯ КОШЕК (В УПАКОВКЕ) 🐈 / LEONARDO🐾,40
wolt,ЗАМОРОЖЕННЫЕ ПРОДУКТЫ / ШАШЛЫК П/Ф,ЗАМОРОЖЕННЫЕ ПРОДУКТЫ / ШАШЛЫК П/Ф,40
wolt,😺СУХОЙ КОРМ ДЛЯ КОШЕК (НА РАЗВЕС) 🐈 / ACANA/ORIJEN😺,😺СУХОЙ КОРМ ДЛЯ КОШЕК (НА РАЗВЕС) 🐈 / ACANA/ORIJEN😺,40
wolt,😺СУХОЙ КОРМ ДЛЯ КОШЕК (НА РАЗВЕС) 🐈 / ALPHAPET😺,😺СУХОЙ КОРМ ДЛЯ КОШЕК (НА РАЗВЕС) 🐈 / ALPHAPET😺,40
wolt,КРАСОТА И ГИГИЕНА / АНТИСЕПТИКИ,КРАСОТА И ГИГИЕНА / АНТИСЕПТИКИ,40
wolt,🐶СУХОЙ КОРМ ДЛЯ СОБАК (НА РАЗВЕС)🐶😋 / REFLEX🐶,🐶СУХОЙ КОРМ ДЛЯ СОБАК (НА РАЗВЕС)🐶😋 / REFLEX🐶,40
wolt,"ДОМ, ДАЧА, АВТО / ДОМ","ДОМ, ДАЧА, АВТО / ДОМ",40
wolt,😺СУХОЙ КОРМ ДЛЯ КОШЕК (НА РАЗВЕС) 🐈 / YUMMI😺,😺СУХОЙ КОРМ ДЛЯ КОШЕК (НА РАЗВЕС) 🐈 / YUMMI😺,40
wolt,Молочные продукты / Сырки творожные,Молочные продукты / Сырки творожные,40
wolt,🐶СУХОЙ КОРМ ДЛЯ СОБАК (НА РАЗВЕС)🐶😋 / FARMINA N&D🐶,🐶СУХОЙ КОРМ ДЛЯ СОБАК (НА РАЗВЕС)🐶😋 / FARMINA N&D🐶,40
wolt,ШАРМЫ,ШАРМЫ,40
wolt,ДЛЯ ГРЫЗУНОВ🐭 / Лакомства для грызунов ,ДЛЯ ГРЫЗУНОВ🐭 / Лакомства для грызунов ,39
wolt,Гигиена полости рта,Гигиена полости рта,39
wolt,😺СУХОЙ КОРМ ДЛЯ КОШЕК (В УПАКОВКЕ) 🐈 / ДЕРЕВЕНСКИЕ ЛАКОМСТВА🐾,😺СУХОЙ КОРМ ДЛЯ КОШЕК (В УПАКОВКЕ) 🐈 / ДЕРЕВЕНСКИЕ ЛАКОМСТВА🐾,39
wolt,"Конфеты и сладости / Бисквиты","Конфеты и сладости / Бисквиты",39
wolt,Кондитерские изделия / Маффины,Кондитерские изделия / Маффины,39
wolt,Чистящие средства / Мытье посуды,Чистящие средства / Мытье посуды,39
wolt,СНЕКИ И ПЕРЕКУСЫ 🥜 / Перекусы,СНЕКИ И ПЕРЕКУСЫ 🥜 / Перекусы,39
wolt,СНЕКИ  / КУРТ,СНЕКИ  / КУРТ,38
wolt,"СРЕДСТВА ГИГИЕНЫ /  Бальзамы, кондиционеры","СРЕДСТВА ГИГИЕНЫ /  Бальзамы, кондиционеры",38
wolt,ТОКПОККИ И РАПОККИ,ТОКПОККИ И РАПОККИ,38
wolt,НАПОЛНИТЕЛИ ДЛЯ КОШАЧЬЕГО ТУАЛЕТА (В УПАКОВКЕ) / LUCKY CAT😻,НАПОЛНИТЕЛИ ДЛЯ КОШАЧЬЕГО ТУАЛЕТА (В УПАКОВКЕ) / LUCKY CAT😻,38
wolt,Ингаляторы,Ингаляторы,38
wolt,"КОЛБАСЫ 🍖 / ВЕТЧИНА","КОЛБАСЫ 🍖 / ВЕТЧИНА",38
wolt,ЗДОРОВЫЙ ОБРАЗ ЖИЗНИ / Меньше сахара,ЗДОРОВЫЙ ОБРАЗ ЖИЗНИ / Меньше сахара,37
wolt,"СНЭКИ, СЭНДВИЧИ, ЧИПСЫ, ПОПКОРН / АРАХИС, ОРЕШКИ ","СНЭКИ, СЭНДВИЧИ, ЧИПСЫ, ПОПКОРН / АРАХИС, ОРЕШКИ ",37
wolt,АЗИАТСКАЯ КУХНЯ🍱,АЗИАТСКАЯ КУХНЯ🍱,37
wolt,Продукция Северное,Продукция Северное,37
wolt,ICE COFFEЕ 🧊,ICE COFFEЕ 🧊,37
wolt,КУСТОВЫЕ РОЗЫ ,КУСТОВЫЕ РОЗЫ ,37
wolt,ЛЁД🧊,ЛЁД🧊,37
wolt,Косметика / Пенки/Пилинг,Косметика / Пенки/Пилинг,36
wolt,BOADICEA THE VICTORIOUS / Boadicea the Victorious Aqua Sapphire,BOADICEA THE VICTORIOUS / Boadicea the Victorious Aqua Sapphire,36
wolt,ВОСТОЧНЫЕ ДЕСЕРТЫ🫘,ВОСТОЧНЫЕ ДЕСЕРТЫ🫘,36
wolt,ВЛАЖНЫЕ КОРМА ДЛЯ КОШЕК / Darsi ,ВЛАЖНЫЕ КОРМА ДЛЯ КОШЕК / Darsi ,36
wolt,ПОПОНЫ ПОСЛЕОПЕРАЦИОННЫЕ ДЛЯ КОШЕК И СОБАК,ПОПОНЫ ПОСЛЕОПЕРАЦИОННЫЕ ДЛЯ КОШЕК И СОБАК,36
wolt,НАПИТКИ РАЗЛИВНЫЕ 🥤,НАПИТКИ РАЗЛИВНЫЕ 🥤,36
wolt,"Чипсы, орехи, снэки / Попкорн","Чипсы, орехи, снэки / Попкорн",36
wolt,"ПОСУДА","ПОСУДА",36
wolt,"ПОСУДА И ПАКЕТЫ / Пакеты, пленка, перчатки, скотч","ПОСУДА И ПАКЕТЫ / Пакеты, пленка, перчатки, скотч",36
wolt,Посуда и приборы,Посуда и приборы,36
wolt,ВЛАЖНЫЕ КОРМА ДЛЯ КОШЕК 😻 / Probalance,ВЛАЖНЫЕ КОРМА ДЛЯ КОШЕК 😻 / Probalance,36
wolt,ЛАКОМСТВА ДЛЯ КОШЕК😻 / Кремовые лакомства,ЛАКОМСТВА ДЛЯ КОШЕК😻 / Кремовые лакомства,36
wolt,Bioderma / Pigmentbio,Bioderma / Pigmentbio,36
wolt,HOT DOG'N'ROLL // СУШИРОЛЛ,HOT DOG'N'ROLL // СУШИРОЛЛ,36
wolt,ATTAR COLLECTION / Attar Collection Azalea,ATTAR COLLECTION / Attar Collection Azalea,36
wolt,"ВОДА, СОКИ, НАПИТКИ / Квас","ВОДА, СОКИ, НАПИТКИ / Квас",36
wolt,"ИМН,ПРОЧИЕ МЕДИЦИНСКИЕ ИЗДЕЛИЯ","ИМН,ПРОЧИЕ МЕДИЦИНСКИЕ ИЗДЕЛИЯ",36
wolt,ТОВАРЫ ДЛЯ ДОМА 🏠 / КОНДИЦИОНЕРЫ ДЛЯ БЕЛЬЯ,ТОВАРЫ ДЛЯ ДОМА 🏠 / КОНДИЦИОНЕРЫ ДЛЯ БЕЛЬЯ,36
wolt,CREED / Creed Oud Zarian,CREED / Creed Oud Zarian,36
wolt,АВТОРСКИЕ ЛИМОНАДЫ🍋,АВТОРСКИЕ ЛИМОНАДЫ🍋,36
wolt,"ПРЕЗЕРВАТИВЫ / ВКУСОВЫЕ/АРОМАТИЗИРОВАННЫЕ","ПРЕЗЕРВАТИВЫ / ВКУСОВЫЕ/АРОМАТИЗИРОВАННЫЕ",36
wolt,НАПИТКИ / Тоники,НАПИТКИ / Тоники,36
wolt,КОРМ ДЛЯ ЖИВОТНЫХ,КОРМ ДЛЯ ЖИВОТНЫХ,36
wolt,ICED COFFEE 🧊,ICED COFFEE 🧊,36
wolt,СПФ,СПФ,36
wolt,"КОНДИЦИОНЕР, КАПСУЛЫ, ГЕЛИ ДЛЯ СТИРКИ 🫧 / КОНДИЦИОНЕР ДЛЯ СТИРКИ","КОНДИЦИОНЕР, КАПСУЛЫ, ГЕЛИ ДЛЯ СТИРКИ 🫧 / КОНДИЦИОНЕР ДЛЯ СТИРКИ",36
wolt,АВТОРСКИЕ НАПИТКИ ☕,АВТОРСКИЕ НАПИТКИ ☕,36
wolt,ДЕКОРАТИВНАЯ КОСМЕТИКА / ПУДРЫ,ДЕКОРАТИВНАЯ КОСМЕТИКА / ПУДРЫ,36
wolt,CREED / Creed Centaurus,CREED / Creed Centaurus,36
wolt,СВЕЖАЯ КЛУБНИКА 🍓,СВЕЖАЯ КЛУБНИКА 🍓,36
wolt,ВОДА 💦,ВОДА 💦,36
wolt,БДСМ,БДСМ,36
wolt,"СОКИ, НЕКТАРЫ И КОМПОТЫ / Компоты, морсы","СОКИ, НЕКТАРЫ И КОМПОТЫ / Компоты, морсы",36
wolt,САХАРОЗАМЕНИТЕЛИ.,САХАРОЗАМЕНИТЕЛИ.,36
wolt,ЧИЗКЕЙКИ🍮,ЧИЗКЕЙКИ🍮,36
wolt,САМСА 🥮,САМСА 🥮,36
wolt,ATTAR COLLECTION / Attar Collection Slate Blue,ATTAR COLLECTION / Attar Collection Slate Blue,36
wolt,ATTAR COLLECTION / Attar Collections Floral Musk,ATTAR COLLECTION / Attar Collections Floral Musk,36
wolt,ФРУКТОВЫЕ КОМПОЗИЦИИ,ФРУКТОВЫЕ КОМПОЗИЦИИ,36
wolt,САМСА🫔,САМСА🫔,36
wolt,САМСА🥟,САМСА🥟,36
wolt,КРАСОТА И ГИГИЕНА 🧴 / СКРАБ,КРАСОТА И ГИГИЕНА 🧴 / СКРАБ,36
wolt,ВЛАЖНЫЙ КОРМ ДЛЯ СОБАК 🐕 / MONGE,ВЛАЖНЫЙ КОРМ ДЛЯ СОБАК 🐕 / MONGE,36
wolt,CLIVE CHRISTIAN / Clive Christian Timeless,CLIVE CHRISTIAN / Clive Christian Timeless,36
wolt,ЭКО женские гигиенические средства 🌸,ЭКО женские гигиенические средства 🌸,36
wolt,AMOUAGE / Amouage Journey Woman,AMOUAGE / Amouage Journey Woman,36
wolt,CLIVE CHRISTIAN / Clive Christian Matsukita,CLIVE CHRISTIAN / Clive Christian Matsukita,36
wolt,БЛИНЧИКИ 🥞,БЛИНЧИКИ 🥞,36
wolt,Леденец,Леденец,36
wolt,ПРИБОРЫ 🍽 ,ПРИБОРЫ 🍽 ,36
wolt,ATTAR COLLECTION / Attar Collection Crystal Love For Him,ATTAR COLLECTION / Attar Collection Crystal Love For Him,36
wolt,"РОМ","РОМ",36
wolt,ВЛАЖНЫЕ КОРМА ДЛЯ СОБАК / Royal Canin,ВЛАЖНЫЕ КОРМА ДЛЯ СОБАК / Royal Canin,36
wolt,"ЧАЙ, КОФЕ И КАКАО / Цикорий, напитки растительные","ЧАЙ, КОФЕ И КАКАО / Цикорий, напитки растительные",36
wolt,AMOUAGE / Amouage Lyric Woman,AMOUAGE / Amouage Lyric Woman,36
wolt,Капучинаторы,Капучинаторы,36
wolt,ATTAR COLLECTION / Attar Collection Second Skin,ATTAR COLLECTION / Attar Collection Second Skin,36
wolt,ATTAR COLLECTION / Attar Collection Rosa Galore,ATTAR COLLECTION / Attar Collection Rosa Galore,36
wolt,"ВЛАЖНЫЙ КОРМ ДЛЯ КОШЕК 🐈 / Sirius🇷🇺","ВЛАЖНЫЙ КОРМ ДЛЯ КОШЕК 🐈 / Sirius🇷🇺",36
wolt,РАСХОДНИКИ,РАСХОДНИКИ,36
wolt,РАСТИТЕЛЬНЫЕ МОЛОЧНЫЕ ПРОДУКТЫ🥛,РАСТИТЕЛЬНЫЕ МОЛОЧНЫЕ ПРОДУКТЫ🥛,36
wolt,ВЛАЖНЫЕ КОРМА 🫘 / МНЯМС,ВЛАЖНЫЕ КОРМА 🫘 / МНЯМС,36
wolt,CLIVE CHRISTIAN / Clive Christian Jump Up and Kiss Me Hedonistic,CLIVE CHRISTIAN / Clive Christian Jump Up and Kiss Me Hedonistic,36
wolt,Прокладки и Тампоны ,Прокладки и Тампоны ,36
wolt,ВЛАЖНЫЙ КОРМ ДЛЯ КОШЕК 🐈 / Royal Canin,ВЛАЖНЫЙ КОРМ ДЛЯ КОШЕК 🐈 / Royal Canin,36
wolt,ЭКО КУХНЯ 🍴 / НАТУРАЛЬНЫЕ ИЗДЕЛИЯ ДЛЯ СЕРВИРОВКИ СТОЛА,ЭКО КУХНЯ 🍴 / НАТУРАЛЬНЫЕ ИЗДЕЛИЯ ДЛЯ СЕРВИРОВКИ СТОЛА,36
wolt,ATTAR COLLECTION / Attar Collection Musk Kashmir Extrait de Parfum,ATTAR COLLECTION / Attar Collection Musk Kashmir Extrait de Parfum,36
wolt,ВЛАЖНЫЙ КОРМ ДЛЯ КОШЕК 🐱 / BEST DINNER😸,ВЛАЖНЫЙ КОРМ ДЛЯ КОШЕК 🐱 / BEST DINNER😸,36
wolt,РАСТВОРЫ💧,РАСТВОРЫ💧,36
wolt,CLIVE CHRISTIAN / Clive Christian E Cashmere Musk,CLIVE CHRISTIAN / Clive Christian E Cashmere Musk,36
wolt,Клубника kinder,Клубника kinder,36
wolt,BOADICEA THE VICTORIOUS / Boadicea the Victorious Blue Sapphire,BOADICEA THE VICTORIOUS / Boadicea the Victorious Blue Sapphire,36
wolt,ПРОТИВОАЛЛЕРГИЧЕСКОЕ,ПРОТИВОАЛЛЕРГИЧЕСКОЕ,36
wolt,АКСЕССУАРЫ 🕶️ / Держатели для очков,АКСЕССУАРЫ 🕶️ / Держатели для очков,36
wolt,АКСЕССУАРЫ 🕶️ / Средства для очистки очковых линз,АКСЕССУАРЫ 🕶️ / Средства для очистки очковых линз,36
wolt,Аксессуары / Дорожные наборы,Аксессуары / Дорожные наборы,36
wolt,Клубника в Шоколаде,Клубника в Шоколаде,36
wolt,"КОРМА ДЛЯ КОШЕК 🐱 / Attila Mr.Cat, Elite","КОРМА ДЛЯ КОШЕК 🐱 / Attila Mr.Cat, Elite",36
wolt,Микс,Микс,36
wolt,ПУХОДЕРКИ ⋆˚🐾˖°,ПУХОДЕРКИ ⋆˚🐾˖°,36
wolt,ПРОТИВОМИКРОБНОЕ СР-ВО КОМБИНИРОВАННОЕ,ПРОТИВОМИКРОБНОЕ СР-ВО КОМБИНИРОВАННОЕ,36
wolt,"БДСМ / ЗАЖИМЫ И ПЭСТИСЫ ДЛЯ СОСКОВ","БДСМ / ЗАЖИМЫ И ПЭСТИСЫ ДЛЯ СОСКОВ",36
wolt,Алкоголь / СИДР,Алкоголь / СИДР,36
wolt,CLIVE CHRISTIAN / Clive Christian Blonde Amber,CLIVE CHRISTIAN / Clive Christian Blonde Amber,36
wolt,ATTAR COLLECTION / Attar Collection Khaltat Night,ATTAR COLLECTION / Attar Collection Khaltat Night,36
wolt,ПРОЧЕЕ 🧊,ПРОЧЕЕ 🧊,36
wolt,"КОВРИКИ ПОД МИСКИ, ЛОТКИ","КОВРИКИ ПОД МИСКИ, ЛОТКИ",36
wolt,КОГТЕТОЧКИ 🐾,КОГТЕТОЧКИ 🐾,36
wolt,НАПОЛНИТЕЛИ ДЛЯ КОШАЧЬЕГО ТУАЛЕТА (В УПАКОВКЕ) / ЁШКИН КОТ😻,НАПОЛНИТЕЛИ ДЛЯ КОШАЧЬЕГО ТУАЛЕТА (В УПАКОВКЕ) / ЁШКИН КОТ😻,36
wolt,ATTAR COLLECTION / Attar Collection Fleur De Santal,ATTAR COLLECTION / Attar Collection Fleur De Santal,36
wolt,ПРОХЛАДНЫЕ КОФЕ ☕️,ПРОХЛАДНЫЕ КОФЕ ☕️,36
wolt,АЛЬТЕРНАТИВНОЕ ЗАВАРИВАНИЕ / AeroPress ,АЛЬТЕРНАТИВНОЕ ЗАВАРИВАНИЕ / AeroPress ,36
wolt,УХОД ДЛЯ ЛИЦА 😊 / ДЛЯ ЖИРНОЙ И КОМБИНИРОВАННОЙ КОЖИ,УХОД ДЛЯ ЛИЦА 😊 / ДЛЯ ЖИРНОЙ И КОМБИНИРОВАННОЙ КОЖИ,36
wolt,CLIVE CHRISTIAN / Clive Christian 1872 Masculine,CLIVE CHRISTIAN / Clive Christian 1872 Masculine,36
wolt,Бенто тортики / Бенто М 600гр.,Бенто тортики / Бенто М 600гр.,36
wolt,Безалкогольное Вино,Безалкогольное Вино,36
wolt,МУЖСКАЯ ПАРФЮМЕРИЯ 🧑‍🦱,МУЖСКАЯ ПАРФЮМЕРИЯ 🧑‍🦱,36
wolt,AMOUAGE / Amouage Guidance 46,AMOUAGE / Amouage Guidance 46,36
wolt,"14.02 Specials","14.02 Specials",36
wolt,AMOUAGE / Amouage Guidance,AMOUAGE / Amouage Guidance,36
wolt,AMOUAGE / Amouage Existence,AMOUAGE / Amouage Existence,36
wolt,МЫЛО 🧼 / ХОЗЯЙСТВЕННОЕ МЫЛО,МЫЛО 🧼 / ХОЗЯЙСТВЕННОЕ МЫЛО,36
wolt,УТЮГИ,УТЮГИ,36
wolt,AMOUAGE / Amouage Epic Woman,AMOUAGE / Amouage Epic Woman,36
wolt,"КОСМЕТИКА,ПАРФЮМЕРИЯ / УХОД ЗА ЛИЦОМ","КОСМЕТИКА,ПАРФЮМЕРИЯ / УХОД ЗА ЛИЦОМ",36
wolt,Мицеллярная вода,Мицеллярная вода,36
wolt,БРЕНДИ 🫗,БРЕНДИ 🫗,36
wolt,Kitekat / Сухой корм,Kitekat / Сухой корм,36
wolt,"    Мясо, Птица, Колбаса /         Колбаса варёная","    Мясо, Птица, Колбаса /         Колбаса варёная",36
wolt,AMOUAGE / Amouage Epic Man,AMOUAGE / Amouage Epic Man,36
wolt,AMOUAGE / Amouage Blossom Love,AMOUAGE / Amouage Blossom Love,36
wolt,БАКАЛЕЯ / Сиропы и кисели,БАКАЛЕЯ / Сиропы и кисели,36
wolt,ACQUA DI PARMA / Acqua di Parma Mirto di Panarea,ACQUA DI PARMA / Acqua di Parma Mirto di Panarea,36
wolt,БУКЕТЫ💐,БУКЕТЫ💐,36
wolt,СУХОЙ КОРМ ДЛЯ КОШЕК (НА РАЗВЕС) 🐈 / ALPHAPET😻,СУХОЙ КОРМ ДЛЯ КОШЕК (НА РАЗВЕС) 🐈 / ALPHAPET😻,36
wolt,😺СУХОЙ КОРМ ДЛЯ КОШЕК (НА РАЗВЕС) 🐈 / A-PRO 😺,😺СУХОЙ КОРМ ДЛЯ КОШЕК (НА РАЗВЕС) 🐈 / A-PRO 😺,36
wolt,БУКЕТЫ И КОМПОЗИЦИИ СВЫШЕ 20 000 ТНГ 💐,БУКЕТЫ И КОМПОЗИЦИИ СВЫШЕ 20 000 ТНГ 💐,36
wolt,CREED / Creed Himalaya,CREED / Creed Himalaya,36
wolt,"    Мясо, Птица, Колбаса /         Сосиски, сардельки, шпикачки","    Мясо, Птица, Колбаса /         Сосиски, сардельки, шпикачки",36
wolt,"Универсальные кофемашины / CECOTEC","Универсальные кофемашины / CECOTEC",36
wolt,Бабл ти / Бабл ти ,Бабл ти / Бабл ти ,36
wolt,МЯЧИ / Футбольные мячи,МЯЧИ / Футбольные мячи,36
wolt,"Национальная кухня / Жент, курт, иримшик","Национальная кухня / Жент, курт, иримшик",36
wolt,УХОД ЗА КОЖЕЙ ЛИЦА🧖‍♀️ / БАЛЬЗАМЫ/СКРАБЫ ДЛЯ ГУБ 💋,УХОД ЗА КОЖЕЙ ЛИЦА🧖‍♀️ / БАЛЬЗАМЫ/СКРАБЫ ДЛЯ ГУБ 💋,36
wolt,ЭНЦИКЛОПЕДИИ,ЭНЦИКЛОПЕДИИ,36
wolt,АЛЬТЕРНАТИВНОЕ ЗАВАРИВАНИЕ / Timemore ,АЛЬТЕРНАТИВНОЕ ЗАВАРИВАНИЕ / Timemore ,36
wolt,НЕ СЛАДКАЯ ВЫПЕЧКА,НЕ СЛАДКАЯ ВЫПЕЧКА,36
wolt,БАБЛ ТИ,БАБЛ ТИ,36
wolt,LEMONADES WITH BUTTERFLY 🍹,LEMONADES WITH BUTTERFLY 🍹,36
wolt,АЛЬТЕРНАТИВНОЕ МОЛОКО,АЛЬТЕРНАТИВНОЕ МОЛОКО,36
wolt,СУХОЙ КОРМ ДЛЯ КОШЕК 🐱 / Sirius🇷🇺,СУХОЙ КОРМ ДЛЯ КОШЕК 🐱 / Sirius🇷🇺,36
wolt,НОВИНКИ 💥,НОВИНКИ 💥,36
wolt,СУХОЙ КОРМ ДЛЯ КОШЕК 🐱 / Sirius,СУХОЙ КОРМ ДЛЯ КОШЕК 🐱 / Sirius,36
kaspi_food,Absinthe,Absinthe,36
wolt,АЛЬТЕРНАТИВНОЕ МОЛОКО 🥛,АЛЬТЕРНАТИВНОЕ МОЛОКО 🥛,36
wolt,НОВОГОДНИЕ ТОВАРЫ🎄 / ГИРЛЯНДЫ,НОВОГОДНИЕ ТОВАРЫ🎄 / ГИРЛЯНДЫ,36
wolt,НОВОГОДНИЕ ТОВАРЫ🎄 / МИШУРА,НОВОГОДНИЕ ТОВАРЫ🎄 / МИШУРА,36
wolt,СТАКАНЫ ОДНОРАЗОВЫЕ🥤,СТАКАНЫ ОДНОРАЗОВЫЕ🥤,36
wolt,Новое,Новое,36
wolt,АССОРТИ 🍓,АССОРТИ 🍓,36
wolt,КОСМЕТИКА💄 / НАБОРЫ,КОСМЕТИКА💄 / НАБОРЫ,36
wolt,АППЕТИТНЫЕ СЛАДКИЕ ПИРОГИ 🥮,АППЕТИТНЫЕ СЛАДКИЕ ПИРОГИ 🥮,36
wolt,"ТРЯПКИ, ГУБКИ И САЛФЕТКИ 🧽 / ГУБКИ","ТРЯПКИ, ГУБКИ И САЛФЕТКИ 🧽 / ГУБКИ",36
wolt,ТРЮФЕЛИ🧆,ТРЮФЕЛИ🧆,36
wolt,ТРЕНДОВЫЕ БЕНТО✨,ТРЕНДОВЫЕ БЕНТО✨,36
wolt,ТРАВА ДЛЯ КОШЕК,ТРАВА ДЛЯ КОШЕК,36
wolt,ТОФУ,ТОФУ,36
wolt,МЕДИЦИНСКИЕ ИЗДЕЛИЯ И МЕДТЕХНИКА💉 / Резиновые изделия,МЕДИЦИНСКИЕ ИЗДЕЛИЯ И МЕДТЕХНИКА💉 / Резиновые изделия,36
wolt,СУХОЙ КОРМ ДЛЯ КОШЕК (НА РАЗВЕС) 🐈 / ORIJEN😸,СУХОЙ КОРМ ДЛЯ КОШЕК (НА РАЗВЕС) 🐈 / ORIJEN😸,36
wolt,"ШВАБРА, ВЕНИК 🧹","ШВАБРА, ВЕНИК 🧹",36
wolt,ГИГИЕНА И БЫТОВАЯ ХИМИЯ 🧴 / СРЕДСТВА ДЛЯ УКЛАДКИ,ГИГИЕНА И БЫТОВАЯ ХИМИЯ 🧴 / СРЕДСТВА ДЛЯ УКЛАДКИ,36
wolt,"СНЕКИ И ПЕРЕКУСЫ 🥜 / Семечки, семена","СНЕКИ И ПЕРЕКУСЫ 🥜 / Семечки, семена",36
wolt,"СНЕКИ И ПЕРЕКУСЫ 🍟 / СЕМЕЧКА, СМЕТАНА","СНЕКИ И ПЕРЕКУСЫ 🍟 / СЕМЕЧКА, СМЕТАНА",36
wolt,AMOUAGE / Amouage Outlands,AMOUAGE / Amouage Outlands,36
wolt,УХОД ЗА КОЖЕЙ ЛИЦА🧖‍♀️ / АКСЕССУАРЫ,УХОД ЗА КОЖЕЙ ЛИЦА🧖‍♀️ / АКСЕССУАРЫ,36
wolt,Monge / Сухой корм для кошек,Monge / Сухой корм для кошек,36
wolt,CHRISTIAN DIOR / Dior Homme,CHRISTIAN DIOR / Dior Homme,36
wolt,СОУСЫ / СОУСЫ TABASCO 🍵,СОУСЫ / СОУСЫ TABASCO 🍵,36
wolt,CHOPARD / Chopard Vetiver D'Haiti Au Thé Vert,CHOPARD / Chopard Vetiver D'Haiti Au Thé Vert,36
wolt,"ЗАКУСКИ / КУРТ","ЗАКУСКИ / КУРТ",36
wolt,ОДЕЖДА ДЛЯ КОШЕК И СОБАК,ОДЕЖДА ДЛЯ КОШЕК И СОБАК,36
wolt,СУХОЙ КОРМ ДЛЯ КОШЕК 🐱 / Me-O,СУХОЙ КОРМ ДЛЯ КОШЕК 🐱 / Me-O,36
wolt,GIORGIO ARMANI / Armani Because Its You,GIORGIO ARMANI / Armani Because Its You,36
wolt,CHOPARD / Chopard Magnolia au Vetiver d'Haiti,CHOPARD / Chopard Magnolia au Vetiver d'Haiti,36
wolt,CREED / Creed Aventus Absolu 2025,CREED / Creed Aventus Absolu 2025,36
wolt,МИНИ СЕТЫ 🧁,МИНИ СЕТЫ 🧁,36
wolt,ТОМАТНЫЕ СОУСЫ / ОРГАНИЧЕСКИЕ ТОМАТНЫЕ СОУСЫ,ТОМАТНЫЕ СОУСЫ / ОРГАНИЧЕСКИЕ ТОМАТНЫЕ СОУСЫ,36
wolt,СМУЗИ 🍊,СМУЗИ 🍊,36
wolt,CREED / Creed Viking,CREED / Creed Viking,36
wolt,"    Молочная продукция, сыр, яйцо /         Кисломолочные напитки","    Молочная продукция, сыр, яйцо /         Кисломолочные напитки",36
wolt,CHANEL / Chanel Chance eau Tendre Eau de Parfum,CHANEL / Chanel Chance eau Tendre Eau de Parfum,36
wolt,CHANEL / Chanel Chance eau Fraiche,CHANEL / Chanel Chance eau Fraiche,36
wolt,Perfect Fit / Сухой корм для кошки,Perfect Fit / Сухой корм для кошки,36
wolt,МАКИЯЖ💄 / Контурные карандаши для губ,МАКИЯЖ💄 / Контурные карандаши для губ,36
wolt,GIORGIO ARMANI / Armani Privé Pivoine Suzhou,GIORGIO ARMANI / Armani Privé Pivoine Suzhou,36
wolt,"ВАРЕНЬЕ, ПАСТА И МЕД 🍯","ВАРЕНЬЕ, ПАСТА И МЕД 🍯",36
wolt,GIORGIO ARMANI / Armani Si Passione,GIORGIO ARMANI / Armani Si Passione,36
wolt,CHANEL / Chanel Chance Eau de Parfum,CHANEL / Chanel Chance Eau de Parfum,36
wolt,СТРОИТЕЛЬСТВО И РЕМОНТ / ТЕХНИЧЕСКИЕ ФЕНЫ,СТРОИТЕЛЬСТВО И РЕМОНТ / ТЕХНИЧЕСКИЕ ФЕНЫ,36
wolt,ВЕНЕЦИЯ стаканчики,ВЕНЕЦИЯ стаканчики,36
wolt,CREED / Creed Eladaraia,CREED / Creed Eladaraia,36
wolt,ЗАКУСКИ 🥙 / Чечил,ЗАКУСКИ 🥙 / Чечил,36
wolt,БЕЙГЛ 🥯,БЕЙГЛ 🥯,36
wolt,СТРОИТЕЛЬСТВО И РЕМОНТ / ФРЕЗЕРНЫЕ МАШИНЫ,СТРОИТЕЛЬСТВО И РЕМОНТ / ФРЕЗЕРНЫЕ МАШИНЫ,36
wolt,ВЕСЫ КУХОННЫЕ,ВЕСЫ КУХОННЫЕ,36
wolt,CREED / Creed Wild Vetiver,CREED / Creed Wild Vetiver,36
wolt,ВЕТАПТЕКА LIGHT⚕️ / Витамины и бады,ВЕТАПТЕКА LIGHT⚕️ / Витамины и бады,36
wolt,"МЕДИЦИНСКИЕ ИЗДЕЛИЯ И МЕДТЕХНИКА💉 / Ингаляторы, комплектующие","МЕДИЦИНСКИЕ ИЗДЕЛИЯ И МЕДТЕХНИКА💉 / Ингаляторы, комплектующие",36
wolt,ОТКРЫТКА 💌,ОТКРЫТКА 💌,36
wolt,ТОВАРЫ ДЛЯ КУХНИ 🏡 / Термобутылки,ТОВАРЫ ДЛЯ КУХНИ 🏡 / Термобутылки,36
wolt,МОНО БУКЕТЫ🌹,МОНО БУКЕТЫ🌹,36
wolt,КОРМА ДЛЯ КОШЕК 🐱 / Sirius (Сириус),КОРМА ДЛЯ КОШЕК 🐱 / Sirius (Сириус),36
wolt,НАПИТКИ 🥤 / FUSE TEA / ФЬЮС ЧАЙ,НАПИТКИ 🥤 / FUSE TEA / ФЬЮС ЧАЙ,36
wolt,ЛУБРИКАНТЫ  / НА ВОДНОЙ ОСНОВЕ,ЛУБРИКАНТЫ  / НА ВОДНОЙ ОСНОВЕ,36
wolt,СУХОЙ КОРМ ДЛЯ КОШЕК (В УПАКОВКЕ) 🐈 / ME-O🐾,СУХОЙ КОРМ ДЛЯ КОШЕК (В УПАКОВКЕ) 🐈 / ME-O🐾,36
wolt,"СЛАДОСТИ 🍬 / Жевательная резинка, освежающие конфеты","СЛАДОСТИ 🍬 / Жевательная резинка, освежающие конфеты",36
wolt,ВЕТАПТЕКА / КАПЛИ/ЛОСЬОНЫ ДЛЯ УШЕЙ,ВЕТАПТЕКА / КАПЛИ/ЛОСЬОНЫ ДЛЯ УШЕЙ,36
wolt,ШНУРЫ,ШНУРЫ,36
wolt,GIORGIO ARMANI / Armani Stronger With You,GIORGIO ARMANI / Armani Stronger With You,36
wolt,ВЕТАПТЕКА / УСПОКОИТЕЛЬНЫЕ СРЕДСТВА,ВЕТАПТЕКА / УСПОКОИТЕЛЬНЫЕ СРЕДСТВА,36
wolt,ЗАМОРОЖЕННАЯ ПРОДУКЦИЯ❄️ / ПП продукция,ЗАМОРОЖЕННАЯ ПРОДУКЦИЯ❄️ / ПП продукция,36
wolt,"ДЛЯ УВЕЛИЧЕНИЯ ПЕНИСА							","ДЛЯ УВЕЛИЧЕНИЯ ПЕНИСА							",36
wolt,СРЕДСТВА ГИГИЕНЫ 🛁 / Бумага и салфетки,СРЕДСТВА ГИГИЕНЫ 🛁 / Бумага и салфетки,36
wolt,СЛАДОСТИ🍯 / Alma Chocolates,СЛАДОСТИ🍯 / Alma Chocolates,36
wolt,СЛАДОСТИ / Alma Chocolates ,СЛАДОСТИ / Alma Chocolates ,36
wolt,BYREDO / Byredo Rose of no man's land,BYREDO / Byredo Rose of no man's land,36
wolt,"МУЖСКИЕ ИГРУШКИ / ЭРЕКЦИОННОЕ КОЛЬЦО","МУЖСКИЕ ИГРУШКИ / ЭРЕКЦИОННОЕ КОЛЬЦО",36
wolt,СЛАДОСТИ / Alma Chocolates,СЛАДОСТИ / Alma Chocolates,36
wolt,BYREDO / Byredo Pulp,BYREDO / Byredo Pulp,36
wolt,ДЛЯ СОБАК🐶,ДЛЯ СОБАК🐶,36
wolt,ЛОТКИ ДЛЯ КОШЕК🚽🐱 / АЛЬТЕРНАТИВА🐱,ЛОТКИ ДЛЯ КОШЕК🚽🐱 / АЛЬТЕРНАТИВА🐱,36
wolt,Англия,Англия,36
wolt,QAZAQSALT etno stores ✍🏻 / ФУТБОЛКИ,QAZAQSALT etno stores ✍🏻 / ФУТБОЛКИ,36
wolt,Паста для вывода шерсти ,Паста для вывода шерсти ,36
wolt,BYREDO / Byredo Open Sky,BYREDO / Byredo Open Sky,36
wolt,МОЛОЧНЫЕ КОКТЕЙЛИ🍨,МОЛОЧНЫЕ КОКТЕЙЛИ🍨,36
wolt,BYREDO / Byredo Mixed Emotions,BYREDO / Byredo Mixed Emotions,36
wolt,ВЕТКОРМА💊 / Влажные веткорма для кошек ,ВЕТКОРМА💊 / Влажные веткорма для кошек ,36
wolt,BYREDO / Byredo La Tulipe,BYREDO / Byredo La Tulipe,36
wolt,AMOUAGE / Amouage Reflection Man,AMOUAGE / Amouage Reflection Man,36
wolt,Замороженные полуфабрикаты ❄️ / Блинчики,Замороженные полуфабрикаты ❄️ / Блинчики,36
wolt,ХОЗЯЙСТВЕННЫЕ ТОВАРЫ,ХОЗЯЙСТВЕННЫЕ ТОВАРЫ,36
wolt,ХОЗЯЙСТВЕННЫЕ ТОВАРЫ🧼,ХОЗЯЙСТВЕННЫЕ ТОВАРЫ🧼,36
wolt,Конц. товары,Конц. товары,36
wolt,ДЕТСКАЯ ГИГИЕНА,ДЕТСКАЯ ГИГИЕНА,36
wolt,Товары для животных,Товары для животных,36
wolt,"ПЕЧЕНЬЕ 🍪","ПЕЧЕНЬЕ 🍪",36
wolt,Rio корм для попугаев / основной рацион,Rio корм для попугаев / основной рацион,36
wolt,КОРЕЙСКИЙ ШОКОЛАД🍫,КОРЕЙСКИЙ ШОКОЛАД🍫,36
wolt,AMOUAGE / Amouage Love Delight,AMOUAGE / Amouage Love Delight,36
wolt,BYREDO / Byredo Bois Obscur,BYREDO / Byredo Bois Obscur,36
wolt,"НАПИТКИ ГАЗИРОВАННЫЕ / ПЭТ, большой объем","НАПИТКИ ГАЗИРОВАННЫЕ / ПЭТ, большой объем",36
wolt,BYREDO / Byredo Bibliotheque,BYREDO / Byredo Bibliotheque,36
wolt,ГЕЙЗЕРНЫЕ КОФЕВАРКИ,ГЕЙЗЕРНЫЕ КОФЕВАРКИ,36
wolt,СУХИЕ КОРМА ДЛЯ КОШЕК / Whiskas,СУХИЕ КОРМА ДЛЯ КОШЕК / Whiskas,36
wolt,Пироги,Пироги,36
wolt,BYREDO / Byredo Bal D'afrique Absolu,BYREDO / Byredo Bal D'afrique Absolu,36
wolt,Кустовые розы,Кустовые розы,36
wolt,СУХИЕ КОРМА ДЛЯ СОБАК (ВЕСОВЫЕ) / SIRIUS,СУХИЕ КОРМА ДЛЯ СОБАК (ВЕСОВЫЕ) / SIRIUS,36
wolt,СУХИЕ КОРМА ДЛЯ СОБАК (ВЕСОВЫЕ) / PRO PLAN,СУХИЕ КОРМА ДЛЯ СОБАК (ВЕСОВЫЕ) / PRO PLAN,36
wolt,ПИРОГИ НЕСЛАДКИЕ 🍰,ПИРОГИ НЕСЛАДКИЕ 🍰,36
wolt,ВЫГОДНОЕ  КОМБО,ВЫГОДНОЕ  КОМБО,36
wolt,Лечебные дезодоранты,Лечебные дезодоранты,36
wolt,ВСЕ ДЛЯ УБОРКИ🧽,ВСЕ ДЛЯ УБОРКИ🧽,36
wolt,☀️ЛЕТО🌴 / Очки для плавания и маски,☀️ЛЕТО🌴 / Очки для плавания и маски,36
wolt,BYBOZO / Bybozo Sea Breeze,BYBOZO / Bybozo Sea Breeze,36
wolt,BYBOZO / ByBozo Eternal Rainbow,BYBOZO / ByBozo Eternal Rainbow,36
wolt,ПИРОЖКИ 🥯,ПИРОЖКИ 🥯,36
wolt,АМУНИЦИЯ 🐎 / Other,АМУНИЦИЯ 🐎 / Other,36
wolt,BVLGARI / Bvlgari Tygar x Refik Anadol,BVLGARI / Bvlgari Tygar x Refik Anadol,36
wolt,GIORGIO ARMANI / Armani Stronger With You Absolutely,GIORGIO ARMANI / Armani Stronger With You Absolutely,36
wolt,СИДР🍹,СИДР🍹,36
wolt,чулки ,чулки ,36
wolt,GIORGIO ARMANI / Armani Stronger With You Intensely,GIORGIO ARMANI / Armani Stronger With You Intensely,36
wolt,AMOUAGE / Amouage Reflection Woman,AMOUAGE / Amouage Reflection Woman,36
wolt,AMOUAGE / Amouge Interlude Woman,AMOUAGE / Amouge Interlude Woman,36
wolt,СЕТЫ С ЦВЕТАМИ💐,СЕТЫ С ЦВЕТАМИ💐,36
wolt,Подарочные наборы / Коробки,Подарочные наборы / Коробки,36
wolt,НАПИТКИ 🧃 / Лимонады фруктовые,НАПИТКИ 🧃 / Лимонады фруктовые,36
wolt,ЗНАКИ ЗОДИАКА / Стрелец — 22 ноября – 21 декабря,ЗНАКИ ЗОДИАКА / Стрелец — 22 ноября – 21 декабря,36
wolt,BVLGARI / Bvlgari Kobraa,BVLGARI / Bvlgari Kobraa,36
wolt,"СЕНДВИЧИ, БОУЛЫ ","СЕНДВИЧИ, БОУЛЫ ",36
wolt,БЕЛЫЕ ВИНА / ИТАЛИЯ,БЕЛЫЕ ВИНА / ИТАЛИЯ,36
wolt,ДЛЯ МАМЫ И РЕБЕНКА 👩🏻‍🍼 / МОЛОКООТСОСЫ,ДЛЯ МАМЫ И РЕБЕНКА 👩🏻‍🍼 / МОЛОКООТСОСЫ,36
wolt,ЛАКОМСТВА ДЛЯ КОШЕК 😻 / INABA😸❤️,ЛАКОМСТВА ДЛЯ КОШЕК 😻 / INABA😸❤️,36
wolt,Комнатные растения🪴,Комнатные растения🪴,36
wolt,CREED / Creed Delphinus,CREED / Creed Delphinus,36
wolt,КОРМА ДЛЯ СОБАК 🐶 / Best Dinner,КОРМА ДЛЯ СОБАК 🐶 / Best Dinner,36
wolt,"ИГРИСТОЕ ВИНО🍸 / Креман","ИГРИСТОЕ ВИНО🍸 / Креман",36
wolt,BORNTOSTANDOUT / BORNTOSTANDOUT Purple Stain,BORNTOSTANDOUT / BORNTOSTANDOUT Purple Stain,36
wolt,"МОЛОЧНЫЕ ПРОДУКТЫ / Молоко, кефир, йогурт","МОЛОЧНЫЕ ПРОДУКТЫ / Молоко, кефир, йогурт",36
wolt,"НАПИТКИ НЕГАЗИРОВАННЫЕ 🧃 / КВАС","НАПИТКИ НЕГАЗИРОВАННЫЕ 🧃 / КВАС",36
wolt,НАПИТКИ НЕГАЗИРОВАННЫЕ 🧃 / СОКОСОДЕРЖАЩИЕ НАПИТКИ,НАПИТКИ НЕГАЗИРОВАННЫЕ 🧃 / СОКОСОДЕРЖАЩИЕ НАПИТКИ,36
wolt,Вкусовая,Вкусовая,36
wolt,ВЛАЖНЫЕ И СУХИЕ САЛФЕТКИ,ВЛАЖНЫЕ И СУХИЕ САЛФЕТКИ,36
wolt,ВЛАЖНЫЕ КОРМА 🫘 / JUSTIN,ВЛАЖНЫЕ КОРМА 🫘 / JUSTIN,36
wolt,ВЛАЖНЫЕ КОРМА 🫘 / KITEKAT,ВЛАЖНЫЕ КОРМА 🫘 / KITEKAT,36
wolt,ДЛЯ МАМЫ☀️ / МАМЕ,ДЛЯ МАМЫ☀️ / МАМЕ,36
wolt,ИГРУШКИ 🧸 ,ИГРУШКИ 🧸 ,36
wolt,ВЛАЖНЫЕ КОРМА ДЛЯ КОШЕК / AlphaPet WOW ,ВЛАЖНЫЕ КОРМА ДЛЯ КОШЕК / AlphaPet WOW ,36
wolt,Декоротивная косметика,Декоротивная косметика,36
wolt,"ПОЛУФАБРИКАТЫ 🥟 / Пельмени, гедза, димсамы","ПОЛУФАБРИКАТЫ 🥟 / Пельмени, гедза, димсамы",36
wolt,ATTAR COLLECTION / Attar Collection Annabella,ATTAR COLLECTION / Attar Collection Annabella,36
wolt,Whiskas / Влажный паштет ,Whiskas / Влажный паштет ,36
wolt,НАПИТКИ РАЗЛИВНЫЕ,НАПИТКИ РАЗЛИВНЫЕ,36
wolt,ЗНАКИ ЗОДИАКА / Дева — 23 августа – 22 сентября,ЗНАКИ ЗОДИАКА / Дева — 23 августа – 22 сентября,36
wolt,BVLGARI / Bvlgari Tygar Extrait,BVLGARI / Bvlgari Tygar Extrait,36
wolt,ТОВАРЫ ДЛЯ ДОМА 🏠 / СРЕДСТВО ДЛЯ МЫТЬЯ ПОСУДЫ 🍽️,ТОВАРЫ ДЛЯ ДОМА 🏠 / СРЕДСТВО ДЛЯ МЫТЬЯ ПОСУДЫ 🍽️,36
wolt,КОМПОЗИЦИИ ИЗ СУХОЦВЕТОВ ,КОМПОЗИЦИИ ИЗ СУХОЦВЕТОВ ,36
wolt,"АЛКОГОЛЬНЫЕ НАПИТКИ / КОНЬЯК","АЛКОГОЛЬНЫЕ НАПИТКИ / КОНЬЯК",36
wolt,BVLGARI / Bvlgari Tygar,BVLGARI / Bvlgari Tygar,36
wolt,Подарочные боксы 🎁,Подарочные боксы 🎁,36
wolt,ЛАКОМСТВА ДЛЯ КОШЕК 😻 / ALPHA PET 🐱❤️,ЛАКОМСТВА ДЛЯ КОШЕК 😻 / ALPHA PET 🐱❤️,36
wolt,СЕРТИФИКАТЫ🎁,СЕРТИФИКАТЫ🎁,36
wolt,МАСЛО. СОУСЫ. СПЕЦИИ / Хумус,МАСЛО. СОУСЫ. СПЕЦИИ / Хумус,35
wolt,НАСТОЛЬНАЯ ИГРА,НАСТОЛЬНАЯ ИГРА,35
wolt,🐶СУХОЙ КОРМ ДЛЯ СОБАК (В УПАКОВКЕ)🐶 / FARMINA🐕‍🦺,🐶СУХОЙ КОРМ ДЛЯ СОБАК (В УПАКОВКЕ)🐶 / FARMINA🐕‍🦺,35
wolt,"Завтраки / Мюсли","Завтраки / Мюсли",35
wolt,МОЛОЧНЫЕ ПРОДУКТЫ 🧈 / Айран,МОЛОЧНЫЕ ПРОДУКТЫ 🧈 / Айран,35
wolt,Гигиена и уход,Гигиена и уход,35
wolt,"ФРУКТЫ, ЯГОДЫ  / Фрукты","ФРУКТЫ, ЯГОДЫ  / Фрукты",35
wolt,"СЫР 🧀 / МЯГКИЙ СЫР","СЫР 🧀 / МЯГКИЙ СЫР",35
wolt,"ТЕМПЕРАТУРА и БОЛЬ / Порошки, саше, суппозитории для взрослых","ТЕМПЕРАТУРА и БОЛЬ / Порошки, саше, суппозитории для взрослых",34
wolt,ТОВАРЫ ДЛЯ ДОМА / Средства для мебели,ТОВАРЫ ДЛЯ ДОМА / Средства для мебели,34
wolt,ГЕРМАНИЯ🇩🇪,ГЕРМАНИЯ🇩🇪,34
wolt,доп. товары / ДОП. ТОВАРЫ,доп. товары / ДОП. ТОВАРЫ,34
wolt,НАПИТКИ РАЗЛИВНЫЕ🥤,НАПИТКИ РАЗЛИВНЫЕ🥤,34
wolt,Еда,Еда,34
wolt,ТАБАЧНАЯ ПРОДУКЦИЯ / Marlboro,ТАБАЧНАЯ ПРОДУКЦИЯ / Marlboro,33
wolt,АНТИКОАГУЛЯНТЫ,АНТИКОАГУЛЯНТЫ,33
wolt,СЛАДОСТИ / Сладости PATISLOVE,СЛАДОСТИ / Сладости PATISLOVE,33
wolt,ВЛАЖНЫЙ КОРМ ДЛЯ КОШЕК 🐈‍⬛ / Royal Canin,ВЛАЖНЫЙ КОРМ ДЛЯ КОШЕК 🐈‍⬛ / Royal Canin,33
wolt,КОРЕЙСКАЯ ЗАМОРОЖЕННАЯ ПРОДУКЦИЯ🥟,КОРЕЙСКАЯ ЗАМОРОЖЕННАЯ ПРОДУКЦИЯ🥟,32
wolt,ЛАКОМСТВА ДЛЯ СОБАК🐕 / Разное,ЛАКОМСТВА ДЛЯ СОБАК🐕 / Разное,32
wolt,Рожковые кофеварки / CECOTEC,Рожковые кофеварки / CECOTEC,32
wolt,ВЛАЖНЫЙ КОРМ ДЛЯ КОШЕК 🐈 / Brit,ВЛАЖНЫЙ КОРМ ДЛЯ КОШЕК 🐈 / Brit,32
wolt,Лекарственные средства / Другие препараты,Лекарственные средства / Другие препараты,32
wolt,АЛКОГОЛЬ / Виски,АЛКОГОЛЬ / Виски,32
wolt,ДИЕТИЧЕСКИЕ ПРОДУКТЫ🥗 / Спортивное питание,ДИЕТИЧЕСКИЕ ПРОДУКТЫ🥗 / Спортивное питание,31
wolt,Перекусы / Other,Перекусы / Other,31
wolt,КОЛЬЦА,КОЛЬЦА,31
wolt,ТОВАРЫ ДЛЯ ДОМА / Пена для ванны,ТОВАРЫ ДЛЯ ДОМА / Пена для ванны,31
wolt,ЛЁД 🧊,ЛЁД 🧊,30
wolt,МЫЛО🧼,МЫЛО🧼,30
wolt,ДОБАВКИ ДЛЯ КОШЕК🐱,ДОБАВКИ ДЛЯ КОШЕК🐱,30
wolt,МЫШКИ🖱️,МЫШКИ🖱️,30
wolt,CREED / Creed Green Irish Tweed,CREED / Creed Green Irish Tweed,30
wolt,КОРМ ДЛЯ РЫБ И ЧЕРЕПАХ,КОРМ ДЛЯ РЫБ И ЧЕРЕПАХ,30
wolt,МЯСНЫЕ ДЕЛИКАТЕСЫ 🥓 / МЯСНЫЕ СНЕКИ,МЯСНЫЕ ДЕЛИКАТЕСЫ 🥓 / МЯСНЫЕ СНЕКИ,30
wolt,МИНИ-БУТЫЛКИ🍾,МИНИ-БУТЫЛКИ🍾,30
wolt,МИЛКШЕЙКИ 🥤,МИЛКШЕЙКИ 🥤,30
wolt,МЕТРОВЫЕ РОЗЫ ,МЕТРОВЫЕ РОЗЫ ,30
wolt,Джин Тоник,Джин Тоник,30
wolt,"Мясо, птица и рыба / Полуфабрикаты (мясо/ птица)","Мясо, птица и рыба / Полуфабрикаты (мясо/ птица)",30
wolt,"13 см / 650-750 гр / Гендерные 🧸","13 см / 650-750 гр / Гендерные 🧸",30
wolt,ДЖИН 🍹,ДЖИН 🍹,30
wolt,УХОД ЗА ВОЛОСАМИ💇🏻‍♀️ / Аксессуары,УХОД ЗА ВОЛОСАМИ💇🏻‍♀️ / Аксессуары,30
wolt,НАБОРЫ ИГРУШЕК / Наборы животных,НАБОРЫ ИГРУШЕК / Наборы животных,30
wolt,НАБОРЫ ИГРУШЕК / Наборы инструментов,НАБОРЫ ИГРУШЕК / Наборы инструментов,30
wolt,НАБОРЫ ИГРУШЕК / Тележки ,НАБОРЫ ИГРУШЕК / Тележки ,30
wolt,Наборы с сердцами❤️,Наборы с сердцами❤️,30
wolt,УШНЫЕ КАПЛИ,УШНЫЕ КАПЛИ,30
wolt,НАМОРДНИКИ ДЛЯ СОБАК,НАМОРДНИКИ ДЛЯ СОБАК,30
wolt,ДЕТСКОЕ ПИТАНИЕ И ГИГИЕНА👶🏻 / Напитки,ДЕТСКОЕ ПИТАНИЕ И ГИГИЕНА👶🏻 / Напитки,30
wolt,"НАПИТКИ 🥤","НАПИТКИ 🥤",30
wolt,доп. товары / БАНТЫ,доп. товары / БАНТЫ,30
wolt,"ДЕТСКОЕ ПИТАНИЕ 👶🏻 / ДЕСЕРТЫ","ДЕТСКОЕ ПИТАНИЕ 👶🏻 / ДЕСЕРТЫ",30
wolt,ДЕТСКОЕ ПИТАНИЕ 👶🏻 / ВОДА ДЛЯ ДЕТЕЙ,ДЕТСКОЕ ПИТАНИЕ 👶🏻 / ВОДА ДЛЯ ДЕТЕЙ,30
wolt,МЕДИЦИНСКАЯ ТЕХНИКА и МЕД ИЗДЕЛИЯ,МЕДИЦИНСКАЯ ТЕХНИКА и МЕД ИЗДЕЛИЯ,30
wolt,Энзимная пудра,Энзимная пудра,30
wolt,КОРЙСКАЯ КОСМЕТИКА/ХИМИЯ/ДОБАВКИ🔥,КОРЙСКАЯ КОСМЕТИКА/ХИМИЯ/ДОБАВКИ🔥,30
wolt,ДЕСЕРТЫ / Макаронс,ДЕСЕРТЫ / Макаронс,30
wolt,ДЕСЕРТЫ / Донаты,ДЕСЕРТЫ / Донаты,30
wolt,"БЕРЕМЕННЫМ, КОРМЯЩИМ ","БЕРЕМЕННЫМ, КОРМЯЩИМ ",30
wolt,НАПИТКИ НА РАСТИТЕЛЬНОЙ ОСНОВЕ,НАПИТКИ НА РАСТИТЕЛЬНОЙ ОСНОВЕ,30
wolt,НАПИТКИ РОЗЛИВ / Квас,НАПИТКИ РОЗЛИВ / Квас,30
wolt,Фруктовое ассорти,Фруктовое ассорти,30
wolt,🔸 Сортеры и стучалки,🔸 Сортеры и стучалки,30
wolt,УХОД ДЛЯ ЛИЦА 😊 / ДЛЯ ЧУВСТВИТЕЛЬНОЙ КОЖИ,УХОД ДЛЯ ЛИЦА 😊 / ДЛЯ ЧУВСТВИТЕЛЬНОЙ КОЖИ,30
wolt,"17 см / 1-1.2 кг / Гендерные 🧸","17 см / 1-1.2 кг / Гендерные 🧸",30
wolt,УХОД ДЛЯ ЛИЦА 😊 / ДЛЯ РОВНОГО ТОНА И ПРОТИВ ПИГМЕНТАЦИИ,УХОД ДЛЯ ЛИЦА 😊 / ДЛЯ РОВНОГО ТОНА И ПРОТИВ ПИГМЕНТАЦИИ,30
wolt,Кофейные напитки / Алкогольный кофейный коктейль,Кофейные напитки / Алкогольный кофейный коктейль,30
wolt,СУХОЙ КОРМ ДЛЯ КОШЕК (В УПАКОВКЕ) 🐈 / FARMINA N&D🐾,СУХОЙ КОРМ ДЛЯ КОШЕК (В УПАКОВКЕ) 🐈 / FARMINA N&D🐾,30
wolt,"ЖЕНСКИЕ ТОВАРЫ ДЛЯ ВЗРОСЛЫХ / ВАГИНАЛЬНЫЕ ТРЕНАЖЁРЫ И ЯЙЦА","ЖЕНСКИЕ ТОВАРЫ ДЛЯ ВЗРОСЛЫХ / ВАГИНАЛЬНЫЕ ТРЕНАЖЁРЫ И ЯЙЦА",30
wolt,"ЖЕНЬШЕНЬ И ВИТАМИНЫ, Лактофит","ЖЕНЬШЕНЬ И ВИТАМИНЫ, Лактофит",30
wolt,😺СУХОЙ КОРМ ДЛЯ КОШЕК (В УПАКОВКЕ) 🐈 / WELLEMENT🐾,😺СУХОЙ КОРМ ДЛЯ КОШЕК (В УПАКОВКЕ) 🐈 / WELLEMENT🐾,30
wolt,Готовая еда / Хумус и другие спреды,Готовая еда / Хумус и другие спреды,30
wolt,Kitekat / Влажный корм,Kitekat / Влажный корм,30
wolt,ГОТОВАЯ ЕДА,ГОТОВАЯ ЕДА,30
wolt,"Соусы, масла и специи / Сладкие соусы, сиропы","Соусы, масла и специи / Сладкие соусы, сиропы",30
wolt,Натуральные соки,Натуральные соки,30
wolt,НАТУРАЛЬНЫЕ СОКИ,НАТУРАЛЬНЫЕ СОКИ,30
wolt,УВЛАЖНЯЮЩИЕ СМАЗКИ,УВЛАЖНЯЮЩИЕ СМАЗКИ,30
wolt,"МАСЛО, СОУСЫ И СПЕЦИИ / Растительное масло","МАСЛО, СОУСЫ И СПЕЦИИ / Растительное масло",30
wolt,ГОЛОВОЛОМКИ,ГОЛОВОЛОМКИ,30
wolt,УБОРКА ДЛЯ ДОМА 🧼 / Салфетки,УБОРКА ДЛЯ ДОМА 🧼 / Салфетки,30
wolt,УБОРКА ДЛЯ ДОМА 🧼 / Батарейки,УБОРКА ДЛЯ ДОМА 🧼 / Батарейки,30
wolt,СОУСЫ / СОУСЫ CAPE&HERB,СОУСЫ / СОУСЫ CAPE&HERB,30
wolt,ТУАЛЕТНАЯ БУМАГА 🧻,ТУАЛЕТНАЯ БУМАГА 🧻,30
wolt,Little One для грызунов / Основной рацион,Little One для грызунов / Основной рацион,30
wolt,ФРУКТЫ 🍎 / МАНГО,ФРУКТЫ 🍎 / МАНГО,30
wolt,ТРЕНДОВЫЕ ИГРУШКИ ,ТРЕНДОВЫЕ ИГРУШКИ ,30
wolt,"МАСЛА🫒 / МАСЛО ОЛИВКОВОЕ Oro Español","МАСЛА🫒 / МАСЛО ОЛИВКОВОЕ Oro Español",30
wolt,"МАСЛА И СОУСЫ / Сиропы, топпинги","МАСЛА И СОУСЫ / Сиропы, топпинги",30
wolt,КОФЕ / ОРГАНИЧЕСКИЙ КОФЕ,КОФЕ / ОРГАНИЧЕСКИЙ КОФЕ,30
wolt,ХИНКАЛИ🥟,ХИНКАЛИ🥟,30
wolt,ГИГИЕНА И БЫТОВАЯ ХИМИЯ 🧼 / Прокладки и тампоны,ГИГИЕНА И БЫТОВАЯ ХИМИЯ 🧼 / Прокладки и тампоны,30
wolt,ОВОЩИ / ЦУККИНИ,ОВОЩИ / ЦУККИНИ,30
wolt,"ОДЕЖДА, НИЖНЕЕ БЕЛЬЕ, ТАПОЧКИ  / Купальники ","ОДЕЖДА, НИЖНЕЕ БЕЛЬЕ, ТАПОЧКИ  / Купальники ",30
wolt,"ОДЕЖДА, НИЖНЕЕ БЕЛЬЕ, ТАПОЧКИ  / ФУТБОЛКИ И МАЙКИ ","ОДЕЖДА, НИЖНЕЕ БЕЛЬЕ, ТАПОЧКИ  / ФУТБОЛКИ И МАЙКИ ",30
wolt,CHANEL / Chanel Coco Mademoiselle,CHANEL / Chanel Coco Mademoiselle,30
wolt,ОЛИВКОВОЕ МАСЛО / ОРГАНИЧЕСКОЕ ОЛИВКОВОЕ МАСЛО,ОЛИВКОВОЕ МАСЛО / ОРГАНИЧЕСКОЕ ОЛИВКОВОЕ МАСЛО,30
wolt,"10 см / 350-450 гр / Маме 💗","10 см / 350-450 гр / Маме 💗",30
wolt,"ГИГИЕНА И БЫТОВАЯ ХИМИЯ 🧴 / КОНДИЦИОНЕРЫ, ОПОЛАСКИВАТЕЛИ","ГИГИЕНА И БЫТОВАЯ ХИМИЯ 🧴 / КОНДИЦИОНЕРЫ, ОПОЛАСКИВАТЕЛИ",30
wolt,ОНИГИРИ ТЕМПУРА 🍘,ОНИГИРИ ТЕМПУРА 🍘,30
wolt,"ЗАКУСКИ / СЕМЕЧКИ","ЗАКУСКИ / СЕМЕЧКИ",30
wolt,ГИГИЕНА И БЫТОВАЯ ХИМИЯ 🧼 / Зубная паста,ГИГИЕНА И БЫТОВАЯ ХИМИЯ 🧼 / Зубная паста,30
wolt,CHANEL / Chanel Bleu De Chanel EDP,CHANEL / Chanel Bleu De Chanel EDP,30
wolt,ОРУЖИЕ / Оружие с мягкими пулями,ОРУЖИЕ / Оружие с мягкими пулями,30
wolt,СОУСЫ 🌶 / СОУСЫ ДЛЯ ГОТОВКИ,СОУСЫ 🌶 / СОУСЫ ДЛЯ ГОТОВКИ,30
wolt,ТОВАРЫ ДЛЯ КУХНИ 🏡 / Ящики и стеллажи,ТОВАРЫ ДЛЯ КУХНИ 🏡 / Ящики и стеллажи,30
wolt,ОСТРОВНОЙ ВИСКИ 🥃,ОСТРОВНОЙ ВИСКИ 🥃,30
wolt,"ОТБЕЛИВАТЕЛИ, ПЯТНОВЫВОДИТЕЛИ ","ОТБЕЛИВАТЕЛИ, ПЯТНОВЫВОДИТЕЛИ ",30
wolt,ОТКРЫТКИ 📖,ОТКРЫТКИ 📖,30
wolt,ТОВАРЫ ДЛЯ КУХНИ 🏡 / Тарелки,ТОВАРЫ ДЛЯ КУХНИ 🏡 / Тарелки,30
wolt,ТОВАРЫ ДЛЯ КУХНИ 🏡 / Столовые приборы,ТОВАРЫ ДЛЯ КУХНИ 🏡 / Столовые приборы,30
wolt,ОТХАРКИВАЮЩЕЕ МУКОЛИТИЧЕСКОЕ СРЕДСТВО,ОТХАРКИВАЮЩЕЕ МУКОЛИТИЧЕСКОЕ СРЕДСТВО,30
wolt,Pro Plan / Сухой корм для кошек,Pro Plan / Сухой корм для кошек,30
wolt,BYREDO / Byredo Young Rose,BYREDO / Byredo Young Rose,30
wolt,ТОВАРЫ ДЛЯ КУХНИ 🏡 / Доски разделочные,ТОВАРЫ ДЛЯ КУХНИ 🏡 / Доски разделочные,30
wolt,ПАЗЛЫ / 160 элементов,ПАЗЛЫ / 160 элементов,30
wolt,Кукис ,Кукис ,30
wolt,BYREDO / Byredo Vanille Antique,BYREDO / Byredo Vanille Antique,30
wolt,"ТОВАРЫ ДЛЯ ЖИВОТНЫХ 🐾 / Корм для птиц и грызунов","ТОВАРЫ ДЛЯ ЖИВОТНЫХ 🐾 / Корм для птиц и грызунов",30
wolt,ПАКЕТЫ 📦 / МУСОРНЫЕ МЕШКИ,ПАКЕТЫ 📦 / МУСОРНЫЕ МЕШКИ,30
wolt,"ПАМПЕРСЫ,ПОДГУЗНИКИ","ПАМПЕРСЫ,ПОДГУЗНИКИ",30
wolt,ПАМЯТКА ПО СОРТАМ ПИВА 🍺 / 🔎 БЫСТРАЯ ПОДСКАЗКА ПОКУПАТЕЛЮ,ПАМЯТКА ПО СОРТАМ ПИВА 🍺 / 🔎 БЫСТРАЯ ПОДСКАЗКА ПОКУПАТЕЛЮ,30
wolt,ПАМЯТКА ПО СОРТАМ ПИВА 🍺 / 📌 ОБЩАЯ ИНФОРМАЦИЯ,ПАМЯТКА ПО СОРТАМ ПИВА 🍺 / 📌 ОБЩАЯ ИНФОРМАЦИЯ,30
wolt,ПАМЯТКА ПО СОРТАМ ПИВА 🍺 / 🧊 СРОКИ ХРАНЕНИЯ КЕГОВОГО ПИВА,ПАМЯТКА ПО СОРТАМ ПИВА 🍺 / 🧊 СРОКИ ХРАНЕНИЯ КЕГОВОГО ПИВА,30
wolt,"ТОВАРЫ ДЛЯ ЖИВОТНЫХ 🐾 / Для собак","ТОВАРЫ ДЛЯ ЖИВОТНЫХ 🐾 / Для собак",30
wolt,ПАНИРОВКА 🍞,ПАНИРОВКА 🍞,30
wolt,СПЕЦИАЛЬНОЕ ПРЕДЛОЖЕНИЕ 🥗,СПЕЦИАЛЬНОЕ ПРЕДЛОЖЕНИЕ 🥗,30
wolt,ПАРФЮМЕРИЯ 🎀,ПАРФЮМЕРИЯ 🎀,30
wolt,ПАРФЮМЕРНЫЕ И КОСМЕТИЧЕСКИЕ СРЕДСТВА,ПАРФЮМЕРНЫЕ И КОСМЕТИЧЕСКИЕ СРЕДСТВА,30
wolt,BYREDO / Byredo Mumbai Noise,BYREDO / Byredo Mumbai Noise,30
wolt,BYREDO / Byredo Mojave Ghost,BYREDO / Byredo Mojave Ghost,30
wolt,ЛИЧНАЯ ГИГИЕНА🧻 / ТАУЛЕТНЫЕ ПРИНАДЛЕЖНОСТИ,ЛИЧНАЯ ГИГИЕНА🧻 / ТАУЛЕТНЫЕ ПРИНАДЛЕЖНОСТИ,30
wolt,личная гигиена / Прокладки,личная гигиена / Прокладки,30
wolt,ПЕРЕНОСКИ ,ПЕРЕНОСКИ ,30
wolt,BYREDO / Byredo Gypsy Water,BYREDO / Byredo Gypsy Water,30
wolt,Ликер,Ликер,30
wolt,Гель для фиксации бровей ,Гель для фиксации бровей ,30
wolt,ТОВАРЫ ДЛЯ ДОМА / Уход за бытовой техникой,ТОВАРЫ ДЛЯ ДОМА / Уход за бытовой техникой,30
wolt,Пилинги для лица,Пилинги для лица,30
wolt,ЗАЩИТА ОТ СОЛНЦА,ЗАЩИТА ОТ СОЛНЦА,30
wolt,Пионы❤️,Пионы❤️,30
wolt,ПИРОГ 🥧,ПИРОГ 🥧,30
wolt,Пироги мясные (кусочек),Пироги мясные (кусочек),30
wolt,Эктопаразитарный Ошейник для собак🐶,Эктопаразитарный Ошейник для собак🐶,30
wolt,ПИРОЖКИ ЗАПЕЧЕННЫЕ,ПИРОЖКИ ЗАПЕЧЕННЫЕ,30
wolt,АЛКОГОЛЬ 🍾 / РОМ 🥃,АЛКОГОЛЬ 🍾 / РОМ 🥃,30
wolt,ВСЕ ДЛЯ ПРАЗДНИКА🎊 / ФОЛЬГА РАСТЯЖКА,ВСЕ ДЛЯ ПРАЗДНИКА🎊 / ФОЛЬГА РАСТЯЖКА,30
wolt,ЗНАКИ ЗОДИАКА / Водолей — 20 января – 18 февраля,ЗНАКИ ЗОДИАКА / Водолей — 20 января – 18 февраля,30
wolt,ЗНАКИ ЗОДИАКА / Козерог — 22 декабря – 19 января,ЗНАКИ ЗОДИАКА / Козерог — 22 декабря – 19 января,30
wolt,🎁ПОДАРКИ  и ПОДАРОЧНАЯ УПАКОВКА🎀 / ПОДАРОЧНАЯ УПАКОВКА🎀,🎁ПОДАРКИ  и ПОДАРОЧНАЯ УПАКОВКА🎀 / ПОДАРОЧНАЯ УПАКОВКА🎀,30
wolt,ЗНАКИ ЗОДИАКА / Рак — 21 июня – 22 июля,ЗНАКИ ЗОДИАКА / Рак — 21 июня – 22 июля,30
wolt,Зубная паста,Зубная паста,30
wolt,ЗУБНАЯ ПАСТА,ЗУБНАЯ ПАСТА,30
wolt,Эктопаразитарный ошейник для кошек  🐱,Эктопаразитарный ошейник для кошек  🐱,30
wolt,ВСЕ ДЛЯ ГРЫЗУНОВ / Витамины и минералы,ВСЕ ДЛЯ ГРЫЗУНОВ / Витамины и минералы,30
wolt,Titbit / Лакомство для собак,Titbit / Лакомство для собак,30
wolt,"10 см / 350-450 гр / Гендерные 🧸","10 см / 350-450 гр / Гендерные 🧸",30
kaspi_food,Soy vegetable meat sausages sausages,Soy vegetable meat sausages sausages,30
wolt,Лекарственные средства / Препараты от ревматизма,Лекарственные средства / Препараты от ревматизма,30
wolt,ВСЕ ДЛЯ ВЫПЕЧКИ / КИСЕЛЬ,ВСЕ ДЛЯ ВЫПЕЧКИ / КИСЕЛЬ,30
wolt,ПОЛУФАБРИКАТЫ🍴 / МАНТЫ,ПОЛУФАБРИКАТЫ🍴 / МАНТЫ,30
wolt,"ЦВЕТЫ В КАШПО🧸","ЦВЕТЫ В КАШПО🧸",30
wolt,"    Полуфабрикаты /         Самса, пирожки, чебуреки","    Полуфабрикаты /         Самса, пирожки, чебуреки",30
wolt,ВОСТОЧНЫЕ СЛАДОСТИ🥮,ВОСТОЧНЫЕ СЛАДОСТИ🥮,30
wolt,Лекарственные средства / Препараты для нормализации обмена веществ,Лекарственные средства / Препараты для нормализации обмена веществ,30
wolt,БЕЛЬЕ И ОДЕЖДА / ПОРТУПЕИ,БЕЛЬЕ И ОДЕЖДА / ПОРТУПЕИ,30
wolt,ПОСУДА,ПОСУДА,30
wolt,Blanche/Weisse,Blanche/Weisse,30
wolt,ПОСУДА  / ОДНОРАЗОВАЯ ПОСУДА,ПОСУДА  / ОДНОРАЗОВАЯ ПОСУДА,30
wolt,"ИКРА  / КРАСНАЯ","ИКРА  / КРАСНАЯ",30
wolt,"ИМН,ПРОТЕЗНО-ОРТОПЕДИЧЕСКИЕ ИЗДЕЛИЯ","ИМН,ПРОТЕЗНО-ОРТОПЕДИЧЕСКИЕ ИЗДЕЛИЯ",30
wolt,Презервативы,Презервативы,30
wolt,ВОДА 💧 / Лечебная,ВОДА 💧 / Лечебная,30
wolt,Лекарственные средства / Лекарства от подагры,Лекарственные средства / Лекарства от подагры,30
wolt,АВТОРСКИЕ СМУЗИ,АВТОРСКИЕ СМУЗИ,30
wolt,ПРЕЗЕРВАТИВЫ / ПРОДЛЕВАЮЩИЕ,ПРЕЗЕРВАТИВЫ / ПРОДЛЕВАЮЩИЕ,30
wolt,ПРЕЗЕРВАТИВЫ / УТОЛЩЕННЫЕ,ПРЕЗЕРВАТИВЫ / УТОЛЩЕННЫЕ,30
wolt,Лекарственные средства / Лекарства от герпеса,Лекарственные средства / Лекарства от герпеса,30
wolt,ВЛАЖНЫЙ КОРМ ДЛЯ СОБАК 🐶 / Royal Canin,ВЛАЖНЫЙ КОРМ ДЛЯ СОБАК 🐶 / Royal Canin,30
wolt,Препараты Давления  / Гипотония (пониженное давление ),Препараты Давления  / Гипотония (пониженное давление ),30
wolt,КАНЦЕЛЯРИЯ ✂️ / Клей,КАНЦЕЛЯРИЯ ✂️ / Клей,30
wolt,СРЕДСТВА ГИГИЕНЫ / ТАМПОНЫ,СРЕДСТВА ГИГИЕНЫ / ТАМПОНЫ,30
wolt,АЗИАТСКАЯ КУХНЯ / МОЛОКО и МАСЛО,АЗИАТСКАЯ КУХНЯ / МОЛОКО и МАСЛО,30
wolt,ВЛАЖНЫЙ КОРМ ДЛЯ СОБАК 🐕 / ALPHAPET,ВЛАЖНЫЙ КОРМ ДЛЯ СОБАК 🐕 / ALPHAPET,30
wolt,ПРИ АЛЛЕРГИИ,ПРИ АЛЛЕРГИИ,30
wolt,"ЧАЙ, КОФЕ, КАКАО / Other","ЧАЙ, КОФЕ, КАКАО / Other",30
wolt,АЙС ТИ 🥤,АЙС ТИ 🥤,30
wolt,Капли ушные / Капли ушные,Капли ушные / Капли ушные,30
wolt,ВЛАЖНЫЙ КОРМ ДЛЯ КОШЕК 🐈 / Whiskas/Kitekat/Sheba/PerfectFit,ВЛАЖНЫЙ КОРМ ДЛЯ КОШЕК 🐈 / Whiskas/Kitekat/Sheba/PerfectFit,30
wolt,Прокладки и тампоны,Прокладки и тампоны,30
wolt,АКСЕССУАРЫ ✨,АКСЕССУАРЫ ✨,30
wolt,АКСЕССУАРЫ 📱 / Аксессуары для мобильных устройств,АКСЕССУАРЫ 📱 / Аксессуары для мобильных устройств,30
wolt,ВЛАЖНЫЙ КОРМ ДЛЯ КОШЕК 🐈‍⬛ / Probalance ,ВЛАЖНЫЙ КОРМ ДЛЯ КОШЕК 🐈‍⬛ / Probalance ,30
wolt,😺СУХОЙ КОРМ ДЛЯ КОШЕК (В УПАКОВКЕ) 🐈 / ME-O🐾,😺СУХОЙ КОРМ ДЛЯ КОШЕК (В УПАКОВКЕ) 🐈 / ME-O🐾,30
wolt,Лекарственные средства / Антигистаминные препараты для детей,Лекарственные средства / Антигистаминные препараты для детей,30
wolt,ЧЕБУРЕКИ🥠,ЧЕБУРЕКИ🥠,30
wolt,ЛЕКАРСТВЕННЫЕ СРЕДСТВА 💊 / АЛКОГОЛИЗМ И ТАБАКОКУРЕНИЕ,ЛЕКАРСТВЕННЫЕ СРЕДСТВА 💊 / АЛКОГОЛИЗМ И ТАБАКОКУРЕНИЕ,30
wolt,ТОВАР ИЗ ПЕРЕРАБОТАННОГО ПЛАСТИКА / ОДЕЖДА,ТОВАР ИЗ ПЕРЕРАБОТАННОГО ПЛАСТИКА / ОДЕЖДА,30
wolt,Тесты беременность (овуляцию),Тесты беременность (овуляцию),30
wolt,Клубника + финики в шоколаде,Клубника + финики в шоколаде,30
wolt,КОГТЕРЕЗЫ ДЛЯ ЖИВОТНЫХ,КОГТЕРЕЗЫ ДЛЯ ЖИВОТНЫХ,30
wolt,КОГТЕТОЧКА ДЛЯ КОШЕК,КОГТЕТОЧКА ДЛЯ КОШЕК,30
wolt,ВЛАЖНЫЙ КОРМ ДЛЯ КОШЕК 🐈 / KiteKat🇷🇺,ВЛАЖНЫЙ КОРМ ДЛЯ КОШЕК 🐈 / KiteKat🇷🇺,30
wolt,КОГТЕТОЧКИ🐾 / КОГТЕТОЧКИ - ЛЕЖАНКИ 😺,КОГТЕТОЧКИ🐾 / КОГТЕТОЧКИ - ЛЕЖАНКИ 😺,30
wolt,ВЛАЖНЫЙ КОРМ ДЛЯ КОШЕК 🐱 / FITMIN😺,ВЛАЖНЫЙ КОРМ ДЛЯ КОШЕК 🐱 / FITMIN😺,30
wolt,КОКОСОВЫЕ ПРОДУКТЫ,КОКОСОВЫЕ ПРОДУКТЫ,30
wolt,ATTAR COLLECTION / Attar Collection Duna Secrets,ATTAR COLLECTION / Attar Collection Duna Secrets,30
wolt,Колбасы и сосиски / Вареные колбасы,Колбасы и сосиски / Вареные колбасы,30
wolt,КРУЖКИ 🫗,КРУЖКИ 🫗,30
wolt,СУХОЙ КОРМ ДЛЯ КОШЕК (В УПАКОВКЕ) 🐈 / ORIJEN😸,СУХОЙ КОРМ ДЛЯ КОШЕК (В УПАКОВКЕ) 🐈 / ORIJEN😸,30
wolt,"БДСМ / НАРУЧНИКИ","БДСМ / НАРУЧНИКИ",30
wolt,РОЗЫ🌹,РОЗЫ🌹,30
wolt,ТАРТАЛЕТКИ🧁,ТАРТАЛЕТКИ🧁,30
wolt,"    Рыба, морепродукты, икра /         Замороженная рыба, морепродукты","    Рыба, морепродукты, икра /         Замороженная рыба, морепродукты",30
wolt,АЛКОГОЛЬ 🥃 / Бурбон,АЛКОГОЛЬ 🥃 / Бурбон,30
wolt,"    Рыба, морепродукты, икра /         Пресервы","    Рыба, морепродукты, икра /         Пресервы",30
wolt,ВЛАЖНЫЕ КОРМА ДЛЯ СОБАК / PRO PLAN ,ВЛАЖНЫЕ КОРМА ДЛЯ СОБАК / PRO PLAN ,30
wolt,САМСА,САМСА,30
wolt,"ЧИЗКЕЙКИ","ЧИЗКЕЙКИ",30
wolt,ЛАКОМСТВА / ДЛЯ СОБАК,ЛАКОМСТВА / ДЛЯ СОБАК,30
wolt,С ДНЁМ РОЖДЕНИЯ / Бенто M,С ДНЁМ РОЖДЕНИЯ / Бенто M,30
wolt,"БЕЗАЛКОГОЛЬНЫЕ НАПИТКИ / РАЗЛИВНЫЕ","БЕЗАЛКОГОЛЬНЫЕ НАПИТКИ / РАЗЛИВНЫЕ",30
wolt,ВЛАЖНЫЕ КОРМА ДЛЯ КОШЕК / GOURMET Голд,ВЛАЖНЫЕ КОРМА ДЛЯ КОШЕК / GOURMET Голд,30
wolt,ЛАКОМСТВА ДЛЯ КОШЕК😻 / Витаминные лакомства ,ЛАКОМСТВА ДЛЯ КОШЕК😻 / Витаминные лакомства ,30
wolt,ВЛАЖНЫЕ КОРМА 🫘 / PEDIGREE,ВЛАЖНЫЕ КОРМА 🫘 / PEDIGREE,30
wolt,ВЛАЖНЫЕ КОРМА 🫘 / NATURE'S PROTECTION,ВЛАЖНЫЕ КОРМА 🫘 / NATURE'S PROTECTION,30
wolt,ЧИСТЯЩИЕ СРЕДСТВА / ДЛЯ ТУАЛЕТА,ЧИСТЯЩИЕ СРЕДСТВА / ДЛЯ ТУАЛЕТА,30
wolt,ЭКО-ДЕКОР ДЛЯ ДОМАШНЕГО УЮТА 🏡 / АРОМАТЫ ДЛЯ ДОМА🌺,ЭКО-ДЕКОР ДЛЯ ДОМАШНЕГО УЮТА 🏡 / АРОМАТЫ ДЛЯ ДОМА🌺,30
wolt,КОМПОЗИЦИИ 💐,КОМПОЗИЦИИ 💐,30
wolt,Королевские финики в шоколаде,Королевские финики в шоколаде,30
wolt,ЛАКОМСТВА ДЛЯ КОШЕК / AlphaPet Superpremium,ЛАКОМСТВА ДЛЯ КОШЕК / AlphaPet Superpremium,30
wolt,СЕТ,СЕТ,30
wolt,КОМПОЗИЦИИ В КОРЗИНЕ И СУМОЧКЕ 🌸,КОМПОЗИЦИИ В КОРЗИНЕ И СУМОЧКЕ 🌸,30
wolt,ЛАКОМСВА ДЛЯ СОБАК / СУПЧИКИ\ПОДУШЕЧКИ,ЛАКОМСВА ДЛЯ СОБАК / СУПЧИКИ\ПОДУШЕЧКИ,30
wolt,КРЕМА / Крем для лица,КРЕМА / Крем для лица,30
wolt,СУХОЙ КОРМ ДЛЯ КОШЕК (В УПАКОВКЕ) 🐈 / ORIJEN🐱🥩,СУХОЙ КОРМ ДЛЯ КОШЕК (В УПАКОВКЕ) 🐈 / ORIJEN🐱🥩,30
wolt,Витамины,Витамины,30
wolt,ВИТАМИННЫЕ ШОТЫ🫚,ВИТАМИННЫЕ ШОТЫ🫚,30
wolt,СУХИЕ КОРМА ДЛЯ СОБАК (ВЕСОВЫЕ) / BLUE NATIVE,СУХИЕ КОРМА ДЛЯ СОБАК (ВЕСОВЫЕ) / BLUE NATIVE,30
wolt,СЛАБИТЕЛЬНЫЕ,СЛАБИТЕЛЬНЫЕ,30
wolt,"СЛАБОАЛКОГОЛЬНЫЕ НАПИТКИ / Коктейль","СЛАБОАЛКОГОЛЬНЫЕ НАПИТКИ / Коктейль",30
wolt,🐶СУХОЙ КОРМ ДЛЯ СОБАК (НА РАЗВЕС)🐶😋 / ACANA/ORIJEN🐶,🐶СУХОЙ КОРМ ДЛЯ СОБАК (НА РАЗВЕС)🐶😋 / ACANA/ORIJEN🐶,30
wolt,СУХОЙ КОРМ ДЛЯ СОБАК 🐶 / Дарлинг\Pedegree\Chappy🇷🇺,СУХОЙ КОРМ ДЛЯ СОБАК 🐶 / Дарлинг\Pedegree\Chappy🇷🇺,30
wolt,Сладкие комбо,Сладкие комбо,30
wolt,СУПЫ / СУПЫ,СУПЫ / СУПЫ,30
wolt,СЛАДКОЕ / Злаковые и фруктовые батончики,СЛАДКОЕ / Злаковые и фруктовые батончики,30
wolt,Шу,Шу,30
wolt,ВЕТЕРИНАРНЫЕ ПРЕПАРАТЫ 💊 / Шампуни от блох,ВЕТЕРИНАРНЫЕ ПРЕПАРАТЫ 💊 / Шампуни от блох,30
wolt,СУХОЙ КОРМ ДЛЯ КОШЕК 🐈 / Best Dinner,СУХОЙ КОРМ ДЛЯ КОШЕК 🐈 / Best Dinner,30
wolt,"ВЕТЕРИНАРНЫЕ ПРЕПАРАТЫ 💊 / Защитные воротники, бандажи ","ВЕТЕРИНАРНЫЕ ПРЕПАРАТЫ 💊 / Защитные воротники, бандажи ",30
wolt,СЛАДОСТИ 🍫,СЛАДОСТИ 🍫,30
wolt,ВЕТЕРИНАРНЫЕ ПРЕПАРАТЫ 💊 / Другое,ВЕТЕРИНАРНЫЕ ПРЕПАРАТЫ 💊 / Другое,30
wolt,СУХОЙ КОРМ ДЛЯ КОШЕК 🐱 / Blitz,СУХОЙ КОРМ ДЛЯ КОШЕК 🐱 / Blitz,30
wolt,БЕЛЫЕ ВИНА / АРГЕНТИНА,БЕЛЫЕ ВИНА / АРГЕНТИНА,30
wolt,Сладости без сахара / Козинаки без сахара,Сладости без сахара / Козинаки без сахара,30
wolt,"ВЕТАПТЕКА / СРЕДСТВА ДЛЯ ЖКТ (пробиотики, сорбенты)","ВЕТАПТЕКА / СРЕДСТВА ДЛЯ ЖКТ (пробиотики, сорбенты)",30
wolt,ВЕТАПТЕКА LIGHT⚕️ / Препараты для ЖКТ ,ВЕТАПТЕКА LIGHT⚕️ / Препараты для ЖКТ ,30
wolt,ВЕТАПТЕКА LIGHT⚕️ / Накожные средства,ВЕТАПТЕКА LIGHT⚕️ / Накожные средства,30
wolt,СУХОЙ КОРМ ДЛЯ КОШЕК 🐱 / ELITE,СУХОЙ КОРМ ДЛЯ КОШЕК 🐱 / ELITE,30
wolt,ВЕТАПТЕКА LIGHT⚕️ / МальтПасты ,ВЕТАПТЕКА LIGHT⚕️ / МальтПасты ,30
wolt,ВЕТАПТЕКА LIGHT⚕️ / Капли/Лосьоны для ушей,ВЕТАПТЕКА LIGHT⚕️ / Капли/Лосьоны для ушей,30
wolt,ВЕТАПТЕКА LIGHT⚕️ / Капли/Лосьоны для глаз,ВЕТАПТЕКА LIGHT⚕️ / Капли/Лосьоны для глаз,30
wolt,"СУБЛИМАЦИЯ, КИНДЕР И СЛАДОСТИ / КИНДЕР И СЛАДОСТИ","СУБЛИМАЦИЯ, КИНДЕР И СЛАДОСТИ / КИНДЕР И СЛАДОСТИ",30
wolt,СУХОЙ КОРМ ДЛЯ КОШЕК 🐈 / Grandorf,СУХОЙ КОРМ ДЛЯ КОШЕК 🐈 / Grandorf,30
wolt,СУХОЙ КОРМ ДЛЯ СОБАК 🐶 / Ветеринарные  диеты,СУХОЙ КОРМ ДЛЯ СОБАК 🐶 / Ветеринарные  диеты,30
wolt,ВЕСОВОЙ ТОВАР,ВЕСОВОЙ ТОВАР,30
wolt,СЛИВОЧНОЕ GELATO 🍧,СЛИВОЧНОЕ GELATO 🍧,30
wolt,СУХОЙ КОРМ ДЛЯ КОШЕК 🐱 / KiteKat🇷🇺,СУХОЙ КОРМ ДЛЯ КОШЕК 🐱 / KiteKat🇷🇺,30
wolt,СТРОИТЕЛЬСТВО И РЕМОНТ / РАЗВОДНЫЕ КЛЮЧИ,СТРОИТЕЛЬСТВО И РЕМОНТ / РАЗВОДНЫЕ КЛЮЧИ,30
wolt,"ВАРЕНЬЕ, МЁД И ПАСТЫ / Арахисовая паста","ВАРЕНЬЕ, МЁД И ПАСТЫ / Арахисовая паста",30
wolt,"СМАЗКИ НА СИЛИКОНОВОЙ ОСНОВЕ							","СМАЗКИ НА СИЛИКОНОВОЙ ОСНОВЕ							",30
wolt,СТРОИТЕЛЬСТВО И РЕМОНТ / ПЛОСКО И ВИБРОШЛИФОВАЛЬНЫЕ МАШИНЫ,СТРОИТЕЛЬСТВО И РЕМОНТ / ПЛОСКО И ВИБРОШЛИФОВАЛЬНЫЕ МАШИНЫ,30
wolt,СТРОИТЕЛЬСТВО И РЕМОНТ / ПЛОСКИЕ ОТВЕРТКИ,СТРОИТЕЛЬСТВО И РЕМОНТ / ПЛОСКИЕ ОТВЕРТКИ,30
wolt,СТРОИТЕЛЬСТВО И РЕМОНТ / ОТВЕРТКИ КРЕСТОВЫЕ,СТРОИТЕЛЬСТВО И РЕМОНТ / ОТВЕРТКИ КРЕСТОВЫЕ,30
wolt,СМУЗИ🍓,СМУЗИ🍓,30
wolt,СНЕКИ И ПЕРЕКУСЫ 🥜 / Батончики,СНЕКИ И ПЕРЕКУСЫ 🥜 / Батончики,30
wolt,СНЕКИ И ПЕРЕКУСЫ 🍟 / БАТОНЧИКИ,СНЕКИ И ПЕРЕКУСЫ 🍟 / БАТОНЧИКИ,30
wolt,😺СУХОЙ КОРМ ДЛЯ КОШЕК (НА РАЗВЕС) 🐈 / WHISKAS😺,😺СУХОЙ КОРМ ДЛЯ КОШЕК (НА РАЗВЕС) 🐈 / WHISKAS😺,30
wolt,СУХОЙ КОРМ ДЛЯ КОШЕК 🐱 / Me-O🇹🇭,СУХОЙ КОРМ ДЛЯ КОШЕК 🐱 / Me-O🇹🇭,30
wolt,СТРОИТЕЛЬСТВО И РЕМОНТ / ЛОБЗИКИ,СТРОИТЕЛЬСТВО И РЕМОНТ / ЛОБЗИКИ,30
wolt,СТРОИТЕЛЬСТВО И РЕМОНТ / КЛЕЩИ,СТРОИТЕЛЬСТВО И РЕМОНТ / КЛЕЩИ,30
wolt,СУХОЙ КОРМ ДЛЯ КОШЕК 🐈 / Probalance,СУХОЙ КОРМ ДЛЯ КОШЕК 🐈 / Probalance,30
wolt,😺СУХОЙ КОРМ ДЛЯ КОШЕК (НА РАЗВЕС) 🐈 / MURKEL😺,😺СУХОЙ КОРМ ДЛЯ КОШЕК (НА РАЗВЕС) 🐈 / MURKEL😺,30
wolt,СУХОЙ КОРМ ДЛЯ КОШЕК 🐱 / Probalance 🇷🇺,СУХОЙ КОРМ ДЛЯ КОШЕК 🐱 / Probalance 🇷🇺,30
wolt,😺СУХОЙ КОРМ ДЛЯ КОШЕК (НА РАЗВЕС) 🐈 / MELWIN😺,😺СУХОЙ КОРМ ДЛЯ КОШЕК (НА РАЗВЕС) 🐈 / MELWIN😺,30
wolt,СНЕКИ / Хлебные и зерновые чипсы,СНЕКИ / Хлебные и зерновые чипсы,30
wolt,😺СУХОЙ КОРМ ДЛЯ КОШЕК (НА РАЗВЕС) 🐈 / FORZA😺,😺СУХОЙ КОРМ ДЛЯ КОШЕК (НА РАЗВЕС) 🐈 / FORZA😺,30
wolt,🧶 Бусы и шнуровки,🧶 Бусы и шнуровки,30
wolt,😺СУХОЙ КОРМ ДЛЯ КОШЕК (НА РАЗВЕС) 🐈 / CAT CHOW😺,😺СУХОЙ КОРМ ДЛЯ КОШЕК (НА РАЗВЕС) 🐈 / CAT CHOW😺,30
wolt,СУХОЙ КОРМ ДЛЯ КОШЕК (В УПАКОВКЕ) 🐈 / ACANA🐱❤️,СУХОЙ КОРМ ДЛЯ КОШЕК (В УПАКОВКЕ) 🐈 / ACANA🐱❤️,30
wolt,БАКАЛЕЯ 😎,БАКАЛЕЯ 😎,30
wolt,"СНЭКИ 🍟 / Снэки, гриссини","СНЭКИ 🍟 / Снэки, гриссини",30
wolt,БУКЕТ ИЗ КЛУБНИКИ🍓,БУКЕТ ИЗ КЛУБНИКИ🍓,30
wolt,СРЕДСТВА ЛИЧНОЙ ГИГИЕНЫ 🧽 / Мужской шампунь,СРЕДСТВА ЛИЧНОЙ ГИГИЕНЫ 🧽 / Мужской шампунь,30
wolt,"    Бакалея /         Ашлянфу, спаржа, листы Нори, фунчоза","    Бакалея /         Ашлянфу, спаржа, листы Нори, фунчоза",30
wolt,"БАКАЛЕЯ  / ГОРЧИЦА","БАКАЛЕЯ  / ГОРЧИЦА",30
wolt,БЛИНЫ-СУШИ🥞,БЛИНЫ-СУШИ🥞,30
wolt,"Соки, вода, напитки / Детское шампанское ","Соки, вода, напитки / Детское шампанское ",30
wolt,БЕЗАЛКОГОЛЬНЫЕ НАПИТКИ 🧃 / Холодный чай,БЕЗАЛКОГОЛЬНЫЕ НАПИТКИ 🧃 / Холодный чай,30
wolt,DIAGEO / ЛИКЕР,DIAGEO / ЛИКЕР,30
wolt,"БАКАЛЕЯ  / МОЛОЧНАЯ ПРОДУКЦИЯ","БАКАЛЕЯ  / МОЛОЧНАЯ ПРОДУКЦИЯ",30
wolt,ДЛЯ НЕГО / КОЛЬЦА ДЛЯ ЧЛЕНА,ДЛЯ НЕГО / КОЛЬЦА ДЛЯ ЧЛЕНА,30
wolt,ДЛЯ МАМЫ И РЕБЕНКА 👩🏻‍🍼 / МОЧАЛКИ,ДЛЯ МАМЫ И РЕБЕНКА 👩🏻‍🍼 / МОЧАЛКИ,30
wolt,"УХОД ЗА СОБАКАМИ И КОШКАМИ 🐈🐕 / Пеленки, салфетки🧻","УХОД ЗА СОБАКАМИ И КОШКАМИ 🐈🐕 / Пеленки, салфетки🧻",30
wolt, ДЛЯ ПОПУГАЕВ 🦜 / Лакомства для попугаев , ДЛЯ ПОПУГАЕВ 🦜 / Лакомства для попугаев ,30
wolt,"МОНОБУКЕТЫ 🌺","МОНОБУКЕТЫ 🌺",30
wolt,ДЛЯ ТЕЛА 🧴 / ГЕЛИ ДЛЯ ДУША,ДЛЯ ТЕЛА 🧴 / ГЕЛИ ДЛЯ ДУША,30
wolt,ДЛЯ ВОЛОС🌹 / БАЛЬЗАМЫ И КОНДИЦИОНЕРЫ,ДЛЯ ВОЛОС🌹 / БАЛЬЗАМЫ И КОНДИЦИОНЕРЫ,30
wolt,УХОД ЗА ТЕЛОМ🫧 / МЫЛО,УХОД ЗА ТЕЛОМ🫧 / МЫЛО,30
wolt,Dreamies / Лакомство для кошки,Dreamies / Лакомство для кошки,30
wolt,КОСМЕТИЧЕСКИЕ И ГИГИЕНИЧЕСКИЕ СРЕДСТВА💄 / Дезодоранты и антиперспиранты,КОСМЕТИЧЕСКИЕ И ГИГИЕНИЧЕСКИЕ СРЕДСТВА💄 / Дезодоранты и антиперспиранты,30
wolt,ДЛЯ БРИТЬЯ 🧔,ДЛЯ БРИТЬЯ 🧔,30
wolt,КОСМЕТИЧЕСКИЕ И ГИГИЕНИЧЕСКИЕ СРЕДСТВА💄 / Средства защиты от насекомых,КОСМЕТИЧЕСКИЕ И ГИГИЕНИЧЕСКИЕ СРЕДСТВА💄 / Средства защиты от насекомых,30
wolt,УХОД ЗА ТЕЛОМ🧴 / Уход для рук и ног,УХОД ЗА ТЕЛОМ🧴 / Уход для рук и ног,30
wolt,СОЛЕНИЯ🫒,СОЛЕНИЯ🫒,30
wolt,CREED / Creed Love in White,CREED / Creed Love in White,30
wolt,СУБЛИМИРОВАННЫЕ ФРУКТЫ 🍍 / Персик,СУБЛИМИРОВАННЫЕ ФРУКТЫ 🍍 / Персик,29
wolt,ПОЛУФАБРИКАТЫ 🥟 / Манты,ПОЛУФАБРИКАТЫ 🥟 / Манты,29
wolt,СУБЛИМИРОВАННЫЕ ФРУКТЫ 🍍 / Ананас,СУБЛИМИРОВАННЫЕ ФРУКТЫ 🍍 / Ананас,29
wolt,Лекарственные средства / Противогрибковые средства,Лекарственные средства / Противогрибковые средства,29
wolt,ЛЕКАРСТВА И БАДЫ💊 / Внутривенные растворы,ЛЕКАРСТВА И БАДЫ💊 / Внутривенные растворы,29
wolt,Лекарственные средства / Противорвотные препараты,Лекарственные средства / Противорвотные препараты,29
wolt,СУБЛИМИРОВАННЫЕ ФРУКТЫ 🍍 / Банан,СУБЛИМИРОВАННЫЕ ФРУКТЫ 🍍 / Банан,29
wolt,СУБЛИМИРОВАННЫЕ ФРУКТЫ 🍍 / Яблоко,СУБЛИМИРОВАННЫЕ ФРУКТЫ 🍍 / Яблоко,29
wolt,СУБЛИМИРОВАННЫЕ ФРУКТЫ 🍍 / Драгон,СУБЛИМИРОВАННЫЕ ФРУКТЫ 🍍 / Драгон,29
wolt,ДИАРЕЯ,ДИАРЕЯ,29
wolt,УБОРКА ДЛЯ ДОМА 🧼 / Пятновыводители и отбеливатели,УБОРКА ДЛЯ ДОМА 🧼 / Пятновыводители и отбеливатели,29
wolt,Пирожные / Капкейки,Пирожные / Капкейки,29
wolt,ЦВЕТЫ 💐,ЦВЕТЫ 💐,29
wolt,УХОД ЗА СОБАКАМИ И КОШКАМИ 🐈🐕 / Шампуни 🧴,УХОД ЗА СОБАКАМИ И КОШКАМИ 🐈🐕 / Шампуни 🧴,28
wolt,Товары для дома / Все для пикника и барбекю,Товары для дома / Все для пикника и барбекю,28
wolt,ГОРЯЧЕЕ КОПЧЕНИЕ 🐋,ГОРЯЧЕЕ КОПЧЕНИЕ 🐋,28
wolt,СУХОЙ КОРМ ДЛЯ КОШЕК (В УПАКОВКЕ) 🐈 / SIRIUS🐾,СУХОЙ КОРМ ДЛЯ КОШЕК (В УПАКОВКЕ) 🐈 / SIRIUS🐾,28
wolt,Professional • Капсулы / GIMOKA,Professional • Капсулы / GIMOKA,28
wolt,КОРМА ДЛЯ КОШЕК 🐱 / Brit (Брит),КОРМА ДЛЯ КОШЕК 🐱 / Brit (Брит),28
wolt,ВЛАЖНЫЙ КОРМ ДЛЯ КОШЕК 🐈 / AlphaPet,ВЛАЖНЫЙ КОРМ ДЛЯ КОШЕК 🐈 / AlphaPet,28
wolt,"    Товары для дома /         Пакеты для мусора","    Товары для дома /         Пакеты для мусора",28
wolt,"Оскар , Трапеза / Консервы для собак","Оскар , Трапеза / Консервы для собак",28
wolt,Лекарственные средства / Средства от вшей,Лекарственные средства / Средства от вшей,28
wolt,"МАСЛО, СЫР, ЯЙЦА 🧀🥚 / Сырные тарелки, Чечил","МАСЛО, СЫР, ЯЙЦА 🧀🥚 / Сырные тарелки, Чечил",27
wolt,Лекарственные средства / Кардиопротекторы,Лекарственные средства / Кардиопротекторы,27
wolt,СРЕДСТВА ГИГИЕНЫ 🛁 / Станки для бритья,СРЕДСТВА ГИГИЕНЫ 🛁 / Станки для бритья,27
wolt,Лекарственные средства / Анестетики для местного обезболивания,Лекарственные средства / Анестетики для местного обезболивания,26
wolt,РАЗЛИВНЫЕ ЛИМОНАДЫ И КВАС🥤,РАЗЛИВНЫЕ ЛИМОНАДЫ И КВАС🥤,26
wolt,Сладости без сахара / Вафли без сахара,Сладости без сахара / Вафли без сахара,25
wolt,Бельгия,Бельгия,25
wolt,"СРЕДСТВА ГИГИЕНЫ / Ватные диски и палочки","СРЕДСТВА ГИГИЕНЫ / Ватные диски и палочки",25
wolt,🐶СУХОЙ КОРМ ДЛЯ СОБАК (НА РАЗВЕС)🐶😋 / ДИЛЛИ🐶,🐶СУХОЙ КОРМ ДЛЯ СОБАК (НА РАЗВЕС)🐶😋 / ДИЛЛИ🐶,25
wolt,😺СУХОЙ КОРМ ДЛЯ КОШЕК (В УПАКОВКЕ) 🐈 / YUMMI🐾,😺СУХОЙ КОРМ ДЛЯ КОШЕК (В УПАКОВКЕ) 🐈 / YUMMI🐾,25
wolt,😺СУХОЙ КОРМ ДЛЯ КОШЕК (В УПАКОВКЕ) 🐈 / BLITZ🐾,😺СУХОЙ КОРМ ДЛЯ КОШЕК (В УПАКОВКЕ) 🐈 / BLITZ🐾,25
wolt,Сэндвичи и роллы,Сэндвичи и роллы,25
wolt,ОХМЕЛЁННОЕ ПИВО NEW ENGLAND ,ОХМЕЛЁННОЕ ПИВО NEW ENGLAND ,25
wolt,ДИАБЕТИЧЕСКИЕ ПРОДУКТЫ / ПЮРЕ,ДИАБЕТИЧЕСКИЕ ПРОДУКТЫ / ПЮРЕ,25
wolt,Игрушки / Трендовые игрушки,Игрушки / Трендовые игрушки,25
wolt,"Чипсы, сухарики и снэки / Орехи с добавками/ миксы снеков","Чипсы, сухарики и снэки / Орехи с добавками/ миксы снеков",25
wolt,НАПОЛНИТЕЛИ 🧻 / Впитывающие (минеральные),НАПОЛНИТЕЛИ 🧻 / Впитывающие (минеральные),25
wolt,ЗДОРОВОЕ ПИТАНИЕ / Заменители сахара ПП,ЗДОРОВОЕ ПИТАНИЕ / Заменители сахара ПП,25
wolt,ПИОНЫ 🌸,ПИОНЫ 🌸,25
wolt,СНЭКИ 🍟 / Сухари,СНЭКИ 🍟 / Сухари,25
wolt,"Замороженная продукция / Десерты","Замороженная продукция / Десерты",25
wolt,Масла растительные / Другие виды растительных масел,Масла растительные / Другие виды растительных масел,25
wolt,"Замороженная продукция / Куриные полуфабрикаты","Замороженная продукция / Куриные полуфабрикаты",25
wolt,БЕЗАЛКОГОЛЬНОЕ ВИНО,БЕЗАЛКОГОЛЬНОЕ ВИНО,25
wolt,Бандажи лечебно-профилактические,Бандажи лечебно-профилактические,24
wolt,"ХОЛОДНЫЙ КОФЕ","ХОЛОДНЫЙ КОФЕ",24
wolt,СУХИЕ КОРМА ДЛЯ КОШЕК (ВЕСОВЫЕ) / SIRIUS,СУХИЕ КОРМА ДЛЯ КОШЕК (ВЕСОВЫЕ) / SIRIUS,24
wolt,Холодный кофе,Холодный кофе,24
wolt,Sirius / Влажный корм для кошек,Sirius / Влажный корм для кошек,24
wolt,ДУБАЙСКИЙ ШОКОЛАД,ДУБАЙСКИЙ ШОКОЛАД,24
wolt,Амуниция для кошек и собак ,Амуниция для кошек и собак ,24
wolt,УХОД ЗА ЛИЦОМ💆🏻‍♀️ / Патчи,УХОД ЗА ЛИЦОМ💆🏻‍♀️ / Патчи,24
wolt,"МАССАЖЕРЫ. КРАСОТА И ЗДОРОВЬЕ / ФЕНЫ, ПЛОЙКИ, СТАЙЛЕРЫ","МАССАЖЕРЫ. КРАСОТА И ЗДОРОВЬЕ / ФЕНЫ, ПЛОЙКИ, СТАЙЛЕРЫ",24
wolt,Эклеры 🧁,Эклеры 🧁,24
wolt,ПИРОЖКИ,ПИРОЖКИ,24
wolt,ДЛЯ МАМЫ И РЕБЕНКА 👩🏻‍🍼 / ДЕТСКАЯ КОСМЕТИКА,ДЛЯ МАМЫ И РЕБЕНКА 👩🏻‍🍼 / ДЕТСКАЯ КОСМЕТИКА,24
wolt,ВитаВит & GLS  Витамины,ВитаВит & GLS  Витамины,24
wolt,Sheba / Влажный паштет,Sheba / Влажный паштет,24
wolt,ВИСКИ 🥃 / Япония,ВИСКИ 🥃 / Япония,24
wolt,БАКАЛЕЯ / ХУМУС,БАКАЛЕЯ / ХУМУС,24
wolt,ВЫГОДНОЕ ПРЕДЛОЖЕНИЕ,ВЫГОДНОЕ ПРЕДЛОЖЕНИЕ,24
wolt,Sheba / Влажный  желе,Sheba / Влажный  желе,24
wolt,Слабительные препараты / Слабительные препараты,Слабительные препараты / Слабительные препараты,24
wolt,ДЛЯ МАМЫ И МАЛЫША 👶 / МОЛОЧКО И КРЕМА ,ДЛЯ МАМЫ И МАЛЫША 👶 / МОЛОЧКО И КРЕМА ,24
wolt,БЕЛЫЕ ВИНА / ИСПАНИЯ,БЕЛЫЕ ВИНА / ИСПАНИЯ,24
wolt,"1 сентября 🔔","1 сентября 🔔",24
wolt,СУХИЕ КОРМА ДЛЯ КОШЕК / Royal Canin Ветеринарная линейка,СУХИЕ КОРМА ДЛЯ КОШЕК / Royal Canin Ветеринарная линейка,24
wolt,СУХИЕ КОРМА ДЛЯ КОШЕК / Royal Canin,СУХИЕ КОРМА ДЛЯ КОШЕК / Royal Canin,24
wolt,"ЗАПРАВКИ, СОУСЫ, СПЕЦИИ 🌶️ / Готовые соусы ","ЗАПРАВКИ, СОУСЫ, СПЕЦИИ 🌶️ / Готовые соусы ",24
wolt,Rio корм для попугаев / В период линьки,Rio корм для попугаев / В период линьки,24
wolt,"17 см / 1-1.2 кг / Трендовые 🪄","17 см / 1-1.2 кг / Трендовые 🪄",24
wolt,ДЛЯ МАМЫ И МАЛЫША 👶 / ДЛЯ КУПАНИЯ,ДЛЯ МАМЫ И МАЛЫША 👶 / ДЛЯ КУПАНИЯ,24
wolt,ПЕРОКСИДНЫЕ РАСТВОРЫ🫧,ПЕРОКСИДНЫЕ РАСТВОРЫ🫧,24
wolt,Reflex / сухой корм для собак,Reflex / сухой корм для собак,24
wolt,"10 см / 350-450 гр / Трендовые 🪄","10 см / 350-450 гр / Трендовые 🪄",24
wolt,СУХИЕ КОРМА ДЛЯ КОШЕК / FELIX,СУХИЕ КОРМА ДЛЯ КОШЕК / FELIX,24
wolt,ПЕНКИ ДЛЯ ЛИЦА 😊,ПЕНКИ ДЛЯ ЛИЦА 😊,24
wolt,QAZAQSALT etno stores ✍🏻 / ХУДИ,QAZAQSALT etno stores ✍🏻 / ХУДИ,24
wolt,ДЛЯ НЕГО / ПРАЛОНГАТОРЫ ДЛЯ НЕГО,ДЛЯ НЕГО / ПРАЛОНГАТОРЫ ДЛЯ НЕГО,24
wolt,ЛОПАЮЩИЕСЯ ШАРИКИ 🍚,ЛОПАЮЩИЕСЯ ШАРИКИ 🍚,24
wolt,"ДЛЯ НЕЁ / ЖЕНСКИЕ ФЕРОМОНЫ","ДЛЯ НЕЁ / ЖЕНСКИЕ ФЕРОМОНЫ",24
wolt,ДЛЯ МАМ👩🏻‍🍼,ДЛЯ МАМ👩🏻‍🍼,24
wolt,ЛОТКИ😺,ЛОТКИ😺,24
wolt,ТОВАРЫ ДЛЯ ЖИВОТНЫХ / Для рыб,ТОВАРЫ ДЛЯ ЖИВОТНЫХ / Для рыб,24
wolt,"УХОД ДЛЯ ТЕЛА 🤩","УХОД ДЛЯ ТЕЛА 🤩",24
wolt,Суппозитории / Суппозитории,Суппозитории / Суппозитории,24
wolt,ДЛЯ МАЛЫШЕЙ🍼 / МАЛЫШАМ,ДЛЯ МАЛЫШЕЙ🍼 / МАЛЫШАМ,24
wolt,АНГИОТЕНЗИНА II РЕЦЕПТОРОВ АНТАГОНИСТ,АНГИОТЕНЗИНА II РЕЦЕПТОРОВ АНТАГОНИСТ,24
wolt,СУХОЙ КОРМ ДЛЯ КОШЕК 🐈 / Blitz ,СУХОЙ КОРМ ДЛЯ КОШЕК 🐈 / Blitz ,24
wolt,Пасха ,Пасха ,24
wolt,"ДЛЯ НЕЁ / МЕНСТРУАЛЬНЫЕ ЧАШИ","ДЛЯ НЕЁ / МЕНСТРУАЛЬНЫЕ ЧАШИ",24
wolt,КОРЕЙСКИЕ КОНФЕТЫ🍬,КОРЕЙСКИЕ КОНФЕТЫ🍬,24
wolt,ДЛЯ ЛИЦА 🫧,ДЛЯ ЛИЦА 🫧,24
wolt,Парфюм нашего бренда Le Mon Cher,Парфюм нашего бренда Le Mon Cher,24
wolt,"ФОЛЬГА, ПЛЕНКА, БУМАГА ДЛЯ ВЫПЕЧКИ🍪🍖","ФОЛЬГА, ПЛЕНКА, БУМАГА ДЛЯ ВЫПЕЧКИ🍪🍖",24
wolt,СУХОЙ КОРМ ДЛЯ КОШЕК 🐱 / Blitz🇷🇺,СУХОЙ КОРМ ДЛЯ КОШЕК 🐱 / Blitz🇷🇺,24
wolt,ЛОТКИ ДЛЯ КОШЕК🚽🐱 / ЁШКИН КОТ🐱,ЛОТКИ ДЛЯ КОШЕК🚽🐱 / ЁШКИН КОТ🐱,24
wolt,ПАКЕТЫ 📦 / БЕЗ РУЧЕК,ПАКЕТЫ 📦 / БЕЗ РУЧЕК,24
wolt,ЛОТОК ДЛЯ КОШЕК,ЛОТОК ДЛЯ КОШЕК,24
wolt,АНТИБИОТИК,АНТИБИОТИК,24
wolt,QAZAQSALT etno stores ✍🏻 / КРУЖКИ,QAZAQSALT etno stores ✍🏻 / КРУЖКИ,24
wolt,🧩 Пазлы,🧩 Пазлы,24
wolt,ДЕТСКАЯ ЛИНИЯ УХОДОВОЙ КОСМЕТИКИ.,ДЕТСКАЯ ЛИНИЯ УХОДОВОЙ КОСМЕТИКИ.,24
wolt,Сладости без сахара / Жент ,Сладости без сахара / Жент ,24
wolt,CURAPROX 🪥 / BE YOU,CURAPROX 🪥 / BE YOU,24
wolt,ТОВАРЫ ДЛЯ КУХНИ 🏡 / Кастрюли,ТОВАРЫ ДЛЯ КУХНИ 🏡 / Кастрюли,24
wolt,"ЛУБРИКАНТЫ, БАДы, ГИГИЕНА / ГИГИЕНА ТЕЛА И ИГРУШЕК","ЛУБРИКАНТЫ, БАДы, ГИГИЕНА / ГИГИЕНА ТЕЛА И ИГРУШЕК",24
wolt,ТОВАРЫ ДЛЯ КУХНИ 🏡 / Мельницы,ТОВАРЫ ДЛЯ КУХНИ 🏡 / Мельницы,24
wolt,ЛУБРИКАНТЫ  / ВКУСОВЫЕ ЛУБРИКАНТЫ,ЛУБРИКАНТЫ  / ВКУСОВЫЕ ЛУБРИКАНТЫ,24
wolt,ВЕТАПТЕКА LIGHT⚕️ / Средства для мочевыделительной системы ,ВЕТАПТЕКА LIGHT⚕️ / Средства для мочевыделительной системы ,24
wolt,"ДЛЯ ДВОИХ / СТРАПОНЫ","ДЛЯ ДВОИХ / СТРАПОНЫ",24
wolt,МЯСНЫЕ ЗАКУСКИ,МЯСНЫЕ ЗАКУСКИ,24
wolt,Косметическая продукция / Косметические наборы,Косметическая продукция / Косметические наборы,24
wolt,НАПИТКИ ГАЗИРОВАННЫЕ🥤,НАПИТКИ ГАЗИРОВАННЫЕ🥤,24
wolt,Охлаждающие изделия / Охлаждающие жилеты,Охлаждающие изделия / Охлаждающие жилеты,24
wolt,"ДЛЯ ДВОИХ / МАССАЖНЫЕ МАСЛА","ДЛЯ ДВОИХ / МАССАЖНЫЕ МАСЛА",24
wolt,МОЛОЧНЫЕ КОКТЕЙЛИ 🥤,МОЛОЧНЫЕ КОКТЕЙЛИ 🥤,24
wolt,DUBBLE BUBBLE,DUBBLE BUBBLE,24
wolt,АКСЕССУАРЫ ДЛЯ ВАННОЙ КОМНАТЫ / ИЗ ВТОРИЧНОГО МАТЕРИАЛА♻️,АКСЕССУАРЫ ДЛЯ ВАННОЙ КОМНАТЫ / ИЗ ВТОРИЧНОГО МАТЕРИАЛА♻️,24
wolt,ВОЗБУЖДАЮЩИЕ СРЕДСТВА / ДЛЯ ДВОИХ,ВОЗБУЖДАЮЩИЕ СРЕДСТВА / ДЛЯ ДВОИХ,24
wolt,Воздушные шарики / Сердечки,Воздушные шарики / Сердечки,24
wolt,Посуда,Посуда,24
wolt,ВЛАЖНЫЕ КОРМА ДЛЯ КОШЕК 😻 / Other,ВЛАЖНЫЕ КОРМА ДЛЯ КОШЕК 😻 / Other,24
wolt,ИГРУШКИ-СЮРПРИЗ / Для мальчиков,ИГРУШКИ-СЮРПРИЗ / Для мальчиков,24
wolt,БЕЗАЛКОГОЛЬНЫЕ НАПИТКИ / Пиво,БЕЗАЛКОГОЛЬНЫЕ НАПИТКИ / Пиво,24
wolt,ПОПЕРСЫ,ПОПЕРСЫ,24
wolt,УХОД ДЛЯ ЛИЦА / ОЧИЩЕНИЕ,УХОД ДЛЯ ЛИЦА / ОЧИЩЕНИЕ,24
wolt,Лекарственные средства / Препараты для разжижения крови,Лекарственные средства / Препараты для разжижения крови,24
wolt,"СРЕДСТВА ГИГИЕНЫ 🧴 / Бритва, пена для бритья","СРЕДСТВА ГИГИЕНЫ 🧴 / Бритва, пена для бритья",24
wolt,ЭКО-ДЕКОР ДЛЯ ДОМАШНЕГО УЮТА 🏡 / ИЗДЕЛИЯ ДЛЯ ХРАНЕНИЯ,ЭКО-ДЕКОР ДЛЯ ДОМАШНЕГО УЮТА 🏡 / ИЗДЕЛИЯ ДЛЯ ХРАНЕНИЯ,24
wolt,СРЕДСТВА ГИГИЕНЫ 🧴 / Уход за волосами,СРЕДСТВА ГИГИЕНЫ 🧴 / Уход за волосами,24
wolt,ЛАКОМСТВА ДЛЯ КОШЕК 😻 / TRIOL😸,ЛАКОМСТВА ДЛЯ КОШЕК 😻 / TRIOL😸,24
wolt,ВЛАЖНЫЕ КОРМА 🫘 / GOURMET GOLD,ВЛАЖНЫЕ КОРМА 🫘 / GOURMET GOLD,24
wolt,БАУРСАКИ  ,БАУРСАКИ  ,24
wolt,ВКУС ДЕТСТВА ,ВКУС ДЕТСТВА ,24
wolt,ЧИСТЯЩИЕ СРЕДСТВА 🧼  / Автокосметика,ЧИСТЯЩИЕ СРЕДСТВА 🧼  / Автокосметика,24
wolt,ДЕКОРАТИВНАЯ КОСМЕТИКА / БЛЕСКИ ДЛЯ ГУБ,ДЕКОРАТИВНАЯ КОСМЕТИКА / БЛЕСКИ ДЛЯ ГУБ,24
wolt,УХОД ДЛЯ ЛИЦА / УВЛАЖНЕНИЕ,УХОД ДЛЯ ЛИЦА / УВЛАЖНЕНИЕ,24
wolt,Все для детей / Подгузники,Все для детей / Подгузники,24
wolt,SPECIAL 🎉,SPECIAL 🎉,24
wolt,"СЭНДВИЧИ  И ПЕРЕКУС / Пирожки, самса","СЭНДВИЧИ  И ПЕРЕКУС / Пирожки, самса",24
wolt,СОРБЕТЫ 🍦,СОРБЕТЫ 🍦,24
wolt,ЛАКОМСТВА ДЛЯ КОШЕК 😻 / GIMCAT😸,ЛАКОМСТВА ДЛЯ КОШЕК 😻 / GIMCAT😸,24
wolt,"СЭНДВИЧИ 🥪","СЭНДВИЧИ 🥪",24
wolt,ФРУКТОВАЯ КОРЗИНА,ФРУКТОВАЯ КОРЗИНА,24
wolt,ТОВАРЫ ДЛЯ ДОМА / Средства для стиральных машин,ТОВАРЫ ДЛЯ ДОМА / Средства для стиральных машин,24
wolt,ДЛЯ ТЕЛА 🧴 / СКРАБЫ,ДЛЯ ТЕЛА 🧴 / СКРАБЫ,24
wolt,НАПИТКИ НЕГАЗИРОВАННЫЕ 🧃 / ХОЛОДНЫЙ КОФЕ,НАПИТКИ НЕГАЗИРОВАННЫЕ 🧃 / ХОЛОДНЫЙ КОФЕ,24
wolt,ДУБАЙСКИЙ ШОКОЛАД🍫,ДУБАЙСКИЙ ШОКОЛАД🍫,24
wolt,ПОДАРКИ ДЛЯ БЛИЗКИХ 🎁,ПОДАРКИ ДЛЯ БЛИЗКИХ 🎁,24
wolt,"СЕТ ""ИФТАР""","СЕТ ""ИФТАР""",24
wolt,СЕТ КОМБО 🎁,СЕТ КОМБО 🎁,24
wolt,СЕТ НА ДВОИХ 🧋,СЕТ НА ДВОИХ 🧋,24
wolt,СЕТ НА ТРОИХ 🧋,СЕТ НА ТРОИХ 🧋,24
wolt,СЕТ НА ЧЕТВЕРЫХ 🧋,СЕТ НА ЧЕТВЕРЫХ 🧋,24
wolt,ЗНАКИ ЗОДИАКА / Овен — 21 марта – 19 апреля,ЗНАКИ ЗОДИАКА / Овен — 21 марта – 19 апреля,24
wolt,ЧИСТЯЩИЕ СРЕДСТВА 🧽 / Мытье посуды,ЧИСТЯЩИЕ СРЕДСТВА 🧽 / Мытье посуды,24
wolt,ЧИСТЯЩИЕ СРЕДСТВА 🧼  / Стеклоомывающая жидкость,ЧИСТЯЩИЕ СРЕДСТВА 🧼  / Стеклоомывающая жидкость,24
wolt,SOJU,SOJU,24
wolt,КОНТАКТНЫЕ ЛИНЗЫ (МКЛ) 👓 / ACUVUE OASYS ,КОНТАКТНЫЕ ЛИНЗЫ (МКЛ) 👓 / ACUVUE OASYS ,24
wolt,ХОЛОДНЫЙ ФОНТАН,ХОЛОДНЫЙ ФОНТАН,24
wolt,Питьевые бутылки/стаканы,Питьевые бутылки/стаканы,24
wolt,МОЛОКО ДЛЯ КОТЯТ И БУТЫЛОЧКИ,МОЛОКО ДЛЯ КОТЯТ И БУТЫЛОЧКИ,24
wolt,Sirius / Сухой корм для кошек,Sirius / Сухой корм для кошек,24
wolt,"МУЖСКИЕ ИГРУШКИ / НАСАДКА","МУЖСКИЕ ИГРУШКИ / НАСАДКА",24
wolt,"КИМ (НОРИ), ПРИСЫПКИ К РИСУ◼️","КИМ (НОРИ), ПРИСЫПКИ К РИСУ◼️",24
wolt,"Простуда,насморк,боль в горле / жаропонижающие суспензии","Простуда,насморк,боль в горле / жаропонижающие суспензии",24
wolt,ВЛАЖНЫЕ САЛФЕТКИ 🧻,ВЛАЖНЫЕ САЛФЕТКИ 🧻,24
wolt,НАПОЛНИТЕЛИ ДЛЯ КОШЕК 🐈 / Силикагелевый,НАПОЛНИТЕЛИ ДЛЯ КОШЕК 🐈 / Силикагелевый,24
wolt,🌀 Каталки и лабиринты,🌀 Каталки и лабиринты,24
wolt,Карты ДБК,Карты ДБК,24
wolt,ЭРОТИЧЕСКОЕ БЕЛЬЕДЛЯ МУЖЧИН,ЭРОТИЧЕСКОЕ БЕЛЬЕДЛЯ МУЖЧИН,24
wolt, ШАМПАНСКОЕ🥂, ШАМПАНСКОЕ🥂,24
wolt,ЖЕНСКИЕ СЕКС ИГРУШКИ  / ФАЛЛОИМИТАТОРЫ,ЖЕНСКИЕ СЕКС ИГРУШКИ  / ФАЛЛОИМИТАТОРЫ,24
wolt,РЕГИДРАТИРУЮЩЕЕ СРЕДСТВО,РЕГИДРАТИРУЮЩЕЕ СРЕДСТВО,24
wolt,АКЦИОННЫЕ ПОЗИЦИИ ,АКЦИОННЫЕ ПОЗИЦИИ ,24
wolt,ВЛАЖНЫЙ КОРМ ДЛЯ КОШЕК 🐱 / WELLEMENT😸,ВЛАЖНЫЙ КОРМ ДЛЯ КОШЕК 🐱 / WELLEMENT😸,24
wolt,ВЛАЖНЫЙ КОРМ ДЛЯ КОШЕК 🐈‍⬛ / Мурчик,ВЛАЖНЫЙ КОРМ ДЛЯ КОШЕК 🐈‍⬛ / Мурчик,24
wolt,ВЛАЖНЫЙ КОРМ ДЛЯ КОШЕК 🐈‍⬛ / Натуральная формула ,ВЛАЖНЫЙ КОРМ ДЛЯ КОШЕК 🐈‍⬛ / Натуральная формула ,24
wolt,Капли глазные ,Капли глазные ,24
wolt,ТОВАРЫ ДЛЯ ВЗРОСЛЫХ 🔞,ТОВАРЫ ДЛЯ ВЗРОСЛЫХ 🔞,24
wolt,УХОД ДЛЯ ЛИЦА 😊 / SPF,УХОД ДЛЯ ЛИЦА 😊 / SPF,24
wolt,АКЦИЯ! 14 ФЕВРАЛЯ,АКЦИЯ! 14 ФЕВРАЛЯ,24
wolt,"ЧАЙ, КОФЕ, САХАР ☕️ / Кофе и какао","ЧАЙ, КОФЕ, САХАР ☕️ / Кофе и какао",24
wolt,НАПОЛНИТЕЛИ ДЛЯ КОШАЧЬЕГО ТУАЛЕТА (В УПАКОВКЕ) / СИ-СИ КЭТ🐱,НАПОЛНИТЕЛИ ДЛЯ КОШАЧЬЕГО ТУАЛЕТА (В УПАКОВКЕ) / СИ-СИ КЭТ🐱,24
wolt,ЧИАБАТТА СЭНДВИЧЫ,ЧИАБАТТА СЭНДВИЧЫ,24
wolt,ПРИМЕЧАНИЕ ❗,ПРИМЕЧАНИЕ ❗,24
wolt,ЛЕКАРСТВЕННЫЕ СРЕДСТВА 💊 / ЖЕЛЧЕГОННЫЕ ПРЕПАРАТЫ,ЛЕКАРСТВЕННЫЕ СРЕДСТВА 💊 / ЖЕЛЧЕГОННЫЕ ПРЕПАРАТЫ,24
wolt,"Рыба и морепродукты / Морепродукты","Рыба и морепродукты / Морепродукты",24
wolt,Примечание ❗️,Примечание ❗️,24
wolt,АЗИАТСКАЯ КУХНЯ / МОЛОКО И МАСЛО,АЗИАТСКАЯ КУХНЯ / МОЛОКО И МАСЛО,24
wolt,НАПОЛНИТЕЛИ ДЛЯ КОШАЧЬЕГО ТУАЛЕТА 🐱 / Впитывающие,НАПОЛНИТЕЛИ ДЛЯ КОШАЧЬЕГО ТУАЛЕТА 🐱 / Впитывающие,24
wolt,"ЧАЙ, КОФЕ И КАКАО / КАКАО, ЦИКОРИЙ,КИСЕЛЬ","ЧАЙ, КОФЕ И КАКАО / КАКАО, ЦИКОРИЙ,КИСЕЛЬ",24
wolt,ЛЕКАРСТВЕННЫЕ СРЕДСТВА 💊 / КРОВООСТАНАВЛИВАЮЩЕЕ,ЛЕКАРСТВЕННЫЕ СРЕДСТВА 💊 / КРОВООСТАНАВЛИВАЮЩЕЕ,24
wolt,УХОД ЗА ЛИЦОМ💆🏻‍♀️ / Аксессуары,УХОД ЗА ЛИЦОМ💆🏻‍♀️ / Аксессуары,24
wolt,ВЛАЖНЫЙ КОРМ ДЛЯ СОБАК 🐕 / INABA,ВЛАЖНЫЙ КОРМ ДЛЯ СОБАК 🐕 / INABA,24
wolt,ПРЕПАРАТЫ ДЛЯ МУЖСКОЙ СИЛЫ,ПРЕПАРАТЫ ДЛЯ МУЖСКОЙ СИЛЫ,24
wolt,СОЕВЫЕ ПРОДУКТЫ,СОЕВЫЕ ПРОДУКТЫ,24
wolt,ТОВАРЫ ДЛЯ ДЕТЕЙ 👶🏻 / МЫЛО,ТОВАРЫ ДЛЯ ДЕТЕЙ 👶🏻 / МЫЛО,24
wolt,КРАСОТА И ГИГИЕНА 🧴 / ПИЛИНГ,КРАСОТА И ГИГИЕНА 🧴 / ПИЛИНГ,24
wolt,Средства для очистки,Средства для очистки,24
wolt,"КОНДИЦИОНЕР, КАПСУЛЫ, ГЕЛИ ДЛЯ СТИРКИ 🫧 / ГЕЛИ ДЛЯ СТИРКИ","КОНДИЦИОНЕР, КАПСУЛЫ, ГЕЛИ ДЛЯ СТИРКИ 🫧 / ГЕЛИ ДЛЯ СТИРКИ",24
wolt,ВЛАЖНЫЙ КОРМ ДЛЯ СОБАК 🐕 / ДАРЛИНГ,ВЛАЖНЫЙ КОРМ ДЛЯ СОБАК 🐕 / ДАРЛИНГ,24
wolt,СБОРНЫЕ БУКЕТЫ💐,СБОРНЫЕ БУКЕТЫ💐,24
wolt,AUSTER GOSE,AUSTER GOSE,24
wolt,КОРМА ДЛЯ СОБАК 🐶 / Royal Canin,КОРМА ДЛЯ СОБАК 🐶 / Royal Canin,24
wolt,Чизкейк-печенье,Чизкейк-печенье,24
wolt,Чиллата,Чиллата,24
wolt,Экохимия и натуральный уход / Уход за волосами,Экохимия и натуральный уход / Уход за волосами,24
wolt,ВЛАЖНЫЕ КОРМА ДЛЯ СОБАК / Darsi,ВЛАЖНЫЕ КОРМА ДЛЯ СОБАК / Darsi,24
wolt,СВЕЧИ и СПИЧКИ,СВЕЧИ и СПИЧКИ,24
wolt,Свечи и т.д 🕯️,Свечи и т.д 🕯️,24
wolt,Ингаляция и Аэрозоли,Ингаляция и Аэрозоли,24
wolt,ВЛАЖНЫЕ КОРМА ДЛЯ СОБАК / Brunch ,ВЛАЖНЫЕ КОРМА ДЛЯ СОБАК / Brunch ,24
wolt,ВОДА 🧊 / ПИТЬЕВАЯ С ДОБАВКАМИ,ВОДА 🧊 / ПИТЬЕВАЯ С ДОБАВКАМИ,24
wolt,ПРЕДМЕТЫ И СРЕДСТВА ЛИЧНОЙ ГИГИЕНЫ,ПРЕДМЕТЫ И СРЕДСТВА ЛИЧНОЙ ГИГИЕНЫ,24
wolt,ПРЕБИОТИКИ ,ПРЕБИОТИКИ ,24
wolt,МУЖСКИЕ ТОВАРЫ ДЛЯ ВЗРОСЛЫХ / СТРАПОНЫ ПОЛЫЕ-ФАЛЛОПРОТЕЗЫ,МУЖСКИЕ ТОВАРЫ ДЛЯ ВЗРОСЛЫХ / СТРАПОНЫ ПОЛЫЕ-ФАЛЛОПРОТЕЗЫ,24
wolt,"ПОСУДА  / ЧАЙНИКИ, БЛЕНДЕРЫ И ТУРКИ ","ПОСУДА  / ЧАЙНИКИ, БЛЕНДЕРЫ И ТУРКИ ",24
wolt,"    Алкогольная продукция /         Напитки слабоалкогольные","    Алкогольная продукция /         Напитки слабоалкогольные",24
wolt,ВЛАЖНЫЕ КОРМА ДЛЯ КОШЕК / Дарлинг,ВЛАЖНЫЕ КОРМА ДЛЯ КОШЕК / Дарлинг,24
wolt,Bioderma / Node,Bioderma / Node,24
wolt,"    Алкогольная продукция /         Пиво","    Алкогольная продукция /         Пиво",24
wolt,ЛАКОМСТВА ДЛЯ КОШЕК / Ферма Кота Федора,ЛАКОМСТВА ДЛЯ КОШЕК / Ферма Кота Федора,24
wolt,"ЧИПСЫ, ОРЕХИ, СНЕКИ🍟 / Сет Пивной","ЧИПСЫ, ОРЕХИ, СНЕКИ🍟 / Сет Пивной",24
wolt,Лекарственные средства / Миорелаксанты,Лекарственные средства / Миорелаксанты,24
wolt,Лекарственные средства / Мочегонные препараты,Лекарственные средства / Мочегонные препараты,24
wolt,СПОРТИВНОЕ И СПЕЦИАЛЬНОЕ ПИТАНИЕ / Гематоген,СПОРТИВНОЕ И СПЕЦИАЛЬНОЕ ПИТАНИЕ / Гематоген,24
wolt,ЛАКОМСТВА ДЛЯ КОШЕК / Мнямс,ЛАКОМСТВА ДЛЯ КОШЕК / Мнямс,24
wolt,СЕКС ИГРУШКИ ДЛЯ ДВОИХ  / НАБОРЫ СЕКС-ИГРУШЕК,СЕКС ИГРУШКИ ДЛЯ ДВОИХ  / НАБОРЫ СЕКС-ИГРУШЕК,24
wolt,"13 см / 650-750 гр / Папе 🦁","13 см / 650-750 гр / Папе 🦁",24
wolt,🐶СУХОЙ КОРМ ДЛЯ СОБАК (В УПАКОВКЕ)🐶 / ACANA/ORIJEN🐕‍🦺,🐶СУХОЙ КОРМ ДЛЯ СОБАК (В УПАКОВКЕ)🐶 / ACANA/ORIJEN🐕‍🦺,24
wolt,ДЕТСКИЕ ИГРУШКИ,ДЕТСКИЕ ИГРУШКИ,24
wolt,ЗАМОРОЖЕННАЯ ПРОДУКЦИЯ 🍕 ❄️,ЗАМОРОЖЕННАЯ ПРОДУКЦИЯ 🍕 ❄️,24
wolt,СЛАДОСТИ 🍰 / ШОКОЛАД ,СЛАДОСТИ 🍰 / ШОКОЛАД ,24
wolt,Освежители,Освежители,24
wolt,"ФОЛЬГА, ПЛЕНКА, БУМАГА ДЛЯ ВЫПЕЧКИ🍪🍖","ФОЛЬГА, ПЛЕНКА, БУМАГА ДЛЯ ВЫПЕЧКИ🍪🍖",24
wolt,"17 см / 1-1.2 кг / Папе 🦁","17 см / 1-1.2 кг / Папе 🦁",24
wolt,CAROLINA HERRERA / Carolina Herrera 212 Man,CAROLINA HERRERA / Carolina Herrera 212 Man,24
wolt,ОРЕХОВЫЕ ПАСТЫ 🥜,ОРЕХОВЫЕ ПАСТЫ 🥜,24
wolt,СТРОИТЕЛЬСТВО И РЕМОНТ / ТРУБНЫЕ КЛЮЧИ,СТРОИТЕЛЬСТВО И РЕМОНТ / ТРУБНЫЕ КЛЮЧИ,24
wolt,ДЕТСКИЕ ТОВАРЫ 🧸,ДЕТСКИЕ ТОВАРЫ 🧸,24
wolt,СТРОИТЕЛЬСТВО И РЕМОНТ / ТОРЦЕВЫЕ КЛЮЧИ,СТРОИТЕЛЬСТВО И РЕМОНТ / ТОРЦЕВЫЕ КЛЮЧИ,24
wolt,ДЕТСКИЙ ТРАНСПОРТ / Толокары,ДЕТСКИЙ ТРАНСПОРТ / Толокары,24
wolt,СУХОЙ КОРМ ДЛЯ СОБАК 🐶 / Royal Canin🇫🇷,СУХОЙ КОРМ ДЛЯ СОБАК 🐶 / Royal Canin🇫🇷,24
wolt,"ЗАКУСКИ / СНЕКИ","ЗАКУСКИ / СНЕКИ",24
wolt,"МАКАРОНЫ, КРУПЫ И КАШИ 🍚 / Гречка","МАКАРОНЫ, КРУПЫ И КАШИ 🍚 / Гречка",24
wolt,СТРОИТЕЛЬСТВО И РЕМОНТ / РОЖКОВЫЕ КЛЮЧИ,СТРОИТЕЛЬСТВО И РЕМОНТ / РОЖКОВЫЕ КЛЮЧИ,24
wolt,КРУАССАНЫ СЫТНЫЕ 🥐,КРУАССАНЫ СЫТНЫЕ 🥐,24
wolt,СУХОЙ КОРМ ДЛЯ СОБАК 🐩 / ProPlan ,СУХОЙ КОРМ ДЛЯ СОБАК 🐩 / ProPlan ,24
wolt,"ФОЛЬГА, ПЕРГАМЕНТ, БУМАГА ВЫПЕЧКИ 📜","ФОЛЬГА, ПЕРГАМЕНТ, БУМАГА ВЫПЕЧКИ 📜",24
wolt,ОПЫТЫ И НАБОРЫ ДЛЯ ИССЛЕДОВАНИЙ / Опыты,ОПЫТЫ И НАБОРЫ ДЛЯ ИССЛЕДОВАНИЙ / Опыты,24
wolt,CHANEL / Chanel Chance Eau de Toilette,CHANEL / Chanel Chance Eau de Toilette,24
wolt,ОНИГИРИ,ОНИГИРИ,24
wolt,СУХОЙ КОРМ ДЛЯ КОШЕК 🐱 / Leonardo/Forza,СУХОЙ КОРМ ДЛЯ КОШЕК 🐱 / Leonardo/Forza,24
wolt,СТРОИТЕЛЬСТВО И РЕМОНТ / ПОЛИРОВОЧНЫЕ МАШИНЫ,СТРОИТЕЛЬСТВО И РЕМОНТ / ПОЛИРОВОЧНЫЕ МАШИНЫ,24
wolt,уход за волосами,уход за волосами,24
wolt,ОЛИВКОВЫЕ МАСЛА / ОЛИВКОВОЕ МАСЛО RAFAEL SALGADO,ОЛИВКОВЫЕ МАСЛА / ОЛИВКОВОЕ МАСЛО RAFAEL SALGADO,24
wolt,МЕДИЦИНСКИЕ ИЗДЕЛИЯ И МЕДТЕХНИКА💉 / Лабораторная посуда и изделия,МЕДИЦИНСКИЕ ИЗДЕЛИЯ И МЕДТЕХНИКА💉 / Лабораторная посуда и изделия,24
wolt,МАКИЯЖ💄 / Тени для век,МАКИЯЖ💄 / Тени для век,24
wolt,АНТИГЕЛЬМИНТНОЕ СРЕДСТВО,АНТИГЕЛЬМИНТНОЕ СРЕДСТВО,24
wolt,Mе - O / Сухой корм для кошки,Mе - O / Сухой корм для кошки,24
wolt,ХЛЕБ / Для бургеров и сэндвичей,ХЛЕБ / Для бургеров и сэндвичей,24
wolt,🎶 Музыка,🎶 Музыка,24
wolt,CHANEL / Chanel Platinum Egoiste,CHANEL / Chanel Platinum Egoiste,24
wolt,Антидепрессанты,Антидепрессанты,24
wolt,МАЛИНА В ШОКОЛАДЕ,МАЛИНА В ШОКОЛАДЕ,24
wolt,ТОНИКИ ДЛЯ ЛИЦА 😊,ТОНИКИ ДЛЯ ЛИЦА 😊,24
wolt,Овощи сухой заморозки,Овощи сухой заморозки,24
wolt,СТРОИТЕЛЬСТВО И РЕМОНТ / НАБОРЫ ИНСТРУМЕНТОВ,СТРОИТЕЛЬСТВО И РЕМОНТ / НАБОРЫ ИНСТРУМЕНТОВ,24
wolt,СОЛНЦЕЗАЩИТНЫЕ СРЕДСТВА 😶‍🌫️,СОЛНЦЕЗАЩИТНЫЕ СРЕДСТВА 😶‍🌫️,24
wolt,МОНОСОРТА 250гр,МОНОСОРТА 250гр,24
wolt,"13 см / 650-750 гр / Маме 💗","13 см / 650-750 гр / Маме 💗",24
wolt,GIORGIO ARMANI / Armani My Way,GIORGIO ARMANI / Armani My Way,24
wolt,СТРОИТЕЛЬСТВО И РЕМОНТ / НАБОРНЫЕ ОТВЕРТКИ,СТРОИТЕЛЬСТВО И РЕМОНТ / НАБОРНЫЕ ОТВЕРТКИ,24
wolt,СНЕКИ И ПЕРЕКУСЫ 🥜 / Для кухни,СНЕКИ И ПЕРЕКУСЫ 🥜 / Для кухни,24
wolt,GIORGIO ARMANI / Armani Acqua Di Gio Eau De Parfum,GIORGIO ARMANI / Armani Acqua Di Gio Eau De Parfum,24
wolt,АНТИЖИРЫ,АНТИЖИРЫ,24
wolt,СТРОИТЕЛЬСТВО И РЕМОНТ / ЗАРЯДНЫЕ УСТРОЙСТВА ДЛЯ АККУМУЛЯТОРОВ,СТРОИТЕЛЬСТВО И РЕМОНТ / ЗАРЯДНЫЕ УСТРОЙСТВА ДЛЯ АККУМУЛЯТОРОВ,24
wolt,Monge / Паштеты для собак,Monge / Паштеты для собак,24
wolt,БЕЗАЛКОГОЛНОЕ ПИВО,БЕЗАЛКОГОЛНОЕ ПИВО,24
wolt,КОРМА ДЛЯ КОШЕК 🐱 / Purina One (Пурина уан),КОРМА ДЛЯ КОШЕК 🐱 / Purina One (Пурина уан),24
wolt,ГИГИЕНА И БЫТОВАЯ ХИМИЯ 🧼 / Солнцезащитные средства,ГИГИЕНА И БЫТОВАЯ ХИМИЯ 🧼 / Солнцезащитные средства,24
wolt,ЗАКУСКИ 🥙 / Курт ,ЗАКУСКИ 🥙 / Курт ,24
wolt,МАСЛА 🫒,МАСЛА 🫒,24
wolt,СУХОЙ КОРМ ДЛЯ КОШЕК 🐈 / Murkel,СУХОЙ КОРМ ДЛЯ КОШЕК 🐈 / Murkel,24
wolt,ГИГИЕНА И БЫТОВАЯ ХИМИЯ 🧴 / СРЕДСТВА ДЛЯ БРИТЬЯ И ДЕПИЛЯЦИИ ,ГИГИЕНА И БЫТОВАЯ ХИМИЯ 🧴 / СРЕДСТВА ДЛЯ БРИТЬЯ И ДЕПИЛЯЦИИ ,24
wolt,КОРМА ДЛЯ КОШЕК 🐱 / Melwin (Мелвин),КОРМА ДЛЯ КОШЕК 🐱 / Melwin (Мелвин),24
wolt,МАСЛА И СОУСЫ / Масла растительные,МАСЛА И СОУСЫ / Масла растительные,24
wolt,"ТОРТЫ","ТОРТЫ",24
wolt,ФУТЛЯРЫ ДЛЯ ОЧКОВ 🕶️ / Классические твердые,ФУТЛЯРЫ ДЛЯ ОЧКОВ 🕶️ / Классические твердые,24
wolt,МЕСКАЛЬ,МЕСКАЛЬ,24
wolt,Безалкогольные вина,Безалкогольные вина,24
wolt,СУХОЙ КОРМ ДЛЯ КОШЕК (НА РАЗВЕС) 🐈 / ORIJEN🐱🥩,СУХОЙ КОРМ ДЛЯ КОШЕК (НА РАЗВЕС) 🐈 / ORIJEN🐱🥩,24
wolt,МИНИ ПИРОЖКИ ПЕСОЧНЫЕ,МИНИ ПИРОЖКИ ПЕСОЧНЫЕ,24
wolt,УХОД ЗА ГУБАМИ 💋,УХОД ЗА ГУБАМИ 💋,24
wolt,СУХОЙ КОРМ ДЛЯ КОШЕК 🐱 / ProBalance,СУХОЙ КОРМ ДЛЯ КОШЕК 🐱 / ProBalance,24
wolt,СОУСЫ / СОУСЫ KIKKOMAN,СОУСЫ / СОУСЫ KIKKOMAN,24
wolt,АППЕТИТНЫЕ СЫТНЫЕ ПИРОГИ 🥧,АППЕТИТНЫЕ СЫТНЫЕ ПИРОГИ 🥧,24
wolt,АРОМАСАШЕ ,АРОМАСАШЕ ,24
wolt,Безалкогольное вино,Безалкогольное вино,24
wolt,ЗАКУСКИ / КРАФТОВЫЕ ДЖЕРКИ ИЗ КУРИЦЫ ,ЗАКУСКИ / КРАФТОВЫЕ ДЖЕРКИ ИЗ КУРИЦЫ ,24
wolt,"ШАМПУНИ, СРЕДСТВА ПО УХОДУ","ШАМПУНИ, СРЕДСТВА ПО УХОДУ",24
wolt,СУХОЙ КОРМ ДЛЯ КОШЕК (НА РАЗВЕС) 🐈 / GREEN HOLDER 😸,СУХОЙ КОРМ ДЛЯ КОШЕК (НА РАЗВЕС) 🐈 / GREEN HOLDER 😸,24
wolt,Тушь для ресниц,Тушь для ресниц,24
wolt,СУХОЙ КОРМ ДЛЯ КОШЕК (НА РАЗВЕС) 🐈 / GREEN HOLDER 🐱❤️,СУХОЙ КОРМ ДЛЯ КОШЕК (НА РАЗВЕС) 🐈 / GREEN HOLDER 🐱❤️,24
wolt,ФРУКТЫ 🍎 / КИВИ ,ФРУКТЫ 🍎 / КИВИ ,24
wolt,Дилли / Сухой корм для собак,Дилли / Сухой корм для собак,24
wolt,СУХОЙ КОРМ ДЛЯ КОШЕК (НА РАЗВЕС) 🐈 / FORZA10😸,СУХОЙ КОРМ ДЛЯ КОШЕК (НА РАЗВЕС) 🐈 / FORZA10😸,24
wolt,СУХОЙ КОРМ ДЛЯ КОШЕК (НА РАЗВЕС) 🐈 / FORZA  10 🐱❤️,СУХОЙ КОРМ ДЛЯ КОШЕК (НА РАЗВЕС) 🐈 / FORZA  10 🐱❤️,24
wolt,"    Бытовая химия /         Мыло хозяйственное","    Бытовая химия /         Мыло хозяйственное",24
wolt,МЕТАБОЛИЧЕСКОЕ СРЕДСТВО,МЕТАБОЛИЧЕСКОЕ СРЕДСТВО,24
wolt,"10 см / 350-450 гр / Папе 🦁","10 см / 350-450 гр / Папе 🦁",24
wolt,ГИРЛЯНДА,ГИРЛЯНДА,24
wolt,НОВИНКИ❤️,НОВИНКИ❤️,24
wolt,НОВИНКИ 🔥,НОВИНКИ 🔥,24
wolt,LEONARDO / Консервы для кошки,LEONARDO / Консервы для кошки,24
wolt,Стаканчики ,Стаканчики ,24
wolt,"БЫТОВАЯ ХИМИЯ И СРЕДСТВА ГИГИЕНЫ 🫧 / БУМАЖНЫЕ ПОЛОТЕНЦА","БЫТОВАЯ ХИМИЯ И СРЕДСТВА ГИГИЕНЫ 🫧 / БУМАЖНЫЕ ПОЛОТЕНЦА",24
wolt,"17 см / 1-1.2 кг / Маме 💗","17 см / 1-1.2 кг / Маме 💗",24
wolt,СУХОЙ КОРМ ДЛЯ КОШЕК 🐱 / Whiskas🇷🇺,СУХОЙ КОРМ ДЛЯ КОШЕК 🐱 / Whiskas🇷🇺,24
wolt,БЫТОВАЯ ХИМИЯ,БЫТОВАЯ ХИМИЯ,24
wolt,Снэки ,Снэки ,24
wolt,УБОРКА ДЛЯ ДОМА 🧼 / Гели для стирки,УБОРКА ДЛЯ ДОМА 🧼 / Гели для стирки,24
wolt,БЫСТРОЕ ПРИГОТОВЛЕНИЕ 🥡 / Супы и вторые блюда,БЫСТРОЕ ПРИГОТОВЛЕНИЕ 🥡 / Супы и вторые блюда,24
wolt,УХОД И ГИГИЕНА  / Лечебные и профилактические шампуни,УХОД И ГИГИЕНА  / Лечебные и профилактические шампуни,24
wolt,"Глазные капли, лосьоны","Глазные капли, лосьоны",24
wolt,СНЭКИ / 🍪ГЛИНА ПИЩЕВАЯ,СНЭКИ / 🍪ГЛИНА ПИЩЕВАЯ,24
wolt,ФРУКТЫ 🍎 / ДРАГОН ФРУКТ,ФРУКТЫ 🍎 / ДРАГОН ФРУКТ,24
wolt,"13 см / 650-750 гр / Трендовые 🪄","13 см / 650-750 гр / Трендовые 🪄",24
wolt,НАУШНИКИ И ГАРНИТУРЫ,НАУШНИКИ И ГАРНИТУРЫ,24
wolt,СНЭКИ 🥜 / КАЛЬМАР,СНЭКИ 🥜 / КАЛЬМАР,24
wolt,БУМАЖНЫЕ ФИЛЬТРЫ,БУМАЖНЫЕ ФИЛЬТРЫ,24
wolt,Уголь,Уголь,24
wolt,БУМАГА И САЛФЕТКИ🧻,БУМАГА И САЛФЕТКИ🧻,24
wolt,АЛЬТЕРНАТИВНОЕ ЗАВАРИВАНИЕ / OREA,АЛЬТЕРНАТИВНОЕ ЗАВАРИВАНИЕ / OREA,24
wolt,СРЕДСТВА ОТ НАСЕКОМЫХ 🦟,СРЕДСТВА ОТ НАСЕКОМЫХ 🦟,24
wolt,Бады / Коллаген,Бады / Коллаген,24
wolt,Букеты из клубники🍓,Букеты из клубники🍓,24
wolt,Упаковка / Пакеты,Упаковка / Пакеты,24
wolt,"ЗАКУСКИ 🍤","ЗАКУСКИ 🍤",24
wolt,ФРУКТЫ 🍎 / АВОКАДО,ФРУКТЫ 🍎 / АВОКАДО,24
wolt,ЭЛЕКТРОТОВАРЫ / СЕТЕВЫЕ ФИЛЬТРЫ,ЭЛЕКТРОТОВАРЫ / СЕТЕВЫЕ ФИЛЬТРЫ,24
wolt,ДЛЯ ТЕЛА 🧴 / КРЕМА ДЛЯ ТЕЛА,ДЛЯ ТЕЛА 🧴 / КРЕМА ДЛЯ ТЕЛА,24
wolt,БУКЕТЫ 💐 ,БУКЕТЫ 💐 ,24
wolt,ДЛЯ ВОЛОС 🧴,ДЛЯ ВОЛОС 🧴,24
wolt,МРАМОРНАЯ ГОВЯДИНА🥩 / ВЫРЕЗКА И ОТРУБЫ НА КОСТИ,МРАМОРНАЯ ГОВЯДИНА🥩 / ВЫРЕЗКА И ОТРУБЫ НА КОСТИ,24
wolt,СРЕДСТВА ЛИЧНОЙ ГИГИЕНЫ 🧽 / Уход за волосами,СРЕДСТВА ЛИЧНОЙ ГИГИЕНЫ 🧽 / Уход за волосами,24
wolt,НАСТОЙКИ 🍶,НАСТОЙКИ 🍶,24
wolt,ЗАКУСКА,ЗАКУСКА,24
wolt,Зажигалки,Зажигалки,24
wolt,Cider,Cider,24
wolt,СУХОЙ КОРМ ДЛЯ КОШЕК (НА РАЗВЕС) 🐈 / ACANA😸,СУХОЙ КОРМ ДЛЯ КОШЕК (НА РАЗВЕС) 🐈 / ACANA😸,24
wolt,СУХОЙ КОРМ ДЛЯ КОШЕК (НА РАЗВЕС) 🐈 / ACANA🐱❤️,СУХОЙ КОРМ ДЛЯ КОШЕК (НА РАЗВЕС) 🐈 / ACANA🐱❤️,24
wolt,СНЭКИ 🥨 🍟 / Чипсы,СНЭКИ 🥨 🍟 / Чипсы,24
wolt,СРЕДСТВА ЛИЧНОЙ ГИГИЕНЫ 🧽 / Ополаскиватели Для Полости Рта,СРЕДСТВА ЛИЧНОЙ ГИГИЕНЫ 🧽 / Ополаскиватели Для Полости Рта,24
wolt,ЖИДКОЕ МЫЛО 🧴,ЖИДКОЕ МЫЛО 🧴,24
wolt,"ЖИДКИЙ ВИБРАТОР							","ЖИДКИЙ ВИБРАТОР							",24
wolt,Борьба с насекомыми и грызунами🪳🐭,Борьба с насекомыми и грызунами🪳🐭,24
wolt,НАПОЛНИТЕЛИ 🧻 / минеральный ,НАПОЛНИТЕЛИ 🧻 / минеральный ,24
wolt,НАПОЛНИТЕЛИ 🧻 / Минеральные,НАПОЛНИТЕЛИ 🧻 / Минеральные,24
wolt,ВОЗБУДИТЕЛИ МУЖСКИЕ,ВОЗБУДИТЕЛИ МУЖСКИЕ,24
wolt,ВЛАЖНЫЙ КОРМ ДЛЯ КОШЕК 🐱 / L'AMOUR😻,ВЛАЖНЫЙ КОРМ ДЛЯ КОШЕК 🐱 / L'AMOUR😻,24
wolt,ВЛАЖНЫЙ КОРМ ДЛЯ КОШЕК 🐱 / KITEKAT 😺,ВЛАЖНЫЙ КОРМ ДЛЯ КОШЕК 🐱 / KITEKAT 😺,24
wolt,ТЕСТЫ,ТЕСТЫ,24
wolt,ПРОТИВОМИКРОБНЫЕ СРЕДСТВА,ПРОТИВОМИКРОБНЫЕ СРЕДСТВА,24
wolt,ЛЕКАРСТВА И БАДЫ💊 / Лечение заболеваний ушей,ЛЕКАРСТВА И БАДЫ💊 / Лечение заболеваний ушей,24
wolt,КОРМА НА РАЗВЕС / ДЛЯ КОШЕК,КОРМА НА РАЗВЕС / ДЛЯ КОШЕК,24
wolt,"ПРОТИВОГРИБКОВЫЕ СРЕДСТВА, ГРИБОК НОГТЕЙ","ПРОТИВОГРИБКОВЫЕ СРЕДСТВА, ГРИБОК НОГТЕЙ",24
wolt,Аксессуары для макияжа,Аксессуары для макияжа,24
wolt,"Снэки(Чипсы,семечки,попкорн) / Fan","Снэки(Чипсы,семечки,попкорн) / Fan",24
wolt,ВЛАЖНЫЙ КОРМ ДЛЯ КОШЕК 🐱 / FORZA10😸,ВЛАЖНЫЙ КОРМ ДЛЯ КОШЕК 🐱 / FORZA10😸,24
wolt,КОГТЕТОЧКИ🐾 / КОГТЕТОЧКИ - УГЛОВЫЕ🐾,КОГТЕТОЧКИ🐾 / КОГТЕТОЧКИ - УГЛОВЫЕ🐾,24
wolt,НАПОЛНИТЕЛИ ДЛЯ КОШЕК🐈 / Силикагелевый,НАПОЛНИТЕЛИ ДЛЯ КОШЕК🐈 / Силикагелевый,24
wolt,ВЛАЖНЫЙ КОРМ ДЛЯ КОШЕК 🐱 / EDEL CAT😻,ВЛАЖНЫЙ КОРМ ДЛЯ КОШЕК 🐱 / EDEL CAT😻,24
wolt,ТЕКИЛА🍸,ТЕКИЛА🍸,24
kaspi_food,Ice,Ice,24
wolt,ВЛАЖНЫЙ КОРМ ДЛЯ КОШЕК 🐈‍⬛ / Chammy ,ВЛАЖНЫЙ КОРМ ДЛЯ КОШЕК 🐈‍⬛ / Chammy ,24
wolt,Клубника в стакане,Клубника в стакане,24
wolt,СУХОЙ КОРМ ДЛЯ КОШЕК (В УПАКОВКЕ) 🐈 / REFLEX🐱,СУХОЙ КОРМ ДЛЯ КОШЕК (В УПАКОВКЕ) 🐈 / REFLEX🐱,24
wolt,Дезедоранты,Дезедоранты,23
wolt,Сет на Компанию,Сет на Компанию,23
wolt,ЗДОРОВЫЙ ОБРАЗ ЖИЗНИ / Без мо­ло­ка и мя­са,ЗДОРОВЫЙ ОБРАЗ ЖИЗНИ / Без мо­ло­ка и мя­са,23
wolt,ПИРОГИ 22 СМ В ДИАМЕТРЕ,ПИРОГИ 22 СМ В ДИАМЕТРЕ,23
wolt,Лекарственные средства / Снотворные препараты,Лекарственные средства / Снотворные препараты,23
wolt,Чалды • для кофеварок / BORBONE,Чалды • для кофеварок / BORBONE,23
wolt,СУХОЙ КОРМ ДЛЯ СОБАК (В УПАКОВКЕ)🐶 / MONGE🐕‍🦺,СУХОЙ КОРМ ДЛЯ СОБАК (В УПАКОВКЕ)🐶 / MONGE🐕‍🦺,23
wolt,Рулеты,Рулеты,23
wolt,Лекарственные средства / Средства от вшей и глистов для детей,Лекарственные средства / Средства от вшей и глистов для детей,23
wolt,СУХОЙ КОРМ ДЛЯ СОБАК (В УПАКОВКЕ)🐶 / ROYAL CANIN 🐕‍🦺,СУХОЙ КОРМ ДЛЯ СОБАК (В УПАКОВКЕ)🐶 / ROYAL CANIN 🐕‍🦺,23
wolt,"ПРОТИВОВОСПАЛИТЕЛЬНЫЕ, ОБЕЗБОЛИВАЮЩИЕ МАЗИ И КРЕМА","ПРОТИВОВОСПАЛИТЕЛЬНЫЕ, ОБЕЗБОЛИВАЮЩИЕ МАЗИ И КРЕМА",23
wolt,АЛКОГОЛЬ / Соджу,АЛКОГОЛЬ / Соджу,23
wolt,Лекарственные средства / Лекарства для щитовидной железы,Лекарственные средства / Лекарства для щитовидной железы,23
wolt,СЛАДКОЕ / Пастила и мармелад,СЛАДКОЕ / Пастила и мармелад,22
wolt,Лекарственные средства / Препараты от диареи для детей,Лекарственные средства / Препараты от диареи для детей,22
wolt,СУХОЙ КОРМ ДЛЯ КОШЕК 🐈 / Gemon,СУХОЙ КОРМ ДЛЯ КОШЕК 🐈 / Gemon,22
wolt,СНЭКИ 🥜 / ЧЕЧИЛ,СНЭКИ 🥜 / ЧЕЧИЛ,22
wolt,Бады / Пробиотики,Бады / Пробиотики,22
wolt,ДЛЯ ГРЫЗУНОВ 🐇 / Другое,ДЛЯ ГРЫЗУНОВ 🐇 / Другое,22
wolt,Caffitaly • Капсулы / GIMOKA,Caffitaly • Капсулы / GIMOKA,22
wolt,СУХОЙ КОРМ ДЛЯ КОШЕК (В УПАКОВКЕ) 🐈 / ALPHAPET🐾,СУХОЙ КОРМ ДЛЯ КОШЕК (В УПАКОВКЕ) 🐈 / ALPHAPET🐾,22
wolt,СУХОЙ КОРМ ДЛЯ КОШЕК 🐱 / AlphaPet,СУХОЙ КОРМ ДЛЯ КОШЕК 🐱 / AlphaPet,21
wolt,Готовая еда / Блины и сырники,Готовая еда / Блины и сырники,21
wolt,АЛКОГОЛЬНЫЕ ТОВАРЫ🍺 / Шампанское,АЛКОГОЛЬНЫЕ ТОВАРЫ🍺 / Шампанское,21
wolt,ПРОФЕССИОНАЛЬНАЯ КОСМЕТИКА / AVENE,ПРОФЕССИОНАЛЬНАЯ КОСМЕТИКА / AVENE,21
wolt,СУХОЙ КОРМ ДЛЯ СОБАК (НА РАЗВЕС)🐶😋 / ROYAL CANIN🐶,СУХОЙ КОРМ ДЛЯ СОБАК (НА РАЗВЕС)🐶😋 / ROYAL CANIN🐶,21
wolt,Препараты для снижения холестерина (статины),Препараты для снижения холестерина (статины),21
wolt,Murkel  корм для кошек / Сухой корм для кошек ,Murkel  корм для кошек / Сухой корм для кошек ,21
wolt,"Мясо и птица / Субпродукты","Мясо и птица / Субпродукты",21
wolt,ГОРТЕНЗИИ 🌸,ГОРТЕНЗИИ 🌸,20
wolt,ВСЕ ДЛЯ ВЫПЕЧКИ / ДОБАВКИ И ПОСЫПКИ,ВСЕ ДЛЯ ВЫПЕЧКИ / ДОБАВКИ И ПОСЫПКИ,20
wolt,😺СУХОЙ КОРМ ДЛЯ КОШЕК (НА РАЗВЕС) 🐈 / CATLAND😺,😺СУХОЙ КОРМ ДЛЯ КОШЕК (НА РАЗВЕС) 🐈 / CATLAND😺,20
wolt,🐶СУХОЙ КОРМ ДЛЯ СОБАК (В УПАКОВКЕ)🐶 / FITMIN🐕‍🦺,🐶СУХОЙ КОРМ ДЛЯ СОБАК (В УПАКОВКЕ)🐶 / FITMIN🐕‍🦺,20
wolt,"АЛКОГОЛЬ (ВОДКА, ВИСКИ, ВИНО, ПИВО) / РОМ","АЛКОГОЛЬ (ВОДКА, ВИСКИ, ВИНО, ПИВО) / РОМ",20
wolt,ПОСУДА / СТОЛОВАЯ ПОСУДА,ПОСУДА / СТОЛОВАЯ ПОСУДА,20
wolt,Консервы и соленья / Консервы из птицы,Консервы и соленья / Консервы из птицы,20
wolt,"ВСЕ ДЛЯ СТИРКИ / Жидкости, гели","ВСЕ ДЛЯ СТИРКИ / Жидкости, гели",20
wolt,🐶СУХОЙ КОРМ ДЛЯ СОБАК (НА РАЗВЕС)🐶😋 / SMARTHEART🐶,🐶СУХОЙ КОРМ ДЛЯ СОБАК (НА РАЗВЕС)🐶😋 / SMARTHEART🐶,20
wolt,🐶СУХОЙ КОРМ ДЛЯ СОБАК (В УПАКОВКЕ)🐶 / ALPHAPET🐕‍🦺,🐶СУХОЙ КОРМ ДЛЯ СОБАК (В УПАКОВКЕ)🐶 / ALPHAPET🐕‍🦺,20
wolt,"ДЕТСКОЕ ПИТАНИЕ И ГИГИЕНА / Детская гигиена","ДЕТСКОЕ ПИТАНИЕ И ГИГИЕНА / Детская гигиена",20
wolt,😺СУХОЙ КОРМ ДЛЯ КОШЕК (В УПАКОВКЕ) 🐈 / GREEN HOLDER🐾,😺СУХОЙ КОРМ ДЛЯ КОШЕК (В УПАКОВКЕ) 🐈 / GREEN HOLDER🐾,20
wolt,"БЫТОВАЯ ХИМИЯ, УБОРКА / От засора и накипи","БЫТОВАЯ ХИМИЯ, УБОРКА / От засора и накипи",20
wolt,АЛКОГОЛЬНЫЕ НАПИТКИ 🥂 / Сидр,АЛКОГОЛЬНЫЕ НАПИТКИ 🥂 / Сидр,20
wolt,Gibo Тофу,Gibo Тофу,20
wolt,😺СУХОЙ КОРМ ДЛЯ КОШЕК (НА РАЗВЕС) 🐈 / OPTISAFE😺,😺СУХОЙ КОРМ ДЛЯ КОШЕК (НА РАЗВЕС) 🐈 / OPTISAFE😺,20
wolt,😺СУХОЙ КОРМ ДЛЯ КОШЕК (В УПАКОВКЕ) 🐈 / СНЕЖОК🐾,😺СУХОЙ КОРМ ДЛЯ КОШЕК (В УПАКОВКЕ) 🐈 / СНЕЖОК🐾,20
wolt,😺СУХОЙ КОРМ ДЛЯ КОШЕК (В УПАКОВКЕ) 🐈 / WHISKAS🐾,😺СУХОЙ КОРМ ДЛЯ КОШЕК (В УПАКОВКЕ) 🐈 / WHISKAS🐾,20
wolt,😺СУХОЙ КОРМ ДЛЯ КОШЕК (НА РАЗВЕС) 🐈 / GREEN HOLDER😺,😺СУХОЙ КОРМ ДЛЯ КОШЕК (НА РАЗВЕС) 🐈 / GREEN HOLDER😺,20
wolt,ВСЕ ДЛЯ ВЫПЕЧКИ / КАКАО,ВСЕ ДЛЯ ВЫПЕЧКИ / КАКАО,20
wolt,😺СУХОЙ КОРМ ДЛЯ КОШЕК (В УПАКОВКЕ) 🐈 / FARMINA VET LIFE🐾,😺СУХОЙ КОРМ ДЛЯ КОШЕК (В УПАКОВКЕ) 🐈 / FARMINA VET LIFE🐾,20
wolt,"БЫТОВАЯ ХИМИЯ, УБОРКА / Для различных поверхностей","БЫТОВАЯ ХИМИЯ, УБОРКА / Для различных поверхностей",20
wolt,УХОД ЗА ТЕЛОМ🧴 / Аксессуары,УХОД ЗА ТЕЛОМ🧴 / Аксессуары,20
wolt,МЕДИЦИНСКИЕ ИЗДЕЛИЯ И МЕДТЕХНИКА💉 / Термометры и гигрометры,МЕДИЦИНСКИЕ ИЗДЕЛИЯ И МЕДТЕХНИКА💉 / Термометры и гигрометры,20
wolt,🐶СУХОЙ КОРМ ДЛЯ СОБАК (В УПАКОВКЕ)🐶 / BELCANDO🐕‍🦺,🐶СУХОЙ КОРМ ДЛЯ СОБАК (В УПАКОВКЕ)🐶 / BELCANDO🐕‍🦺,20
wolt,Уход за телом / Гели для душа,Уход за телом / Гели для душа,20
wolt,🐶СУХОЙ КОРМ ДЛЯ СОБАК (НА РАЗВЕС)🐶😋 / MONGE🐶,🐶СУХОЙ КОРМ ДЛЯ СОБАК (НА РАЗВЕС)🐶😋 / MONGE🐶,20
wolt,😺СУХОЙ КОРМ ДЛЯ КОШЕК (В УПАКОВКЕ) 🐈 / AJO🐾,😺СУХОЙ КОРМ ДЛЯ КОШЕК (В УПАКОВКЕ) 🐈 / AJO🐾,20
wolt,😺СУХОЙ КОРМ ДЛЯ КОШЕК (В УПАКОВКЕ) 🐈 / OPTISAFE🐾,😺СУХОЙ КОРМ ДЛЯ КОШЕК (В УПАКОВКЕ) 🐈 / OPTISAFE🐾,20
wolt,ЗАМОРОЖЕННЫЕ ПРОДУКТЫ / Лёд,ЗАМОРОЖЕННЫЕ ПРОДУКТЫ / Лёд,20
wolt,КРАСОТА / Скрабы и пилинги для лица,КРАСОТА / Скрабы и пилинги для лица,20
wolt,ДЛЯ ГРЫЗУНОВ🐭 / Наполнители для грызунов ,ДЛЯ ГРЫЗУНОВ🐭 / Наполнители для грызунов ,19
wolt,АЛКОГОЛЬ / Сидр,АЛКОГОЛЬ / Сидр,19
wolt,ВЛАЖНЫЙ КОРМ ДЛЯ КОШЕК 🐈 / ProBalance,ВЛАЖНЫЙ КОРМ ДЛЯ КОШЕК 🐈 / ProBalance,19
wolt,ВОДА И НАПИТКИ / Напитки,ВОДА И НАПИТКИ / Напитки,19
wolt,Живой рак ,Живой рак ,19
wolt,УХОД ДЛЯ ЛИЦА 😊 / СРЕДСТВО ДЛЯ СНЯТИЯ МАКИЯЖА,УХОД ДЛЯ ЛИЦА 😊 / СРЕДСТВО ДЛЯ СНЯТИЯ МАКИЯЖА,18
wolt,КОРМ ДЛЯ СОБАК 🦴,КОРМ ДЛЯ СОБАК 🦴,18
wolt,КОРРЕКТОРЫ ДЛЯ МАКИЯЖА ✨,КОРРЕКТОРЫ ДЛЯ МАКИЯЖА ✨,18
wolt,КОРМА НА РАЗВЕС / AWARD,КОРМА НА РАЗВЕС / AWARD,18
wolt,"КОСМЕТИКА💄 / BB КРЕМА, КУШОНЫ","КОСМЕТИКА💄 / BB КРЕМА, КУШОНЫ",18
wolt,КОРМА ДЛЯ СОБАК 🐶 / Домашние обеды,КОРМА ДЛЯ СОБАК 🐶 / Домашние обеды,18
wolt,КОРМА ДЛЯ КОШЕК 🐱 / Дарлинг,КОРМА ДЛЯ КОШЕК 🐱 / Дарлинг,18
wolt,КОСМЕТИЧЕСКИЕ И ГИГИЕНИЧЕСКИЕ СРЕДСТВА💄 / Уход за лицом,КОСМЕТИЧЕСКИЕ И ГИГИЕНИЧЕСКИЕ СРЕДСТВА💄 / Уход за лицом,18
wolt,КОСМЕТИЧЕСКИЕ И ГИГИЕНИЧЕСКИЕ СРЕДСТВА💄 / Уход за телом,КОСМЕТИЧЕСКИЕ И ГИГИЕНИЧЕСКИЕ СРЕДСТВА💄 / Уход за телом,18
wolt,КОТЛЕТА 🍔,КОТЛЕТА 🍔,18
wolt,КРАБОВОЕ МЯСО И ПАЛОЧКИ🦀,КРАБОВОЕ МЯСО И ПАЛОЧКИ🦀,18
wolt,Красный Чай,Красный Чай,18
wolt,КРАСОТА И ГИГИЕНА 🧴 / ВЛАЖНАЯ ТУАЛЕТНАЯ БУМАГА,КРАСОТА И ГИГИЕНА 🧴 / ВЛАЖНАЯ ТУАЛЕТНАЯ БУМАГА,18
wolt,КОНСТРУКТОР / Магнитный конструктор,КОНСТРУКТОР / Магнитный конструктор,18
wolt,КУЛИЧИ,КУЛИЧИ,18
wolt,"КУРТ","КУРТ",18
wolt,ҚАЗАҚ ТІЛІНДЕГІ КІТАПТАР,ҚАЗАҚ ТІЛІНДЕГІ КІТАПТАР,18
wolt,ЛАКОМСТВА ДЛЯ КОШЕК 😻 / 4PAWS😸❤️,ЛАКОМСТВА ДЛЯ КОШЕК 😻 / 4PAWS😸❤️,18
wolt,ЛАКОМСТВА ДЛЯ КОШЕК 😻 / BEAPHAR😺,ЛАКОМСТВА ДЛЯ КОШЕК 😻 / BEAPHAR😺,18
wolt,ЛАКОМСТВА ДЛЯ КОШЕК 😻 / GIMCAT🐱,ЛАКОМСТВА ДЛЯ КОШЕК 😻 / GIMCAT🐱,18
wolt,ЛАКОМСТВА ДЛЯ КОШЕК 😻 / GREENQZIN😺,ЛАКОМСТВА ДЛЯ КОШЕК 😻 / GREENQZIN😺,18
wolt,ЛАКОМСТВА ДЛЯ СОБАК 🦴 / Зубочистки ,ЛАКОМСТВА ДЛЯ СОБАК 🦴 / Зубочистки ,18
wolt,ЛАКОМСТВА ДЛЯ СОБАК 🦴 / Лакомства ,ЛАКОМСТВА ДЛЯ СОБАК 🦴 / Лакомства ,18
wolt,ЛЕКАРСТВА И БАДЫ💊 / Для коррекции веса,ЛЕКАРСТВА И БАДЫ💊 / Для коррекции веса,18
wolt,🍓КЛУБНИКА В ШОКОЛАДЕ🍓,🍓КЛУБНИКА В ШОКОЛАДЕ🍓,18
wolt,"КЛУБНИКА В СТАКАНЕ","КЛУБНИКА В СТАКАНЕ",18
wolt,Лекарственные средства / Антикоагулянты,Лекарственные средства / Антикоагулянты,18
wolt,ЛЕКАРСТВЕННЫЕ СРЕДСТВА 💊 / ВАРИКОЗ. ГЕМОРРОЙ,ЛЕКАРСТВЕННЫЕ СРЕДСТВА 💊 / ВАРИКОЗ. ГЕМОРРОЙ,18
wolt,Капли ушные,Капли ушные,18
wolt,Лекарственные средства / Кровоостанавливающие препараты,Лекарственные средства / Кровоостанавливающие препараты,18
wolt,Лекарственные средства / Лекарства от аритмии,Лекарственные средства / Лекарства от аритмии,18
wolt,Лекарственные средства / Лекарства от вздутия,Лекарственные средства / Лекарства от вздутия,18
wolt,ИНТЕРАКТИВНЫЕ ИГРУШКИ,ИНТЕРАКТИВНЫЕ ИГРУШКИ,18
wolt,"ИМН,ИЗДЕЛИЯ ИЗ РЕЗИНЫ, ЛАТЕКСА И КЛЕЕВ","ИМН,ИЗДЕЛИЯ ИЗ РЕЗИНЫ, ЛАТЕКСА И КЛЕЕВ",18
wolt,Лекарственные средства / Препараты для лечения кисты яичника,Лекарственные средства / Препараты для лечения кисты яичника,18
wolt,Лекарственные средства / Препараты от недержания мочи,Лекарственные средства / Препараты от недержания мочи,18
wolt,Лекарственные средства / Препараты от эндометриоза,Лекарственные средства / Препараты от эндометриоза,18
wolt,Лекарственные средства / Препараты при аденоме простаты,Лекарственные средства / Препараты при аденоме простаты,18
wolt,ЗУБОЧИСТКИ 🦷,ЗУБОЧИСТКИ 🦷,18
wolt,ЗУБНЫЕ ЩЁТКИ,ЗУБНЫЕ ЩЁТКИ,18
wolt,Здоровье / Уход за глазами и контактными линзами,Здоровье / Уход за глазами и контактными линзами,18
wolt,ЛЕЧЕБНОЕ ПИТАНИЕ И ТРАВЫ 🌿,ЛЕЧЕБНОЕ ПИТАНИЕ И ТРАВЫ 🌿,18
wolt,ЛЕЧЕБНЫЕ ШАМПУНИ🐶🐱,ЛЕЧЕБНЫЕ ШАМПУНИ🐶🐱,18
wolt,ЗАРЯДНЫЕ УСТРОЙСТВА,ЗАРЯДНЫЕ УСТРОЙСТВА,18
wolt,ЛОТКИ ДЛЯ ТУАЛЕТА И АКСЕССУАРЫ,ЛОТКИ ДЛЯ ТУАЛЕТА И АКСЕССУАРЫ,18
wolt,"ЛУБРИКАНТЫ / НА ВОДНОЙ ОСНОВЕ","ЛУБРИКАНТЫ / НА ВОДНОЙ ОСНОВЕ",18
wolt,"ЛУБРИКАНТЫ - СМАЗКИ							","ЛУБРИКАНТЫ - СМАЗКИ							",18
wolt,МАКИЯЖ💄 / Румяна,МАКИЯЖ💄 / Румяна,18
wolt,МАСКИ ДЛЯ ЛИЦА 🧏🏻 / ДЛЯ РОВНОГО ТОНА И ПРОТИВ ПИГМЕНТАЦИИ,МАСКИ ДЛЯ ЛИЦА 🧏🏻 / ДЛЯ РОВНОГО ТОНА И ПРОТИВ ПИГМЕНТАЦИИ,18
wolt,"МАСЛА И СОУСЫ / Дрессинги, заправки","МАСЛА И СОУСЫ / Дрессинги, заправки",18
wolt,"МАСЛА И СОУСЫ 🌶️ / Дрессинги, заправки","МАСЛА И СОУСЫ 🌶️ / Дрессинги, заправки",18
wolt,МАСЛА🫒 / Масло авокадо,МАСЛА🫒 / Масло авокадо,18
wolt,ЗАКУСКИ / КУРИЦА ВЯЛЕНАЯ ,ЗАКУСКИ / КУРИЦА ВЯЛЕНАЯ ,18
wolt,ЗАКУСКИ / ЗАКУСКИ НЕ МЯСНЫЕ ,ЗАКУСКИ / ЗАКУСКИ НЕ МЯСНЫЕ ,18
wolt,ЗАКУСКИ / ЗАКУСКИ К ВИСКИ И КОНЬЯКУ,ЗАКУСКИ / ЗАКУСКИ К ВИСКИ И КОНЬЯКУ,18
wolt,"ЖКТ  / Язва , гастрит ","ЖКТ  / Язва , гастрит ",18
wolt,ЖЕНСКИЕ СЕКС ИГРУШКИ  / ФАЛЛОИМИТАТОРЫ НА РЕМНЯХ,ЖЕНСКИЕ СЕКС ИГРУШКИ  / ФАЛЛОИМИТАТОРЫ НА РЕМНЯХ,18
wolt,ЖЕЛЧЕГОННОЕ,ЖЕЛЧЕГОННОЕ,18
wolt,"МАСЛО, СЫР, ЯЙЦА 🧀🥚 / Твердые и выдержанные сыры","МАСЛО, СЫР, ЯЙЦА 🧀🥚 / Твердые и выдержанные сыры",18
wolt,"МАССАЖЕР-СТИМУЛЯТОР","МАССАЖЕР-СТИМУЛЯТОР",18
wolt,ДРОНЫ,ДРОНЫ,18
wolt,МАТЬ И ДИТЯ,МАТЬ И ДИТЯ,18
wolt,МАШИНКИ ДЛЯ СТРИЖКИ,МАШИНКИ ДЛЯ СТРИЖКИ,18
wolt,МЕДИЦИНСКАЯ ТЕХНИКА,МЕДИЦИНСКАЯ ТЕХНИКА,18
wolt,ДОМИКИ С ФИГУРКАМИ,ДОМИКИ С ФИГУРКАМИ,18
wolt,Медовуха ,Медовуха ,18
wolt,Мерч,Мерч,18
wolt,Микролоты (250гр),Микролоты (250гр),18
wolt,МИНИ - ДЕСЕРТЫ,МИНИ - ДЕСЕРТЫ,18
wolt,МИНИ ПАНКЕЙКИ🥞,МИНИ ПАНКЕЙКИ🥞,18
wolt,"ДНЯ НЕГО / ПОМПЫ","ДНЯ НЕГО / ПОМПЫ",18
wolt,ДНЯ НЕГО / МУЖСКИЕ ФЕРОМОНЫ,ДНЯ НЕГО / МУЖСКИЕ ФЕРОМОНЫ,18
wolt,ДЛЯ ТРУБ ОТ ЗАСОРОВ ,ДЛЯ ТРУБ ОТ ЗАСОРОВ ,18
wolt,"    Молочная продукция, сыр, яйцо /         Яйцо","    Молочная продукция, сыр, яйцо /         Яйцо",18
wolt,МОЛОЧНЫЕ КОКТЕЙЛИ🥛,МОЛОЧНЫЕ КОКТЕЙЛИ🥛,18
wolt, ДЛЯ ПОПУГАЕВ 🦜 / Другое, ДЛЯ ПОПУГАЕВ 🦜 / Другое,18
wolt,ДЛЯ НЕЕ / ТРЕНАЖЕРЫ ДЛЯ МЫШЦ ВЛАГАЛИЩА,ДЛЯ НЕЕ / ТРЕНАЖЕРЫ ДЛЯ МЫШЦ ВЛАГАЛИЩА,18
wolt,ДЛЯ МАТЕРИ И РЕБЕНКА🍼 / Для беременных и кормящих мам,ДЛЯ МАТЕРИ И РЕБЕНКА🍼 / Для беременных и кормящих мам,18
wolt,ДЛЯ МАМЫ И РЕБЕНКА 👩🏻‍🍼 / ТУАЛЕТНАЯ БУМАГА,ДЛЯ МАМЫ И РЕБЕНКА 👩🏻‍🍼 / ТУАЛЕТНАЯ БУМАГА,18
wolt,Для детей / Другие детские товары,Для детей / Другие детские товары,18
wolt,"МОРЕПРОДУКТЫ 🍤  / МОРСКОЙ КОКТЕЙЛЬ","МОРЕПРОДУКТЫ 🍤  / МОРСКОЙ КОКТЕЙЛЬ",18
wolt,"Морские водросли , Нори, Ким  / Нори сэндвич","Морские водросли , Нори, Ким  / Нори сэндвич",18
wolt,"Морские водросли , Нори, Ким  / Резанные листы","Морские водросли , Нори, Ким  / Резанные листы",18
wolt,МРАМОРНАЯ ГОВЯДИНА🥩 / СУБПРОДУКТЫ,МРАМОРНАЯ ГОВЯДИНА🥩 / СУБПРОДУКТЫ,18
wolt,Для Влюбленных / Для самых любимых,Для Влюбленных / Для самых любимых,18
wolt,"МУЖСКИЕ БАДЫ / ВОЗБУЖДАЮЩЕЕ СРЕДСТВО","МУЖСКИЕ БАДЫ / ВОЗБУЖДАЮЩЕЕ СРЕДСТВО",18
wolt,"МУЖСКИЕ ИГРУШКИ / МАСТУРБАТОР","МУЖСКИЕ ИГРУШКИ / МАСТУРБАТОР",18
wolt,МУЗЫКАЛЬНЫЕ ИНСТРУМЕНТЫ,МУЗЫКАЛЬНЫЕ ИНСТРУМЕНТЫ,18
wolt,МЫЛО🧼 / ЖИДКОЕ,МЫЛО🧼 / ЖИДКОЕ,18
wolt,Диетические продукты / Продукты без глютена,Диетические продукты / Продукты без глютена,18
wolt,НАБОР ТАРТАЛЕТОК 🥧,НАБОР ТАРТАЛЕТОК 🥧,18
wolt,НАБОРЫ ИГРУШЕК / Наборы посуды,НАБОРЫ ИГРУШЕК / Наборы посуды,18
wolt,Детское питание и уход / Уход за детским бельем и посудой,Детское питание и уход / Уход за детским бельем и посудой,18
wolt,НАПИТКИ 🧋,НАПИТКИ 🧋,18
wolt,ДЕТСКИЕ ТОВАРЫ /  ВЛАЖНЫЕ САЛФЕТКИ,ДЕТСКИЕ ТОВАРЫ /  ВЛАЖНЫЕ САЛФЕТКИ,18
wolt,ДЕТСКАЯ ГИГИЕНА 👼,ДЕТСКАЯ ГИГИЕНА 👼,18
wolt,ДЕКОРАТИВНАЯ КОСМЕТИКА💄 / ДЛЯ ГЛАЗ 👁️,ДЕКОРАТИВНАЯ КОСМЕТИКА💄 / ДЛЯ ГЛАЗ 👁️,18
wolt,НАПИТКИ / ЧАЙ,НАПИТКИ / ЧАЙ,18
wolt,"Дезодаранты, антиперспирант от пота","Дезодаранты, антиперспирант от пота",18
wolt,ДВУХЪЯРУСНЫЕ БЕНТО,ДВУХЪЯРУСНЫЕ БЕНТО,18
wolt,НАПОЛНИТЕЛИ ДЛЯ КОШАЧЬЕГО ТУАЛЕТА (В УПАКОВКЕ) / FURRY😻,НАПОЛНИТЕЛИ ДЛЯ КОШАЧЬЕГО ТУАЛЕТА (В УПАКОВКЕ) / FURRY😻,18
wolt,НАПОЛНИТЕЛИ ДЛЯ КОШАЧЬЕГО ТУАЛЕТА (В УПАКОВКЕ) / SEVI🧻,НАПОЛНИТЕЛИ ДЛЯ КОШАЧЬЕГО ТУАЛЕТА (В УПАКОВКЕ) / SEVI🧻,18
wolt,Давление,Давление,18
wolt,ГРЕНКИ,ГРЕНКИ,18
wolt,ГОРЧИЦА,ГОРЧИЦА,18
wolt,ГКС+АНТИБИОТИК-АМИНОГЛИКОЗИД,ГКС+АНТИБИОТИК-АМИНОГЛИКОЗИД,18
wolt,ОВОЩИ / ОГУРЕЦ,ОВОЩИ / ОГУРЕЦ,18
wolt,Огонёк🔥 // Оғонёк 🔥,Огонёк🔥 // Оғонёк 🔥,18
wolt,ОДНОРАЗОВАЯ ПОСУДА 🍴,ОДНОРАЗОВАЯ ПОСУДА 🍴,18
wolt,ОЛИВКОВЫЕ МАСЛА / ОЛИВКОВЫЕ МАСЛА CRETAN MILL,ОЛИВКОВЫЕ МАСЛА / ОЛИВКОВЫЕ МАСЛА CRETAN MILL,18
wolt,ОПЫТЫ И НАБОРЫ ДЛЯ ИССЛЕДОВАНИЙ / Наборы для исследований,ОПЫТЫ И НАБОРЫ ДЛЯ ИССЛЕДОВАНИЙ / Наборы для исследований,18
wolt,ОРУЖИЕ / Наборы оружия,ОРУЖИЕ / Наборы оружия,18
wolt,ГИГИЕНА И БЫТОВАЯ ХИМИЯ 🧴 / ДЛЯ ПОВЕРХНОСТЕЙ,ГИГИЕНА И БЫТОВАЯ ХИМИЯ 🧴 / ДЛЯ ПОВЕРХНОСТЕЙ,18
wolt,ОСЕНЬ,ОСЕНЬ,18
wolt,Охлаждающие изделия / Охлаждающие коврики,Охлаждающие изделия / Охлаждающие коврики,18
wolt,ГИГИЕНА И БЫТОВАЯ ХИМИЯ 🧼 / Детская гигиена,ГИГИЕНА И БЫТОВАЯ ХИМИЯ 🧼 / Детская гигиена,18
wolt,ПАЗЛЫ / 120 элементов,ПАЗЛЫ / 120 элементов,18
wolt,ПАКЕТЫ 📦 / ПИЩЕВАЯ ПЛЕНКА,ПАКЕТЫ 📦 / ПИЩЕВАЯ ПЛЕНКА,18
wolt,ПАНИНИ🥪,ПАНИНИ🥪,18
wolt,ПАНКЕЙКИ🥞,ПАНКЕЙКИ🥞,18
wolt,ПАРОГЕНЕРАТОРЫ,ПАРОГЕНЕРАТОРЫ,18
wolt,ГЕСТАГЕН,ГЕСТАГЕН,18
wolt,ПЕЛЕНКИ ДЛЯ ЖИВОТНЫХ,ПЕЛЕНКИ ДЛЯ ЖИВОТНЫХ,18
wolt,ПЕНЫ ДЛЯ ВАННЫ,ПЕНЫ ДЛЯ ВАННЫ,18
wolt,ПЕРЕСАДКА И УХОД,ПЕРЕСАДКА И УХОД,18
wolt,"ПЕРЧАТКИ							","ПЕРЧАТКИ							",18
wolt,ПЕРЧАТКИ 🧤,ПЕРЧАТКИ 🧤,18
wolt,ГЕЙМИНГ АКСЕССУАРЫ,ГЕЙМИНГ АКСЕССУАРЫ,18
wolt,"ВЫПЕЧКА","ВЫПЕЧКА",18
wolt,ВЫГОДНЫЕ СЕТЫ🎁,ВЫГОДНЫЕ СЕТЫ🎁,18
wolt,ВСЕ ДЛЯ СТИРКИ / СТИРАЛЬНЫЕ ПАРОШКИ И КАПСУЛЫ,ВСЕ ДЛЯ СТИРКИ / СТИРАЛЬНЫЕ ПАРОШКИ И КАПСУЛЫ,18
wolt,ПИРОЖКИ ,ПИРОЖКИ ,18
wolt,Пицца ,Пицца ,18
wolt,ПИЦЦА 🍕,ПИЦЦА 🍕,18
wolt,Подарочные наборы / Корзины,Подарочные наборы / Корзины,18
wolt,ПОДГУЗНИКИ ДЕТСКИЕ / ПОДГУЗНИКИ ДЕТСКИЕ,ПОДГУЗНИКИ ДЕТСКИЕ / ПОДГУЗНИКИ ДЕТСКИЕ,18
wolt,ПОДГУЗНИКИ ДЛЯ ВЗРОСЛЫХ,ПОДГУЗНИКИ ДЛЯ ВЗРОСЛЫХ,18
wolt,Все для дома,Все для дома,18
wolt,ВСЕ ДЛЯ ГРЫЗУНОВ / Гигиена,ВСЕ ДЛЯ ГРЫЗУНОВ / Гигиена,18
wolt,ПОЛУФАБРИКАТЫ 🥟 / Манты и хинкали,ПОЛУФАБРИКАТЫ 🥟 / Манты и хинкали,18
wolt,"ПОЛУФАБРИКАТЫ 🥟 / ПЕЛЬМЕНИ, ГЕДЗА, ДИМСАМЫ","ПОЛУФАБРИКАТЫ 🥟 / ПЕЛЬМЕНИ, ГЕДЗА, ДИМСАМЫ",18
wolt,ПОНЧИКИ,ПОНЧИКИ,18
wolt,Водоросли,Водоросли,18
wolt,ПОЧКИ и МОЧЕВЫДЕЛИТЕЛЬНАЯ СИСТЕМА,ПОЧКИ и МОЧЕВЫДЕЛИТЕЛЬНАЯ СИСТЕМА,18
wolt,ВОДА И НАПИТКИ / Концентраты и лёд,ВОДА И НАПИТКИ / Концентраты и лёд,18
wolt,ВОДА🥤 / Вода минеральная с газом,ВОДА🥤 / Вода минеральная с газом,18
wolt,"ПРЕЗИРВАТИВЫ / С УСИКАМИ","ПРЕЗИРВАТИВЫ / С УСИКАМИ",18
wolt,ПРЕМИАЛЬНЫЕ БУКЕТЫ,ПРЕМИАЛЬНЫЕ БУКЕТЫ,18
wolt,Премиум наборы,Премиум наборы,18
wolt,ВЛАЖНЫЙ КОРМ ДЛЯ СОБАК🐶 / Monge/Gemon ,ВЛАЖНЫЙ КОРМ ДЛЯ СОБАК🐶 / Monge/Gemon ,18
wolt,Препараты для суставов / Препараты для суставов,Препараты для суставов / Препараты для суставов,18
wolt,ВЛАЖНЫЙ КОРМ ДЛЯ СОБАК 🐕 / Brit,ВЛАЖНЫЙ КОРМ ДЛЯ СОБАК 🐕 / Brit,18
wolt,ПРИБОРЫ 🍽,ПРИБОРЫ 🍽,18
wolt,ПРИКОЛЬНЫЕ ШТУЧКИ,ПРИКОЛЬНЫЕ ШТУЧКИ,18
wolt,ПРИМЕЧАНИЕ ‼️,ПРИМЕЧАНИЕ ‼️,18
wolt,ВЛАЖНЫЙ КОРМ ДЛЯ КОШЕК 🐈 / Мираторг🇷🇺,ВЛАЖНЫЙ КОРМ ДЛЯ КОШЕК 🐈 / Мираторг🇷🇺,18
wolt,Протеин,Протеин,18
wolt,ПРОТИВОВОСПАЛ. СР-ВО ДЛЯ МЕСТНОГО ПРИМ,ПРОТИВОВОСПАЛ. СР-ВО ДЛЯ МЕСТНОГО ПРИМ,18
wolt,ВЛАЖНЫЙ КОРМ ДЛЯ КОШЕК 🐈 / Monge,ВЛАЖНЫЙ КОРМ ДЛЯ КОШЕК 🐈 / Monge,18
wolt,ПРОФЕССИОНАЛЬНАЯ КОСМЕТИКА / Other,ПРОФЕССИОНАЛЬНАЯ КОСМЕТИКА / Other,18
wolt,Профитроли,Профитроли,18
wolt,Профитроли🥮,Профитроли🥮,18
wolt,ВЛАЖНЫЙ КОРМ ДЛЯ КОШЕК 🐈‍⬛ / Banditos,ВЛАЖНЫЙ КОРМ ДЛЯ КОШЕК 🐈‍⬛ / Banditos,18
wolt,ВЛАЖНЫЕ КОРМА ДЛЯ СОБАК / Дарлинг,ВЛАЖНЫЕ КОРМА ДЛЯ СОБАК / Дарлинг,18
wolt,САБЛЕ,САБЛЕ,18
wolt,ВЛАЖНЫЕ КОРМА ДЛЯ СОБАК / ProBalance,ВЛАЖНЫЕ КОРМА ДЛЯ СОБАК / ProBalance,18
wolt,ВЛАЖНЫЕ КОРМА ДЛЯ СОБАК / BLITZ,ВЛАЖНЫЕ КОРМА ДЛЯ СОБАК / BLITZ,18
wolt,ВЛАЖНЫЕ КОРМА ДЛЯ КОШЕК / Hit Stick,ВЛАЖНЫЕ КОРМА ДЛЯ КОШЕК / Hit Stick,18
wolt,ВЛАЖНЫЕ КОРМА 🫘 / ДАРЛИНГ,ВЛАЖНЫЕ КОРМА 🫘 / ДАРЛИНГ,18
wolt,Селафорт антипоразитарные капли / собаки,Селафорт антипоразитарные капли / собаки,18
wolt,СЕРДЦЕ💝,СЕРДЦЕ💝,18
wolt,СИБИРСКАЯ КЛЕТЧАТКА И ОТРУБИ.,СИБИРСКАЯ КЛЕТЧАТКА И ОТРУБИ.,18
wolt,СИДР  🍺,СИДР  🍺,18
wolt,Скидки,Скидки,18
wolt,ВИТАМИН,ВИТАМИН,18
wolt,СЛАДКОЕ КОМБО,СЛАДКОЕ КОМБО,18
wolt,СЛАДОСТИ🍭,СЛАДОСТИ🍭,18
wolt,ВЕТАПТЕКА / СРЕДСТВА ДЛЯ МОЧЕВЫВОДИТЕЛЬНОЙ СИСТЕМЫ,ВЕТАПТЕКА / СРЕДСТВА ДЛЯ МОЧЕВЫВОДИТЕЛЬНОЙ СИСТЕМЫ,18
wolt,ВЕТАПТЕКА / ПРОТИВОГРИБКОВЫЕ МАЗИ/СПРЕИ,ВЕТАПТЕКА / ПРОТИВОГРИБКОВЫЕ МАЗИ/СПРЕИ,18
wolt,ВЕСЫ НАПОЛЬНЫЕ,ВЕСЫ НАПОЛЬНЫЕ,18
wolt,"ВЕРМУТ","ВЕРМУТ",18
wolt,Венотонизирующие внутреннее,Венотонизирующие внутреннее,18
wolt,"    Бытовая химия /         Средства для стен и полов","    Бытовая химия /         Средства для стен и полов",18
wolt,"БЫТОВАЯ ХИМИЯ И СРЕДСТВА ГИГИЕНЫ 🫧 / ПАКЕТЫ ДЛЯ МУСОРА","БЫТОВАЯ ХИМИЯ И СРЕДСТВА ГИГИЕНЫ 🫧 / ПАКЕТЫ ДЛЯ МУСОРА",18
wolt,БЫТОВАЯ ХИМИЯ И СРЕДСТВА ГИГИЕНЫ 🫧 / ОСВЕЖИТЕЛЬ ДЛЯ ДОМА,БЫТОВАЯ ХИМИЯ И СРЕДСТВА ГИГИЕНЫ 🫧 / ОСВЕЖИТЕЛЬ ДЛЯ ДОМА,18
wolt,СНЭКИ / СЕМЕЧКИ,СНЭКИ / СЕМЕЧКИ,18
wolt,"СНЭКИ, СЭНДВИЧИ, ЧИПСЫ, ПОПКОРН / МОРСКАЯ КАПУСТА ","СНЭКИ, СЭНДВИЧИ, ЧИПСЫ, ПОПКОРН / МОРСКАЯ КАПУСТА ",18
wolt,БРИКЕТЫ,БРИКЕТЫ,18
wolt,БОУЛЫ 🥑,БОУЛЫ 🥑,18
wolt,БОУЛЫ,БОУЛЫ,18
wolt,"Снэки(Чипсы,семечки,попкорн) / CHEETOS","Снэки(Чипсы,семечки,попкорн) / CHEETOS",18
wolt,БОКСЫ 💝,БОКСЫ 💝,18
wolt,БОКС РАМАДАН,БОКС РАМАДАН,18
wolt,СОДЖУ 🧊,СОДЖУ 🧊,18
wolt,БИСКВИТЫ И КРУАССАНЫ🥐,БИСКВИТЫ И КРУАССАНЫ🥐,18
wolt,Бенто тортики / Люблю,Бенто тортики / Люблю,18
wolt,СПЕЦИАЛЬНОЕ ПРЕДЛОЖЕНИЕ / БОКАЛЫ,СПЕЦИАЛЬНОЕ ПРЕДЛОЖЕНИЕ / БОКАЛЫ,18
wolt,Бенто торт 🎂,Бенто торт 🎂,18
wolt,СПОРТИВНОЕ И СПЕЦИАЛЬНОЕ ПИТАНИЕ / Спортивные добавки,СПОРТИВНОЕ И СПЕЦИАЛЬНОЕ ПИТАНИЕ / Спортивные добавки,18
wolt,Бельгия / Бельгия,Бельгия / Бельгия,18
wolt,БЕЛЫЕ ВИНА / ЧИЛИ,БЕЛЫЕ ВИНА / ЧИЛИ,18
wolt,БЕЛЫЕ ВИНА / НОВАЯ ЗЕЛАНДИЯ,БЕЛЫЕ ВИНА / НОВАЯ ЗЕЛАНДИЯ,18
wolt,БЕЗ САХАРА,БЕЗ САХАРА,18
wolt,Без сахара,Без сахара,18
wolt,БЕЗЕ 🍭,БЕЗЕ 🍭,18
wolt,БЕЗ ГЛЮТЕНА🌾,БЕЗ ГЛЮТЕНА🌾,18
wolt,СРЕДСТВА ГИГИЕНЫ / ПРОКЛАДКИ,СРЕДСТВА ГИГИЕНЫ / ПРОКЛАДКИ,18
wolt,"БДСМ / КЛЯПЫ","БДСМ / КЛЯПЫ",18
wolt,БАМБЛ КОФЕ🧉,БАМБЛ КОФЕ🧉,18
wolt,"БАКАЛЕЯ 🍝 / СУХОЕ МОЛОКО И СЛИВКИ","БАКАЛЕЯ 🍝 / СУХОЕ МОЛОКО И СЛИВКИ",18
wolt,"БАКАЛЕЯ  / КРАБОВЫЕ КОНСЕРВЫ","БАКАЛЕЯ  / КРАБОВЫЕ КОНСЕРВЫ",18
wolt,СРЕДСТВА ЛИЧНОЙ ГИГИЕНЫ 🧽 / Гели для мужчин,СРЕДСТВА ЛИЧНОЙ ГИГИЕНЫ 🧽 / Гели для мужчин,18
wolt,БАКАЛЕЯ🍝,БАКАЛЕЯ🍝,18
wolt,СТОМАТОЛОГИЧЕСКИЕ СРЕДСТВА,СТОМАТОЛОГИЧЕСКИЕ СРЕДСТВА,18
wolt,СТРОИТЕЛЬСТВО И РЕМОНТ / ГРАВЕРЫ,СТРОИТЕЛЬСТВО И РЕМОНТ / ГРАВЕРЫ,18
wolt,СТРОИТЕЛЬСТВО И РЕМОНТ / ДРЕЛИ БЕЗУДАРНЫЕ,СТРОИТЕЛЬСТВО И РЕМОНТ / ДРЕЛИ БЕЗУДАРНЫЕ,18
wolt,СУБЛИМАТЫ,СУБЛИМАТЫ,18
wolt,СУМКИ 👜,СУМКИ 👜,18
wolt,СУХИЕ КОРМА ДЛЯ КОШЕК / AlphaPet,СУХИЕ КОРМА ДЛЯ КОШЕК / AlphaPet,18
wolt,СУХИЕ КОРМА ДЛЯ КОШЕК / KITEKAT,СУХИЕ КОРМА ДЛЯ КОШЕК / KITEKAT,18
wolt,СУХИЕ КОРМА ДЛЯ КОШЕК / Perfect Fit ,СУХИЕ КОРМА ДЛЯ КОШЕК / Perfect Fit ,18
wolt,СУХИЕ КОРМА ДЛЯ КОШЕК (ВЕСОВЫЕ) / AlphaPet Superpremium,СУХИЕ КОРМА ДЛЯ КОШЕК (ВЕСОВЫЕ) / AlphaPet Superpremium,18
wolt,СУХИЕ КОРМА ДЛЯ КОШЕК (ВЕСОВЫЕ) / AlphaPet WOW,СУХИЕ КОРМА ДЛЯ КОШЕК (ВЕСОВЫЕ) / AlphaPet WOW,18
wolt,СУХИЕ КОРМА ДЛЯ СОБАК (ВЕСОВЫЕ) / FITMIN Purity Grain Free,СУХИЕ КОРМА ДЛЯ СОБАК (ВЕСОВЫЕ) / FITMIN Purity Grain Free,18
wolt,АЛЬТЕРНАТИВЫ ПАКЕТАМ 👜 / ШОПЕРЫ И АВОСЬКИ,АЛЬТЕРНАТИВЫ ПАКЕТАМ 👜 / ШОПЕРЫ И АВОСЬКИ,18
wolt,СУХОЙ КОРМ ДЛЯ КОШЕК 🐱 / Apro🇹🇭,СУХОЙ КОРМ ДЛЯ КОШЕК 🐱 / Apro🇹🇭,18
wolt,СУХОЙ КОРМ ДЛЯ КОШЕК 🐈 / Leonardo ,СУХОЙ КОРМ ДЛЯ КОШЕК 🐈 / Leonardo ,18
wolt,АЛЬТЕРНАТИВЫ ПАКЕТАМ 👜 / МНОГОРАЗОВЫЕ МЕШОЧКИ ,АЛЬТЕРНАТИВЫ ПАКЕТАМ 👜 / МНОГОРАЗОВЫЕ МЕШОЧКИ ,18
wolt,СУХОЙ КОРМ ДЛЯ КОШЕК 🐱 / Purina Felix/Darling,СУХОЙ КОРМ ДЛЯ КОШЕК 🐱 / Purina Felix/Darling,18
wolt,СУХОЙ КОРМ ДЛЯ КОШЕК 🐱 / Whiskas/Kitekat/PerfectFit,СУХОЙ КОРМ ДЛЯ КОШЕК 🐱 / Whiskas/Kitekat/PerfectFit,18
wolt,СУХОЙ КОРМ ДЛЯ КОШЕК (В УПАКОВКЕ) 🐈 / MONGE BWILD😸😋,СУХОЙ КОРМ ДЛЯ КОШЕК (В УПАКОВКЕ) 🐈 / MONGE BWILD😸😋,18
wolt,Алкоголь / СОДЖУ,Алкоголь / СОДЖУ,18
wolt,СУХОЙ КОРМ ДЛЯ СОБАК 🐩 / Monge,СУХОЙ КОРМ ДЛЯ СОБАК 🐩 / Monge,18
wolt,СУХОЙ КОРМ ДЛЯ СОБАК 🐶 / Probalance🇷🇺,СУХОЙ КОРМ ДЛЯ СОБАК 🐶 / Probalance🇷🇺,18
wolt,СУХОЙ КОРМ ДЛЯ СОБАК 🐶 / Smart Heart🇹🇭,СУХОЙ КОРМ ДЛЯ СОБАК 🐶 / Smart Heart🇹🇭,18
wolt,"АЛКОГОЛЬНЫЕ НАПИТКИ / РОМ","АЛКОГОЛЬНЫЕ НАПИТКИ / РОМ",18
wolt,СУХОЙ КОРМ ДЛЯ СОБАК 🐩 / Другое,СУХОЙ КОРМ ДЛЯ СОБАК 🐩 / Другое,18
wolt,СУШИ,СУШИ,18
wolt,СЫРНИКИ,СЫРНИКИ,18
wolt,Алкогольные напитки / Коктели,Алкогольные напитки / Коктели,18
wolt,"    Алкогольная продукция /         Водка","    Алкогольная продукция /         Водка",18
wolt,Алкоголь / Коктейли,Алкоголь / Коктейли,18
wolt,"АЛКОГОЛЬ🍷 / Бальзамы, настойки, наливки","АЛКОГОЛЬ🍷 / Бальзамы, настойки, наливки",18
wolt,ТВОРОГ И СМЕТАНА 🍶 / Сметана,ТВОРОГ И СМЕТАНА 🍶 / Сметана,18
wolt,ТВОРЧЕСТВО  / Кинетический песок,ТВОРЧЕСТВО  / Кинетический песок,18
wolt,Аксессуары для птиц ,Аксессуары для птиц ,18
wolt,Тест-полоски и Глюкометр,Тест-полоски и Глюкометр,18
wolt,Аксессуары Hani  ✨,Аксессуары Hani  ✨,18
wolt,АЙС МАТЧА 🍵,АЙС МАТЧА 🍵,18
wolt,АДАПТЕРЫ🔌,АДАПТЕРЫ🔌,18
wolt,АВТОТОВАРЫ 🚗 / Трансмиссионное масло ,АВТОТОВАРЫ 🚗 / Трансмиссионное масло ,18
wolt,Товары для дома / Все для ванны,Товары для дома / Все для ванны,18
wolt,АВТОРСКИЕ СЛАДКИЕ ТРДЕЛЬНИКИ🥐,АВТОРСКИЕ СЛАДКИЕ ТРДЕЛЬНИКИ🥐,18
wolt,"    Товары для дома /         Одноразовая посуда","    Товары для дома /         Одноразовая посуда",18
wolt,АБСЕНТ,АБСЕНТ,18
wolt,ТОВАРЫ ДЛЯ ДОМА / Средства для деликатных поверхностей,ТОВАРЫ ДЛЯ ДОМА / Средства для деликатных поверхностей,18
wolt,Sous-Vide Slow-Cook,Sous-Vide Slow-Cook,18
wolt,Reflex / Сухой корм для кошек,Reflex / Сухой корм для кошек,18
wolt,QAZAQSALT etno stores ✍🏻 / ШОПЕРЫ И СУМКИ,QAZAQSALT etno stores ✍🏻 / ШОПЕРЫ И СУМКИ,18
wolt,QAZAQSALT etno stores ✍🏻 / ХОЛСТЫ,QAZAQSALT etno stores ✍🏻 / ХОЛСТЫ,18
wolt,"ТОВАРЫ ДЛЯ ЖИВОТНЫХ 🐾 / Наполнители","ТОВАРЫ ДЛЯ ЖИВОТНЫХ 🐾 / Наполнители",18
wolt,ТОВАРЫ ДЛЯ КУХНИ 🏡 / Ёмкости,ТОВАРЫ ДЛЯ КУХНИ 🏡 / Ёмкости,18
wolt,ТОВАРЫ ДЛЯ КУХНИ 🏡 / Кофеварки,ТОВАРЫ ДЛЯ КУХНИ 🏡 / Кофеварки,18
wolt,ТОВАРЫ ДЛЯ КУХНИ 🏡 / Миски,ТОВАРЫ ДЛЯ КУХНИ 🏡 / Миски,18
wolt,ТОВАРЫ ДЛЯ КУХНИ 🏡 / Термосы,ТОВАРЫ ДЛЯ КУХНИ 🏡 / Термосы,18
wolt,ТОВАРЫ ДЛЯ МАЛЫШЕЙ / Коврики,ТОВАРЫ ДЛЯ МАЛЫШЕЙ / Коврики,18
wolt,Mе - O / Лакомство для кошек,Mе - O / Лакомство для кошек,18
wolt,ТОМАТНЫЕ СОУСЫ / ОРГАНИЧЕСКИЕ СОУСЫ ДЛЯ ПАСТЫ,ТОМАТНЫЕ СОУСЫ / ОРГАНИЧЕСКИЕ СОУСЫ ДЛЯ ПАСТЫ,18
wolt,ТОНИК 🥤,ТОНИК 🥤,18
wolt,Monge / Сухой корм собака,Monge / Сухой корм собака,18
wolt,ТОППЕРЫ,ТОППЕРЫ,18
wolt,Monge / BWild влажный корм ,Monge / BWild влажный корм ,18
wolt,🍓MIX BOX🍌,🍓MIX BOX🍌,18
wolt,ТРАЙФЛЫ🍫,ТРАЙФЛЫ🍫,18
wolt,ТРАЙФЛЫ / Трайфлы,ТРАЙФЛЫ / Трайфлы,18
wolt,Тренажер Кегеля для женщин,Тренажер Кегеля для женщин,18
wolt,"Little One для грызунов / Сено,опилки","Little One для грызунов / Сено,опилки",18
wolt,LEONARDO / Сухой корм для кошки,LEONARDO / Сухой корм для кошки,18
wolt,УБОРКА ДЛЯ ДОМА 🧼 / Губки,УБОРКА ДЛЯ ДОМА 🧼 / Губки,18
wolt,УХОД ДЛЯ ДОМА 🏠,УХОД ДЛЯ ДОМА 🏠,18
wolt,УХОД ДЛЯ МУЖЧИН👨🏼‍🦱,УХОД ДЛЯ МУЖЧИН👨🏼‍🦱,18
wolt,"Gourmet, Гурмэ / Влажный корм для кошек","Gourmet, Гурмэ / Влажный корм для кошек",18
wolt,Forza10  / Сухой корм для собак,Forza10  / Сухой корм для собак,18
wolt,УХОД ЗА ВОЛОСАМИ💇🏻‍♀️ / Пилинги и скрабы,УХОД ЗА ВОЛОСАМИ💇🏻‍♀️ / Пилинги и скрабы,18
wolt,УХОД ЗА КОЖЕЙ ЛИЦА🧖‍♀️ / МАСКИ,УХОД ЗА КОЖЕЙ ЛИЦА🧖‍♀️ / МАСКИ,18
wolt,УХОД ЗА ЛИЦОМ💆🏻‍♀️ / Уход за губами,УХОД ЗА ЛИЦОМ💆🏻‍♀️ / Уход за губами,18
wolt,УХОД ЗА ОБУВЬЮ 👞,УХОД ЗА ОБУВЬЮ 👞,18
wolt,УХОД ЗА СОБАКАМИ И КОШКАМИ 🐈🐕 / Другое ,УХОД ЗА СОБАКАМИ И КОШКАМИ 🐈🐕 / Другое ,18
wolt,УХОД ЗА СОБАКАМИ И КОШКАМИ 🐈🐕 / Миски 🍲,УХОД ЗА СОБАКАМИ И КОШКАМИ 🐈🐕 / Миски 🍲,18
wolt,CКИДКИ / ВИНО,CКИДКИ / ВИНО,18
wolt,УХОД ЗА ТЕЛОМ🧴 / Мисты,УХОД ЗА ТЕЛОМ🧴 / Мисты,18
wolt,ФАСТ-ФУД 🍔 ,ФАСТ-ФУД 🍔 ,18
wolt,    Фермерские продукты,    Фермерские продукты,18
wolt,Фильтры / Melitta,Фильтры / Melitta,18
wolt,"ФРУКТЫ, ЯГОДЫ / Экзотика","ФРУКТЫ, ЯГОДЫ / Экзотика",18
wolt,ХВАТАИ ВЫГОДУ,ХВАТАИ ВЫГОДУ,18
wolt,ХЛЕБ ,ХЛЕБ ,18
wolt,Callina Blance,Callina Blance,18
wolt,Хозяйственные средства,Хозяйственные средства,18
wolt,Хозяйственные товары / Батарейки,Хозяйственные товары / Батарейки,18
wolt,ЦВЕТОЧНЫЕ КОМПОЗИЦИИ 💐,ЦВЕТОЧНЫЕ КОМПОЗИЦИИ 💐,18
wolt,Bioderma / ABCDerm,Bioderma / ABCDerm,18
wolt,Belcando🐶,Belcando🐶,18
wolt,"ЧАЧА, ГРАППА,САМОГОН","ЧАЧА, ГРАППА,САМОГОН",18
wolt,ЧЕХЛЫ ДЛЯ ТЕЛЕФОНА 📱,ЧЕХЛЫ ДЛЯ ТЕЛЕФОНА 📱,18
wolt,Aro / Влажный корм,Aro / Влажный корм,18
wolt,AROY D 🥫,AROY D 🥫,18
wolt,Apro / Сухой корм для кошек,Apro / Сухой корм для кошек,18
wolt,ЧИСТЯЩИЕ СРЕДСТВА 🧽 / Зубная паста,ЧИСТЯЩИЕ СРЕДСТВА 🧽 / Зубная паста,18
wolt,ЭКЛЕРЫ🥐,ЭКЛЕРЫ🥐,18
wolt,Экохимия и натуральный уход / Гигиенические женские прокладки,Экохимия и натуральный уход / Гигиенические женские прокладки,18
wolt,"14 февраля / набор  эскимо с оформлением","14 февраля / набор  эскимо с оформлением",18
wolt,"14 февраля / Бенто тортик с оформлением","14 февраля / Бенто тортик с оформлением",18
wolt,"Конфеты и сладости / Восточные сладости","Конфеты и сладости / Восточные сладости",17
wolt, Lavazza Blue • Капсулы / COVIM, Lavazza Blue • Капсулы / COVIM,17
wolt,Dolce Gusto • Капсулы / CAFFE VERGNANO,Dolce Gusto • Капсулы / CAFFE VERGNANO,17
wolt,Dolce Gusto • Капсулы / VERGNANO,Dolce Gusto • Капсулы / VERGNANO,17
wolt,НАПИТКИ🥤 / КВАС,НАПИТКИ🥤 / КВАС,17
wolt,Электроника / Компьютеры и аксессуары,Электроника / Компьютеры и аксессуары,17
wolt,Лекарственные средства / Препараты для костей,Лекарственные средства / Препараты для костей,16
wolt,Dolce Gusto • Капсулы / PAGLIERO,Dolce Gusto • Капсулы / PAGLIERO,16
wolt,КОРМА ДЛЯ КОШЕК 🐱 / Cat Chow (Кэт чау),КОРМА ДЛЯ КОШЕК 🐱 / Cat Chow (Кэт чау),16
wolt, ПАКЕТЫ, ПАКЕТЫ,16
wolt,СЭНДВИЧИ  И ПЕРЕКУС / Сэндвичи,СЭНДВИЧИ  И ПЕРЕКУС / Сэндвичи,16
wolt,"Рыба и морепродукты / Соленая и копченая рыба","Рыба и морепродукты / Соленая и копченая рыба",16
wolt,Спешл,Спешл,16
wolt,СНЕКИ-КУРТ 🍤 ,СНЕКИ-КУРТ 🍤 ,16
wolt,ОДНОРАЗОВАЯ ПОСУДА,ОДНОРАЗОВАЯ ПОСУДА,16
wolt,Attila Элит / Сухой корм для обак,Attila Элит / Сухой корм для обак,16
wolt,АМУНИЦИЯ 🪢 / Ошейники ,АМУНИЦИЯ 🪢 / Ошейники ,16
wolt,"СНЭКИ, СЭНДВИЧИ, ЧИПСЫ, ПОПКОРН / СЭНДВИЧИ","СНЭКИ, СЭНДВИЧИ, ЧИПСЫ, ПОПКОРН / СЭНДВИЧИ",16
wolt,СУХОЙ КОРМ ДЛЯ КОШЕК (В УПАКОВКЕ) 🐈 / ACANA/ORIJEN🐾,СУХОЙ КОРМ ДЛЯ КОШЕК (В УПАКОВКЕ) 🐈 / ACANA/ORIJEN🐾,16
wolt,ПИРОГИ НЕ СЛАДКИЕ 🥧,ПИРОГИ НЕ СЛАДКИЕ 🥧,16
wolt,АМУНИЦИЯ 🪢 / Поводки ,АМУНИЦИЯ 🪢 / Поводки ,16
wolt,СЛАДОСТИ 🍰 / ПЕЧЕНЬЕ,СЛАДОСТИ 🍰 / ПЕЧЕНЬЕ,16
wolt,"МЕДИЦИНСКИЕ ИЗДЕЛИЯ И МЕДТЕХНИКА💉 / Аптечки, таблетницы, контейнера для лекарств","МЕДИЦИНСКИЕ ИЗДЕЛИЯ И МЕДТЕХНИКА💉 / Аптечки, таблетницы, контейнера для лекарств",16
wolt,😺СУХОЙ КОРМ ДЛЯ КОШЕК (В УПАКОВКЕ) 🐈 / CAT CHOW🐾,😺СУХОЙ КОРМ ДЛЯ КОШЕК (В УПАКОВКЕ) 🐈 / CAT CHOW🐾,15
wolt,😺СУХОЙ КОРМ ДЛЯ КОШЕК (В УПАКОВКЕ) 🐈 / EMINENT 🐾,😺СУХОЙ КОРМ ДЛЯ КОШЕК (В УПАКОВКЕ) 🐈 / EMINENT 🐾,15
wolt,🐶СУХОЙ КОРМ ДЛЯ СОБАК (В УПАКОВКЕ)🐶 / УШАСТЫЙ ПИЛОТ🐕‍🦺,🐶СУХОЙ КОРМ ДЛЯ СОБАК (В УПАКОВКЕ)🐶 / УШАСТЫЙ ПИЛОТ🐕‍🦺,15
wolt,🐶СУХОЙ КОРМ ДЛЯ СОБАК (В УПАКОВКЕ)🐶 / SMARTHEART🐕‍🦺,🐶СУХОЙ КОРМ ДЛЯ СОБАК (В УПАКОВКЕ)🐶 / SMARTHEART🐕‍🦺,15
wolt,🐶СУХОЙ КОРМ ДЛЯ СОБАК (В УПАКОВКЕ)🐶 / PEDIGREE🐕‍🦺,🐶СУХОЙ КОРМ ДЛЯ СОБАК (В УПАКОВКЕ)🐶 / PEDIGREE🐕‍🦺,15
wolt,🐶СУХОЙ КОРМ ДЛЯ СОБАК (В УПАКОВКЕ)🐶 / EMINENT🐕‍🦺,🐶СУХОЙ КОРМ ДЛЯ СОБАК (В УПАКОВКЕ)🐶 / EMINENT🐕‍🦺,15
wolt,😺СУХОЙ КОРМ ДЛЯ КОШЕК (В УПАКОВКЕ) 🐈 / CATLAND🐾,😺СУХОЙ КОРМ ДЛЯ КОШЕК (В УПАКОВКЕ) 🐈 / CATLAND🐾,15
wolt,Лекарственные средства / Прокинетики,Лекарственные средства / Прокинетики,15
wolt,Зоотовары / Наполнители для туалета,Зоотовары / Наполнители для туалета,15
wolt,Масла растительные / Масла смесовые/ масла с добавками/ спреи,Масла растительные / Масла смесовые/ масла с добавками/ спреи,15
wolt,"МАСЛО, СЫР, ЯЙЦА / Чечил","МАСЛО, СЫР, ЯЙЦА / Чечил",15
wolt,😺СУХОЙ КОРМ ДЛЯ КОШЕК (В УПАКОВКЕ) 🐈 / MURKEL🐾,😺СУХОЙ КОРМ ДЛЯ КОШЕК (В УПАКОВКЕ) 🐈 / MURKEL🐾,15
wolt,ВСЕ ДЛЯ ВЫПЕЧКИ / РАЗРЫХЛИТЕЛЬ,ВСЕ ДЛЯ ВЫПЕЧКИ / РАЗРЫХЛИТЕЛЬ,15
wolt,ВСЕ ДЛЯ ВЫПЕЧКИ / ЛИМОННАЯ КИСЛОТА,ВСЕ ДЛЯ ВЫПЕЧКИ / ЛИМОННАЯ КИСЛОТА,15
wolt,Товары для детей / Товары для детей,Товары для детей / Товары для детей,15
wolt,РАКИ ВАРЕНЫЕ 🦞,РАКИ ВАРЕНЫЕ 🦞,15
wolt,ТАБАЧНАЯ ПРОДУКЦИЯ / Esse,ТАБАЧНАЯ ПРОДУКЦИЯ / Esse,15
wolt,СУХОЙ КОРМ ДЛЯ СОБАК (НА РАЗВЕС)🐶😋 / PRO PLAN🐶,СУХОЙ КОРМ ДЛЯ СОБАК (НА РАЗВЕС)🐶😋 / PRO PLAN🐶,14
wolt,GimCat Vitamin🐱,GimCat Vitamin🐱,14
wolt,ГОТОВАЯ КОРЕЙСКАЯ ЕДА / КИМПАБЫ,ГОТОВАЯ КОРЕЙСКАЯ ЕДА / КИМПАБЫ,14
wolt," Lavazza Blue • Капсулы / COVIM"," Lavazza Blue • Капсулы / COVIM",14
wolt,ВЛАЖНЫЙ КОРМ ДЛЯ СОБАК🐶 / Probalance,ВЛАЖНЫЙ КОРМ ДЛЯ СОБАК🐶 / Probalance,14
wolt,СРЕДСТВА ДЛЯ УМЫВАНИЯ 👩🏼,СРЕДСТВА ДЛЯ УМЫВАНИЯ 👩🏼,14
wolt,"Автоматические машины / CECOTEC","Автоматические машины / CECOTEC",14
kaspi_food,First meal,First meal,14
wolt,СУХОЙ КОРМ ДЛЯ СОБАК (НА РАЗВЕС)🐶😋 / FORZA 10🐶,СУХОЙ КОРМ ДЛЯ СОБАК (НА РАЗВЕС)🐶😋 / FORZA 10🐶,14
wolt,😺СУХОЙ КОРМ ДЛЯ КОШЕК (В УПАКОВКЕ) 🐈 / MELWIN🐾,😺СУХОЙ КОРМ ДЛЯ КОШЕК (В УПАКОВКЕ) 🐈 / MELWIN🐾,13
wolt,СНЕКИ / Нори,СНЕКИ / Нори,13
wolt,ЛЕКАРСТВА И БАДЫ💊 / От укачивания и храпа,ЛЕКАРСТВА И БАДЫ💊 / От укачивания и храпа,13
wolt,СУХОЙ КОРМ ДЛЯ СОБАК (НА РАЗВЕС)🐶😋 / FITMIN🐶,СУХОЙ КОРМ ДЛЯ СОБАК (НА РАЗВЕС)🐶😋 / FITMIN🐶,13
wolt,СУХОЙ КОРМ ДЛЯ КОШЕК 🐈 / Fitmin,СУХОЙ КОРМ ДЛЯ КОШЕК 🐈 / Fitmin,13
wolt,"СНЭКИ, СЭНДВИЧИ, ЧИПСЫ, ПОПКОРН / СЭНДВИЧИ / ДОНЕРЫ / СУШИ","СНЭКИ, СЭНДВИЧИ, ЧИПСЫ, ПОПКОРН / СЭНДВИЧИ / ДОНЕРЫ / СУШИ",13
wolt,ФРУКТЫ 🍎 / ПОМЕЛО ,ФРУКТЫ 🍎 / ПОМЕЛО ,12
wolt,СУХОЙ КОРМ ДЛЯ КОШЕК (В УПАКОВКЕ) 🐈 / FARMINA 🐾,СУХОЙ КОРМ ДЛЯ КОШЕК (В УПАКОВКЕ) 🐈 / FARMINA 🐾,12
wolt,БАНТИКИ🎀,БАНТИКИ🎀,12
wolt,"Барс спрей,капли от блох / Капли от блох","Барс спрей,капли от блох / Капли от блох",12
wolt,"Барс спрей,капли от блох / Спрей ","Барс спрей,капли от блох / Спрей ",12
wolt,АЛЬСТРОМЕРИЯ 🌺,АЛЬСТРОМЕРИЯ 🌺,12
wolt,СРЕДСТВА ГИГИЕНЫ / ТУАЛЕТНАЯ БУМАГА,СРЕДСТВА ГИГИЕНЫ / ТУАЛЕТНАЯ БУМАГА,12
wolt,БЕЗАЛКОГОЛЬНОЕ ВИНО💚,БЕЗАЛКОГОЛЬНОЕ ВИНО💚,12
wolt,СРЕДСТВА ГИГИЕНЫ 🧴 / Женская гигиена,СРЕДСТВА ГИГИЕНЫ 🧴 / Женская гигиена,12
wolt,БЕЗАЛКОГОЛЬНЫЕ НАПИТКИ 🧃 / Вода,БЕЗАЛКОГОЛЬНЫЕ НАПИТКИ 🧃 / Вода,12
wolt,СУХОЙ КОРМ ДЛЯ КОШЕК (В УПАКОВКЕ) 🐈 / MURKEL 🐱,СУХОЙ КОРМ ДЛЯ КОШЕК (В УПАКОВКЕ) 🐈 / MURKEL 🐱,12
wolt,СПЕЦИАЛЬНЫЕ ПРЕДЛОЖЕНИЯ,СПЕЦИАЛЬНЫЕ ПРЕДЛОЖЕНИЯ,12
wolt,Бенто тортики / Бенто L 1000гр.,Бенто тортики / Бенто L 1000гр.,12
wolt,СОЛНЦЕЗАЩИТНЫЕ СРЕДСТВА☀️,СОЛНЦЕЗАЩИТНЫЕ СРЕДСТВА☀️,12
wolt,Бинакар капли от блох / собаки,Бинакар капли от блох / собаки,12
wolt,СУХОЙ КОРМ ДЛЯ КОШЕК (В УПАКОВКЕ) 🐈 / ДЕРЕВЕНСКИЕ ЛАКОМСТВА 🐱❤️,СУХОЙ КОРМ ДЛЯ КОШЕК (В УПАКОВКЕ) 🐈 / ДЕРЕВЕНСКИЕ ЛАКОМСТВА 🐱❤️,12
wolt,БОКСЫ С ЗЕРКАЛОМ/ОТКРЫТКОЙ 🎁,БОКСЫ С ЗЕРКАЛОМ/ОТКРЫТКОЙ 🎁,12
wolt,Бравекто,Бравекто,12
wolt,АЛКОГОЛЬ / Ром,АЛКОГОЛЬ / Ром,12
wolt,БРОНХОДИЛАТИРУЮЩЕЕ,БРОНХОДИЛАТИРУЮЩЕЕ,12
wolt,"Букеты ""ButterFly"" / ""Бабочки""","Букеты ""ButterFly"" / ""Бабочки""",12
wolt,АЛКОГОЛЬНЫЕ ТОВАРЫ🍺 / Текила,АЛКОГОЛЬНЫЕ ТОВАРЫ🍺 / Текила,12
wolt,БЫСТРОЕ ПРИГОТОВЛЕНИЯ 🥢 / СУПЫ И ВТОРЫЕ БЛЮДА ,БЫСТРОЕ ПРИГОТОВЛЕНИЯ 🥢 / СУПЫ И ВТОРЫЕ БЛЮДА ,12
wolt,АЛКОГОЛЬНЫЕ ТОВАРЫ🍺 / Мартини,АЛКОГОЛЬНЫЕ ТОВАРЫ🍺 / Мартини,12
wolt,БЫТОВАЯ ХИМИЯ / Моющие средства,БЫТОВАЯ ХИМИЯ / Моющие средства,12
wolt,СНЕКИ / Хлебцы и слайсы,СНЕКИ / Хлебцы и слайсы,12
wolt,БЫТОВАЯ ХИМИЯ 🧽 / ОСВЕЖИТЕЛИ,БЫТОВАЯ ХИМИЯ 🧽 / ОСВЕЖИТЕЛИ,12
wolt,"БЫТОВАЯ ХИМИЯ / ПЕРГАМЕНТ, РУКАВ, ФОЛЬГА","БЫТОВАЯ ХИМИЯ / ПЕРГАМЕНТ, РУКАВ, ФОЛЬГА",12
wolt,"    Бытовая химия /         Средства для посудомоечных машин","    Бытовая химия /         Средства для посудомоечных машин",12
wolt,АЛКОГОЛЬНЫЕ ТОВАРЫ🍺 / Джин,АЛКОГОЛЬНЫЕ ТОВАРЫ🍺 / Джин,12
wolt,СУХОЙ КОРМ ДЛЯ КОШЕК (НА РАЗВЕС) 🐈 / MURKEL 🐱❤️,СУХОЙ КОРМ ДЛЯ КОШЕК (НА РАЗВЕС) 🐈 / MURKEL 🐱❤️,12
wolt,СУХОЙ КОРМ ДЛЯ КОШЕК (НА РАЗВЕС) 🐈 / MURKEL😸,СУХОЙ КОРМ ДЛЯ КОШЕК (НА РАЗВЕС) 🐈 / MURKEL😸,12
wolt,СНЕКИ НА РАЗВЕС🥜,СНЕКИ НА РАЗВЕС🥜,12
wolt,СУХОЙ КОРМ ДЛЯ КОШЕК (НА РАЗВЕС) 🐈 / OPTISAFE,СУХОЙ КОРМ ДЛЯ КОШЕК (НА РАЗВЕС) 🐈 / OPTISAFE,12
wolt,"    Снеки /         Кукурузные палочки","    Снеки /         Кукурузные палочки",12
wolt,СНЕКИ И ПЕРЕКУСЫ 🥜 / Рахат лукум,СНЕКИ И ПЕРЕКУСЫ 🥜 / Рахат лукум,12
wolt,СУХОЙ КОРМ ДЛЯ КОШЕК (НА РАЗВЕС) 🐈 / REFLEX😋,СУХОЙ КОРМ ДЛЯ КОШЕК (НА РАЗВЕС) 🐈 / REFLEX😋,12
wolt,СНЕКИ И ПЕРЕКУСЫ 🥜 / Для поверхностей,СНЕКИ И ПЕРЕКУСЫ 🥜 / Для поверхностей,12
wolt,СУХОЙ КОРМ ДЛЯ КОШЕК (НА РАЗВЕС) 🐈 / SIRIUS😺,СУХОЙ КОРМ ДЛЯ КОШЕК (НА РАЗВЕС) 🐈 / SIRIUS😺,12
wolt,СУХОЙ КОРМ ДЛЯ КОШЕК (НА РАЗВЕС) 🐈 / TRENDLINE😺,СУХОЙ КОРМ ДЛЯ КОШЕК (НА РАЗВЕС) 🐈 / TRENDLINE😺,12
wolt,СМУЗИ 🍌,СМУЗИ 🍌,12
wolt,СУХОЙ КОРМ ДЛЯ КОШЕК 🐈 / Феликс,СУХОЙ КОРМ ДЛЯ КОШЕК 🐈 / Феликс,12
wolt,СМАРТ ЧАСЫ,СМАРТ ЧАСЫ,12
wolt,СУХОЙ КОРМ ДЛЯ СОБАК 🐩 / Brit Premium ,СУХОЙ КОРМ ДЛЯ СОБАК 🐩 / Brit Premium ,12
wolt,"ВАРИКОЗ, УСТАЛОСТЬ НОГ","ВАРИКОЗ, УСТАЛОСТЬ НОГ",12
wolt,ВЕРМУТ 🍸,ВЕРМУТ 🍸,12
wolt,ВЕТЕРИНАРНЫЕ ПРЕПАРАТЫ 💊 / Добавки для собак ,ВЕТЕРИНАРНЫЕ ПРЕПАРАТЫ 💊 / Добавки для собак ,12
wolt,"СЛАДОСТИ","СЛАДОСТИ",12
wolt,ВЕТЕРИНАРНЫЕ ПРЕПАРАТЫ 💊 / Ошейники от блох,ВЕТЕРИНАРНЫЕ ПРЕПАРАТЫ 💊 / Ошейники от блох,12
wolt,СЛАДКИЕ ПИРОГИ,СЛАДКИЕ ПИРОГИ,12
wolt,Сладкая картошка,Сладкая картошка,12
wolt,СУХОЙ КОРМ ДЛЯ СОБАК 🐩 / Дилли,СУХОЙ КОРМ ДЛЯ СОБАК 🐩 / Дилли,12
wolt,СУХОЙ КОРМ ДЛЯ СОБАК (НА РАЗВЕС)🐶😋 / ACANA🐶,СУХОЙ КОРМ ДЛЯ СОБАК (НА РАЗВЕС)🐶😋 / ACANA🐶,12
wolt,ВЗЯТЬ С СОБОЙ / МНОГОРАЗОВЕ СТАКАНЧИКИ,ВЗЯТЬ С СОБОЙ / МНОГОРАЗОВЕ СТАКАНЧИКИ,12
wolt,ВЗЯТЬ С СОБОЙ /   МНОГОРАЗОВЕ СТОЛОВЫЕ ПРИБОРЫ,ВЗЯТЬ С СОБОЙ /   МНОГОРАЗОВЕ СТОЛОВЫЕ ПРИБОРЫ,12
wolt,СКОВОРОДЫ,СКОВОРОДЫ,12
wolt,Виски и Бурбон,Виски и Бурбон,12
wolt,СУХОЙ КОРМ ДЛЯ СОБАК (НА РАЗВЕС)🐶😋 / ORIJEN🐶,СУХОЙ КОРМ ДЛЯ СОБАК (НА РАЗВЕС)🐶😋 / ORIJEN🐶,12
wolt,ВИСКИ / ИРЛАНДИЯ,ВИСКИ / ИРЛАНДИЯ,12
wolt,"Витамины, бады","Витамины, бады",12
wolt,СИРОПЫ И ДЖЕМЫ ,СИРОПЫ И ДЖЕМЫ ,12
wolt,СИДР🍷,СИДР🍷,12
wolt,Витамины для беременных и кормящих,Витамины для беременных и кормящих,12
wolt,Витамины для зрения,Витамины для зрения,12
wolt,СЫВОРОТКИ 💊 / ДЛЯ УПРУГОСТИ И ПРОТИВ РАСТЯЖЕК,СЫВОРОТКИ 💊 / ДЛЯ УПРУГОСТИ И ПРОТИВ РАСТЯЖЕК,12
wolt,"АЛКОГОЛЬНЫЕ НАПИТКИ / Ликер","АЛКОГОЛЬНЫЕ НАПИТКИ / Ликер",12
wolt,СЕТЫ ДЛЯ УХОДА 🎀,СЕТЫ ДЛЯ УХОДА 🎀,12
wolt,СЕТЫ ⚡️,СЕТЫ ⚡️,12
wolt,СЕТЕВЫЕ ФИЛЬТРЫ🛜,СЕТЕВЫЕ ФИЛЬТРЫ🛜,12
wolt,КРЕМА / Крем для ног,КРЕМА / Крем для ног,12
wolt,СЕТ 🎂,СЕТ 🎂,12
wolt,"АЛКОГОЛЬНЫЕ НАПИТКИ 🥃 / ДЖИН ТОНИК ","АЛКОГОЛЬНЫЕ НАПИТКИ 🥃 / ДЖИН ТОНИК ",12
wolt,СЕРДЦЕ ❤️,СЕРДЦЕ ❤️,12
wolt,СЕРВЕРЫ🫖,СЕРВЕРЫ🫖,12
wolt,СЕМЕНА.,СЕМЕНА.,12
wolt,СЕМЕНА 🌱,СЕМЕНА 🌱,12
wolt,ВИТАМИНЫ КОРЕЙСКИЕ💊,ВИТАМИНЫ КОРЕЙСКИЕ💊,12
wolt,СЕКСУАЛЬНЫЕ ПОДАРКИ / Водонепроницаемые сумки,СЕКСУАЛЬНЫЕ ПОДАРКИ / Водонепроницаемые сумки,12
wolt,ВЛАЖНЫЕ КОРМА 🫘 / PURINA ONE,ВЛАЖНЫЕ КОРМА 🫘 / PURINA ONE,12
wolt,АЛКОГОЛЬНЫЕ НАПИТКИ 🥂 / ВЕРМУТ🍷,АЛКОГОЛЬНЫЕ НАПИТКИ 🥂 / ВЕРМУТ🍷,12
wolt,СЕКС ИГРУШКИ ДЛЯ ДВОИХ  / АНАЛЬНЫЕ ПРОБКИ С ХВОСТИКОМ,СЕКС ИГРУШКИ ДЛЯ ДВОИХ  / АНАЛЬНЫЕ ПРОБКИ С ХВОСТИКОМ,12
wolt,СЕКАТОРЫ ✂️,СЕКАТОРЫ ✂️,12
wolt,СЕДАТИВНОЕ СРЕДСТВО,СЕДАТИВНОЕ СРЕДСТВО,12
wolt,ТАБАЧНАЯ ПРОДУКЦИЯ / Neo,ТАБАЧНАЯ ПРОДУКЦИЯ / Neo,12
wolt,"    Алкогольная продукция /         Коньяк, Бренди","    Алкогольная продукция /         Коньяк, Бренди",12
wolt,КРЕМА ДЛЯ ЛИЦА 😍,КРЕМА ДЛЯ ЛИЦА 😍,12
wolt,"    Алкогольная продукция /         Виски, Скотч, Ром","    Алкогольная продукция /         Виски, Скотч, Ром",12
wolt,СВЕЧИ И ДИФФУЗОРЫ / АВТОПАРФЮМ,СВЕЧИ И ДИФФУЗОРЫ / АВТОПАРФЮМ,12
wolt,ВЛАЖНЫЕ КОРМА ДЛЯ СОБАК / INABA,ВЛАЖНЫЕ КОРМА ДЛЯ СОБАК / INABA,12
wolt,АЛКОГОЛЬ / Ликёр,АЛКОГОЛЬ / Ликёр,12
wolt,КОРМА НА РАЗВЕС / FORZA10,КОРМА НА РАЗВЕС / FORZA10,12
wolt,САМСА слоеная,САМСА слоеная,12
wolt,РЯЖЕНКА,РЯЖЕНКА,12
wolt,Рыбий жир  / Кормовая добавка,Рыбий жир  / Кормовая добавка,12
wolt,"    Рыба, морепродукты, икра /         Копчёная рыба","    Рыба, морепродукты, икра /         Копчёная рыба",12
wolt,ЭКО-ДЕКОР ДЛЯ ДОМАШНЕГО УЮТА 🏡 / ВАЗОЧКИ И КАШПО,ЭКО-ДЕКОР ДЛЯ ДОМАШНЕГО УЮТА 🏡 / ВАЗОЧКИ И КАШПО,12
wolt,АКЦИИ и 🎁🎁🎁,АКЦИИ и 🎁🎁🎁,12
wolt,ВЛАЖНЫЕ КОРМА ДЛЯ СОБАК / ПРОХВОСТ,ВЛАЖНЫЕ КОРМА ДЛЯ СОБАК / ПРОХВОСТ,12
wolt,ТВОРЧЕСТВО  / Наборы для выпиливания,ТВОРЧЕСТВО  / Наборы для выпиливания,12
wolt,ВЛАЖНЫЕ КОРМА ДЛЯ СОБАК / РОДНЫЕ КОРМА,ВЛАЖНЫЕ КОРМА ДЛЯ СОБАК / РОДНЫЕ КОРМА,12
wolt,АКТИВНЫЕ ИГРЫ,АКТИВНЫЕ ИГРЫ,12
wolt,Раствор,Раствор,12
wolt,ТЕКИЛА🥃,ТЕКИЛА🥃,12
wolt,Аксессуары / Раствор,Аксессуары / Раствор,12
wolt,ВЛАЖНЫЙ КОРМ ДЛЯ КОШЕК 🐈‍⬛ / Dr.Clauder`s,ВЛАЖНЫЙ КОРМ ДЛЯ КОШЕК 🐈‍⬛ / Dr.Clauder`s,12
wolt,ПТИФУРЫ🍮,ПТИФУРЫ🍮,12
wolt,Теплые ПП Пироги,Теплые ПП Пироги,12
wolt,АКСЕССУАРЫ ДЛЯ ВАННОЙ КОМНАТЫ / НАТУРАЛЬНЫЕ МАТЕРИАЛЫ 🌱,АКСЕССУАРЫ ДЛЯ ВАННОЙ КОМНАТЫ / НАТУРАЛЬНЫЕ МАТЕРИАЛЫ 🌱,12
wolt,ВЛАЖНЫЙ КОРМ ДЛЯ КОШЕК 🐈 / Leonardo,ВЛАЖНЫЙ КОРМ ДЛЯ КОШЕК 🐈 / Leonardo,12
wolt,ПРОТИВОКОНГЕСТИВНОЕ,ПРОТИВОКОНГЕСТИВНОЕ,12
wolt,ТОВАР ИЗ ПЕРЕРАБОТАННОГО ПЛАСТИКА / ДЕКОР,ТОВАР ИЗ ПЕРЕРАБОТАННОГО ПЛАСТИКА / ДЕКОР,12
wolt,АКСЕССУАРЫ 💎,АКСЕССУАРЫ 💎,12
wolt,"Простуда,насморк,боль в горле / жаропонижающие суппазитории","Простуда,насморк,боль в горле / жаропонижающие суппазитории",12
wolt,ПРИ ПРОСТАТЕ,ПРИ ПРОСТАТЕ,12
wolt,ПРИПРАВЫ 🌶 / ПАНИРОВОЧНАЯ МУКА И КРАХМАЛ,ПРИПРАВЫ 🌶 / ПАНИРОВОЧНАЯ МУКА И КРАХМАЛ,12
wolt,ЭКО-КАНЦЕЛЯРИЯ И КНИГИ 📒,ЭКО-КАНЦЕЛЯРИЯ И КНИГИ 📒,12
wolt,ВЛАЖНЫЙ КОРМ ДЛЯ СОБАК 🐕 / BLITZ,ВЛАЖНЫЙ КОРМ ДЛЯ СОБАК 🐕 / BLITZ,12
wolt,ТОВАРЫ ДЛЯ ДЕТЕЙ 👶🏻 / ДЕТСКИЙ ШАМПУНЬ,ТОВАРЫ ДЛЯ ДЕТЕЙ 👶🏻 / ДЕТСКИЙ ШАМПУНЬ,12
wolt,ТОВАРЫ ДЛЯ ДЕТЕЙ 👶🏻 / ЗУБНАЯ ПАСТА,ТОВАРЫ ДЛЯ ДЕТЕЙ 👶🏻 / ЗУБНАЯ ПАСТА,12
wolt,ВЛАЖНЫЙ КОРМ ДЛЯ СОБАК 🐕 / PRO PLAN,ВЛАЖНЫЙ КОРМ ДЛЯ СОБАК 🐕 / PRO PLAN,12
wolt,ТОВАРЫ ДЛЯ ДЕТЕЙ 👶🏻 / ПОДГУЗНИКИ,ТОВАРЫ ДЛЯ ДЕТЕЙ 👶🏻 / ПОДГУЗНИКИ,12
wolt,"ПРЕЗИРВАТИВЫ / ПОЛИУРИТНОВЫЕ","ПРЕЗИРВАТИВЫ / ПОЛИУРИТНОВЫЕ",12
wolt,ЭКО КУХНЯ 🍴 / МНОГОРАЗОВЫЕ САЛФЕТКИ,ЭКО КУХНЯ 🍴 / МНОГОРАЗОВЫЕ САЛФЕТКИ,12
wolt,ВЛАЖНЫЙ КОРМ ДЛЯ СОБАК🐶 / Натуральная формула,ВЛАЖНЫЙ КОРМ ДЛЯ СОБАК🐶 / Натуральная формула,12
wolt,ПРЕЗЕРВАТИВЫ / СВЕТЯЩИЕСЯ,ПРЕЗЕРВАТИВЫ / СВЕТЯЩИЕСЯ,12
wolt,ПРЕЗЕРВАТИВЫ / КЛАССИЧЕСКИЕ ПРЕЗЕРВАТИВЫ,ПРЕЗЕРВАТИВЫ / КЛАССИЧЕСКИЕ ПРЕЗЕРВАТИВЫ,12
wolt,КРАСОТА И УХОД 🥰 / Интимная гигиена,КРАСОТА И УХОД 🥰 / Интимная гигиена,12
wolt,ВОДА 🧊 / ЛЕЧЕБНАЯ,ВОДА 🧊 / ЛЕЧЕБНАЯ,12
wolt,ВОДА / Питьевая с добавками,ВОДА / Питьевая с добавками,12
wolt,💫 Авторские букеты 💫,💫 Авторские букеты 💫,12
wolt,ВОДА 💧 / Питьевая с добавками,ВОДА 💧 / Питьевая с добавками,12
wolt,Автоматические машины / MELITTA,Автоматические машины / MELITTA,12
wolt,ТОВАРЫ ДЛЯ ДОМА🏠 / Инструменты и отсадка,ТОВАРЫ ДЛЯ ДОМА🏠 / Инструменты и отсадка,12
wolt,ВОДА 💧 / С газом,ВОДА 💧 / С газом,12
wolt,ВОЗБУДИТЕЛИ ЖЕНСКИЕ,ВОЗБУДИТЕЛИ ЖЕНСКИЕ,12
wolt,"ПОППЕРСЫ							","ПОППЕРСЫ							",12
wolt,ПОЛУФАБРИКАТЫ 🥟 / Фрикадельки,ПОЛУФАБРИКАТЫ 🥟 / Фрикадельки,12
wolt,ПОЛУФАБРИКАТЫ 🥟 / Наггетсы,ПОЛУФАБРИКАТЫ 🥟 / Наггетсы,12
wolt,"    Полуфабрикаты /         Готовые блюда","    Полуфабрикаты /         Готовые блюда",12
wolt,ПОЛИВИТАМИННОЕ СРЕДСТВО+МИНЕРАЛЫ,ПОЛИВИТАМИННОЕ СРЕДСТВО+МИНЕРАЛЫ,12
wolt,VIP - боксы,VIP - боксы,12
wolt,Vegan,Vegan,12
wolt,Trendline / Сухой корм для собак,Trendline / Сухой корм для собак,12
wolt,Trendline / Сухой корм для кошек,Trendline / Сухой корм для кошек,12
wolt,Travel наборы ,Travel наборы ,12
wolt,"ПОДГУЗНИКИ, ТРУСИКИ И САЛФЕТКИ","ПОДГУЗНИКИ, ТРУСИКИ И САЛФЕТКИ",12
wolt,КРАСОТА И ЗДОРОВЬЕ 🧴,КРАСОТА И ЗДОРОВЬЕ 🧴,12
wolt,Подгузники / Подгузники,Подгузники / Подгузники,12
wolt,Spot powder,Spot powder,12
wolt,Подарочные наборы ,Подарочные наборы ,12
wolt,ПИЦЦА,ПИЦЦА,12
wolt,ПИТАНИЕ И УХОД ЗА КОТЯТАМИ/ЩЕНКАМИ ,ПИТАНИЕ И УХОД ЗА КОТЯТАМИ/ЩЕНКАМИ ,12
wolt,ПИСКО 🍹,ПИСКО 🍹,12
wolt, ПИРОЖНОЕ 🧁, ПИРОЖНОЕ 🧁,12
wolt,ВСЕ ДЛЯ ПТИЦ  / Гигиена,ВСЕ ДЛЯ ПТИЦ  / Гигиена,12
wolt,Пироги  / Пироги ,Пироги  / Пироги ,12
wolt,"ПИРОГИ","ПИРОГИ",12
wolt,ВЯЛЕНАЯ,ВЯЛЕНАЯ,12
wolt,SALE,SALE,12
wolt,"ПИВО / Темное пиво","ПИВО / Темное пиво",12
wolt,Товары для дома / Уход и хранение вещей,Товары для дома / Уход и хранение вещей,12
wolt,"ТОВАРЫ ДЛЯ ДОМА / ШВАБРА, СОВОК","ТОВАРЫ ДЛЯ ДОМА / ШВАБРА, СОВОК",12
wolt,ТОВАРЫ ДЛЯ ДОМА 🏠 / ЩЁТКИ/ШВАБРЫ ,ТОВАРЫ ДЛЯ ДОМА 🏠 / ЩЁТКИ/ШВАБРЫ ,12
wolt,ТОВАРЫ ДЛЯ ДОМА / ЭЛЕКТРОТОВАРЫ ,ТОВАРЫ ДЛЯ ДОМА / ЭЛЕКТРОТОВАРЫ ,12
wolt,"Гельминтал капли,сироп / Сироп для собак","Гельминтал капли,сироп / Сироп для собак",12
wolt,ГЕМОРРОЯ СРЕДСТВО ЛЕЧЕНИЯ,ГЕМОРРОЯ СРЕДСТВО ЛЕЧЕНИЯ,12
wolt,ПЕСТО ОРГАНИЧЕСКИЙ ,ПЕСТО ОРГАНИЧЕСКИЙ ,12
wolt,Генстренол / Коты,Генстренол / Коты,12
wolt,Генстренол / Кошки,Генстренол / Кошки,12
wolt,"КОНДИЦИОНЕР, КАПСУЛЫ, ГЕЛИ ДЛЯ СТИРКИ 🫧 / КАПСУЛЫ","КОНДИЦИОНЕР, КАПСУЛЫ, ГЕЛИ ДЛЯ СТИРКИ 🫧 / КАПСУЛЫ",12
wolt,КРАСОТА И ГИГИЕНА 🧴 / ЛЕЧЕНБНАЯ КОСМЕТИКА,КРАСОТА И ГИГИЕНА 🧴 / ЛЕЧЕНБНАЯ КОСМЕТИКА,12
wolt,ПЕРЕВОЗКА ЖИВОТНЫХ🚚,ПЕРЕВОЗКА ЖИВОТНЫХ🚚,12
wolt,QAZAQSALT etno stores ✍🏻 / ЧЕХЛЫ ДЛЯ ЧЕМОДАНА,QAZAQSALT etno stores ✍🏻 / ЧЕХЛЫ ДЛЯ ЧЕМОДАНА,12
wolt,ГЕПАТОПРОТЕКТОРНОЕ СРЕДСТВО,ГЕПАТОПРОТЕКТОРНОЕ СРЕДСТВО,12
wolt,ПАШТЕТ ,ПАШТЕТ ,12
wolt,Патчи для глаз,Патчи для глаз,12
wolt,ПАСХА ,ПАСХА ,12
wolt,ПАНИНИ ,ПАНИНИ ,12
wolt,Панини,Панини,12
wolt,ЭКС-5 ,ЭКС-5 ,12
wolt,ГИГИЕНА И БЫТОВАЯ ХИМИЯ 🧴 / ГУБКИ ДЛЯ ДОМА ,ГИГИЕНА И БЫТОВАЯ ХИМИЯ 🧴 / ГУБКИ ДЛЯ ДОМА ,12
wolt,ТОВАРЫ ДЛЯ КУХНИ 🏡 / Доски сервировочные,ТОВАРЫ ДЛЯ КУХНИ 🏡 / Доски сервировочные,12
wolt,ОЧКИ 👓 / Готовые для чтения,ОЧКИ 👓 / Готовые для чтения,12
wolt,ОЧКИ👓,ОЧКИ👓,12
wolt,ГИГИЕНА И БЫТОВАЯ ХИМИЯ 🧴 / ДЛЯ ВАННОЙ И ТУАЛЕТОВ ,ГИГИЕНА И БЫТОВАЯ ХИМИЯ 🧴 / ДЛЯ ВАННОЙ И ТУАЛЕТОВ ,12
wolt,КОНТРАЦЕПТИВНОЕ СР-ВО(ЭСТРОГЕН+ГЕСТАГЕН).,КОНТРАЦЕПТИВНОЕ СР-ВО(ЭСТРОГЕН+ГЕСТАГЕН).,12
wolt,Основные блюда,Основные блюда,12
wolt,"ОСВЕЖИТЕЛИ, АРОМАТИЗАТОРЫ 🌸 / ОСВЕЖИТЕЛИ","ОСВЕЖИТЕЛИ, АРОМАТИЗАТОРЫ 🌸 / ОСВЕЖИТЕЛИ",12
wolt,ОРАМА🥟,ОРАМА🥟,12
wolt,ГИГИЕНА И БЫТОВАЯ ХИМИЯ 🧴 / ЗУБНЫЕ ЩЕТКИ И АКСЕССУАРЫ,ГИГИЕНА И БЫТОВАЯ ХИМИЯ 🧴 / ЗУБНЫЕ ЩЕТКИ И АКСЕССУАРЫ,12
wolt,Perfect Fit / Сухой корм для собак ,Perfect Fit / Сухой корм для собак ,12
wolt,ОНИГИРАДЗУ // СУШИ-БУРГЕР,ОНИГИРАДЗУ // СУШИ-БУРГЕР,12
wolt,Омега лакомство / Лакомство для кошек,Омега лакомство / Лакомство для кошек,12
wolt,КонтрСекс / кошки,КонтрСекс / кошки,12
wolt,Mе - O / Консервы для кошек,Mе - O / Консервы для кошек,12
wolt,"ОДЕЖДА, НИЖНЕЕ БЕЛЬЕ, ТАПОЧКИ  / Сумки , Сумочки","ОДЕЖДА, НИЖНЕЕ БЕЛЬЕ, ТАПОЧКИ  / Сумки , Сумочки",12
wolt,"1 СЕНТЯБРЯ с CACTUS🍂","1 СЕНТЯБРЯ с CACTUS🍂",12
wolt,Тоники,Тоники,12
wolt,ОВОЩИ 🥑 / СВЕКЛА,ОВОЩИ 🥑 / СВЕКЛА,12
wolt,КонтрСекс / собаки,КонтрСекс / собаки,12
wolt,ОВОЩИ 🥑 / РЕДЬКА,ОВОЩИ 🥑 / РЕДЬКА,12
wolt,Monge / Bwild cat сухой корм,Monge / Bwild cat сухой корм,12
wolt, Торты с короной, Торты с короной,12
wolt,"Трава пророщенная, набор для проращивания","Трава пророщенная, набор для проращивания",12
wolt,MASCOT  / Сухой корм для собак ,MASCOT  / Сухой корм для собак ,12
wolt,ТРАЙФЛЫ,ТРАЙФЛЫ,12
wolt,гинекология и урология / тест на беременность,гинекология и урология / тест на беременность,12
wolt,Little One для грызунов / Лакомство,Little One для грызунов / Лакомство,12
wolt,Кофемолки / Melitta,Кофемолки / Melitta,12
wolt,НОВОГОДНИЕ ТОВАРЫ🎄 / ОБОДКИ - ОЧКИ - ШАПОЧКИ,НОВОГОДНИЕ ТОВАРЫ🎄 / ОБОДКИ - ОЧКИ - ШАПОЧКИ,12
wolt,НОВОГОДНИЕ ТОВАРЫ🎄 / КАРНАВАЛЬНЫЕ МАСКИ,НОВОГОДНИЕ ТОВАРЫ🎄 / КАРНАВАЛЬНЫЕ МАСКИ,12
wolt,НЕ ТРОГАТЬ!!!!!!,НЕ ТРОГАТЬ!!!!!!,12
wolt,"Кофемолки / CECOTEC","Кофемолки / CECOTEC",12
wolt,Lemonade,Lemonade,12
wolt,УБОРКА🧽 / ДЛЯ МЫТЬЯ ПОЛОВ И СТЕН,УБОРКА🧽 / ДЛЯ МЫТЬЯ ПОЛОВ И СТЕН,12
wolt,УБОРКА🧽 / ДЛЯ СТЕКОЛ,УБОРКА🧽 / ДЛЯ СТЕКОЛ,12
wolt,ГОЛУБЦЫ🥬,ГОЛУБЦЫ🥬,12
wolt,УБОРКА ДОМА 🏡 / ЭКО-БОКСЫ ДЛЯ РСО,УБОРКА ДОМА 🏡 / ЭКО-БОКСЫ ДЛЯ РСО,12
wolt,"УДАЛЕНИЕ ПЯТЕН И ЗАПАХОВ, ЧИСТЯЩИЕ СРЕДСТВА","УДАЛЕНИЕ ПЯТЕН И ЗАПАХОВ, ЧИСТЯЩИЕ СРЕДСТВА",12
wolt,УЛИТКИ 🐌,УЛИТКИ 🐌,12
wolt,НАСТОЛЬНЫЕ ЛАМПЫ,НАСТОЛЬНЫЕ ЛАМПЫ,12
wolt,Урологические прокладки,Урологические прокладки,12
wolt,Настойки(масляные) для внутреннего приема,Настойки(масляные) для внутреннего приема,12
wolt,НАРЕЗКА (ОХЛАЖ.НА РАЗВЕС)🥓,НАРЕЗКА (ОХЛАЖ.НА РАЗВЕС)🥓,12
wolt,НАПОЛНИТЕЛИ НА РАЗВЕС,НАПОЛНИТЕЛИ НА РАЗВЕС,12
wolt,"КОНФЕТЫ И СЛАДОСТИ / шоколад, батончики, паста","КОНФЕТЫ И СЛАДОСТИ / шоколад, батончики, паста",12
wolt,Institut Esthederm / Защита от Солнца,Institut Esthederm / Защита от Солнца,12
wolt,НАПОЛНИТЕЛИ ДЛЯ КОШЕК🐈 / Древесный,НАПОЛНИТЕЛИ ДЛЯ КОШЕК🐈 / Древесный,12
wolt,Inspector антигельминтик / Капли для собак,Inspector антигельминтик / Капли для собак,12
wolt,НАПОЛНИТЕЛИ ДЛЯ КОШЕК 🐈 / Древесный,НАПОЛНИТЕЛИ ДЛЯ КОШЕК 🐈 / Древесный,12
wolt,УХОД ДЛЯ ЛИЦА 😊 / ДЕКОРАТИВНАЯ КОСМЕТИКА,УХОД ДЛЯ ЛИЦА 😊 / ДЕКОРАТИВНАЯ КОСМЕТИКА,12
wolt,УХОД ДЛЯ ЛИЦА / ДЛЯ ГЛАЗ,УХОД ДЛЯ ЛИЦА / ДЛЯ ГЛАЗ,12
wolt,НАПОЛНИТЕЛИ ДЛЯ КОШАЧЬЕГО ТУАЛЕТА (В УПАКОВКЕ) / ЭКО КОТ🐈,НАПОЛНИТЕЛИ ДЛЯ КОШАЧЬЕГО ТУАЛЕТА (В УПАКОВКЕ) / ЭКО КОТ🐈,12
wolt,НАПОЛНИТЕЛИ ДЛЯ КОШАЧЬЕГО ТУАЛЕТА (В УПАКОВКЕ) / NO NAME🐱,НАПОЛНИТЕЛИ ДЛЯ КОШАЧЬЕГО ТУАЛЕТА (В УПАКОВКЕ) / NO NAME🐱,12
wolt,НАПОЛНИТЕЛИ ДЛЯ КОШАЧЬЕГО ТУАЛЕТА (В УПАКОВКЕ) / CATSAN😺,НАПОЛНИТЕЛИ ДЛЯ КОШАЧЬЕГО ТУАЛЕТА (В УПАКОВКЕ) / CATSAN😺,12
wolt,ДЕЗИНФИЦИРУЮЩИЕ СРЕДСТВА 🦠,ДЕЗИНФИЦИРУЮЩИЕ СРЕДСТВА 🦠,12
wolt,"ДЕЗОДАРАНТЫ, АНТИПЕРСПИРАНТЫ  / ДЛЯ ЖЕНЩИН","ДЕЗОДАРАНТЫ, АНТИПЕРСПИРАНТЫ  / ДЛЯ ЖЕНЩИН",12
wolt,ДЕКОРАТИВНАЯ КОСМЕТИКА / ДЛЯ ГЛАЗ,ДЕКОРАТИВНАЯ КОСМЕТИКА / ДЛЯ ГЛАЗ,12
wolt,КОТЛЕТЫ🧆,КОТЛЕТЫ🧆,12
wolt,УХОД ДЛЯ РУК 💅🏻,УХОД ДЛЯ РУК 💅🏻,12
wolt,ДЕКОРАТИВНАЯ КОСМЕТКА,ДЕКОРАТИВНАЯ КОСМЕТКА,12
wolt,Корм для рептилий / Консервированный корм ,Корм для рептилий / Консервированный корм ,12
wolt,"ДЕЛИКАТЕСЫ, ПАШТЕТЫ И КОЛБАСЫ🥘 / Паштеты","ДЕЛИКАТЕСЫ, ПАШТЕТЫ И КОЛБАСЫ🥘 / Паштеты",12
wolt,ДЕНИШ 🥐,ДЕНИШ 🥐,12
wolt,"НАПИТКИ 🥤 / КОФЕЙНЫЙ НАПИТОК","НАПИТКИ 🥤 / КОФЕЙНЫЙ НАПИТОК",12
wolt,НАПИТКИ 🥤 / КВАС,НАПИТКИ 🥤 / КВАС,12
wolt,"НАПИТКИ БЕЗ САХАРА, КОМБУЧА, СОКИ НАТУРАЛЬНЫЕ.🧃","НАПИТКИ БЕЗ САХАРА, КОМБУЧА, СОКИ НАТУРАЛЬНЫЕ.🧃",12
wolt,"НАПИТКИ 🥤 / PIKO","НАПИТКИ 🥤 / PIKO",12
wolt,УХОД ЗА ВОЛОСАМИ,УХОД ЗА ВОЛОСАМИ,12
wolt,НАГГЕТСЫ,НАГГЕТСЫ,12
wolt,НАБОРЫ НОЖЕЙ,НАБОРЫ НОЖЕЙ,12
wolt,Gigwi Игрушки для кошек,Gigwi Игрушки для кошек,12
wolt,НАБОРЫ АССОРТИ🎁,НАБОРЫ АССОРТИ🎁,12
wolt,УХОД ЗА ВОЛОСАМИ💇🏻‍♀️ / Сухие шампуни,УХОД ЗА ВОЛОСАМИ💇🏻‍♀️ / Сухие шампуни,12
wolt,МЯСНЫЕ ДЕЛИКАТЕСЫ 🥓 / ПАШТЕТЫ,МЯСНЫЕ ДЕЛИКАТЕСЫ 🥓 / ПАШТЕТЫ,12
wolt,МЯСНЫЕ ДЕЛИКАТЕСЫ  🥓 / Паштеты,МЯСНЫЕ ДЕЛИКАТЕСЫ  🥓 / Паштеты,12
wolt,ENGLISH TEA / 72шт,ENGLISH TEA / 72шт,12
wolt,УХОД ЗА КОЖЕЙ ЛИЦА🧖‍♀️ / ДЛЯ КОЖИ ВОКРУГ ГЛАЗ,УХОД ЗА КОЖЕЙ ЛИЦА🧖‍♀️ / ДЛЯ КОЖИ ВОКРУГ ГЛАЗ,12
wolt,эфирные масла,эфирные масла,12
wolt,УХОД ЗА КОЖЕЙ ЛИЦА🧖‍♀️ / СКРАБЫ И ПИЛИНГИ,УХОД ЗА КОЖЕЙ ЛИЦА🧖‍♀️ / СКРАБЫ И ПИЛИНГИ,12
wolt,УХОД ЗА КОЖЕЙ ЛИЦА🧖‍♀️ / СЫВОРОТКИ,УХОД ЗА КОЖЕЙ ЛИЦА🧖‍♀️ / СЫВОРОТКИ,12
wolt,УХОД ЗА КОЖЕЙ ЛИЦА🧖‍♀️ / ТОНИЗИРОВАНИЕ,УХОД ЗА КОЖЕЙ ЛИЦА🧖‍♀️ / ТОНИЗИРОВАНИЕ,12
wolt,УХОД ЗА ЛИЦОМ,УХОД ЗА ЛИЦОМ,12
wolt,Мультивитаминное лакомство / Для кошек,Мультивитаминное лакомство / Для кошек,12
wolt,ДИУРЕТИЧЕСКОЕ СРЕДСТВО,ДИУРЕТИЧЕСКОЕ СРЕДСТВО,12
wolt,УХОД ЗА ЛИЦОМ💆🏻‍♀️ / Мисты,УХОД ЗА ЛИЦОМ💆🏻‍♀️ / Мисты,12
wolt,ДЛЯ ВОЛОС🌹 / АКСЕССУАРЫ ДЛЯ ВОЛОС,ДЛЯ ВОЛОС🌹 / АКСЕССУАРЫ ДЛЯ ВОЛОС,12
wolt,ДЛЯ ГИГИЕНЫ РТА И ОЧИЩЕНИЯ ЗУБОВ 🪥,ДЛЯ ГИГИЕНЫ РТА И ОЧИЩЕНИЯ ЗУБОВ 🪥,12
wolt,ДЛЯ ГРЫЗУНОВ🐭 / Сено для грызунов,ДЛЯ ГРЫЗУНОВ🐭 / Сено для грызунов,12
wolt,Dolce Gusto • Капсулы / MARS,Dolce Gusto • Капсулы / MARS,12
wolt,МОЛОЧНЫЙ ПРИЛАВОК / Молочные бисквиты,МОЛОЧНЫЙ ПРИЛАВОК / Молочные бисквиты,12
wolt,УХОД ЗА СОБАКАМИ И КОШКАМИ 🐈🐕 / Когтерезы ✂️,УХОД ЗА СОБАКАМИ И КОШКАМИ 🐈🐕 / Когтерезы ✂️,12
wolt,МОЛОЧНЫЙ ПРИЛАВОК / Кефир,МОЛОЧНЫЙ ПРИЛАВОК / Кефир,12
wolt,"ДЛЯ ДВОИХ / ПОППЕРСЫ","ДЛЯ ДВОИХ / ПОППЕРСЫ",12
wolt,"УХОД ЗА СОБАКАМИ И КОШКАМИ 🐈🐕 / Пуходёрки, фурминаторы 🪮","УХОД ЗА СОБАКАМИ И КОШКАМИ 🐈🐕 / Пуходёрки, фурминаторы 🪮",12
wolt,ДЛЯ ИНТИМНОЙ ГИГИЕНЫ 🧴,ДЛЯ ИНТИМНОЙ ГИГИЕНЫ 🧴,12
wolt,МОЛОЧНЫЕ ПРОДУКТЫ / АЛЬТЕРНАТИВНОЕ МОЛОКО,МОЛОЧНЫЕ ПРОДУКТЫ / АЛЬТЕРНАТИВНОЕ МОЛОКО,12
wolt,УХОД ЗА ТЕЛОМ🧴 / Дезодоранты,УХОД ЗА ТЕЛОМ🧴 / Дезодоранты,12
wolt,ДЛЯ НОГТЕЙ,ДЛЯ НОГТЕЙ,12
wolt,ДЛЯ ТЕЛА 🧴 / ЗАЩИТА ОТ СОЛНЦА,ДЛЯ ТЕЛА 🧴 / ЗАЩИТА ОТ СОЛНЦА,12
wolt,МОЛОЧНАЯ ПРОДУКЦИЯ🥛,МОЛОЧНАЯ ПРОДУКЦИЯ🥛,12
wolt,КОСМЕТИЧЕСКИЕ И ГИГИЕНИЧЕСКИЕ СРЕДСТВА💄 / Для загара,КОСМЕТИЧЕСКИЕ И ГИГИЕНИЧЕСКИЕ СРЕДСТВА💄 / Для загара,12
wolt,ДЛЯ ТЕЛА 🧴 / КРЕМА ДЛЯ РУК,ДЛЯ ТЕЛА 🧴 / КРЕМА ДЛЯ РУК,12
wolt,"МОЛОКО, ЯЙЦА, МАСЛО, СЫР🥛 / ЯЙЦА","МОЛОКО, ЯЙЦА, МАСЛО, СЫР🥛 / ЯЙЦА",12
wolt,"МОЛОКО, КИСЛОМОЛОЧНЫЕ ПРОДУКТЫ 🥛 / НАЦИОНАЛЬНЫЕ ПРОДУКТЫ","МОЛОКО, КИСЛОМОЛОЧНЫЕ ПРОДУКТЫ 🥛 / НАЦИОНАЛЬНЫЕ ПРОДУКТЫ",12
wolt,"ДНЯ НЕГО / СТИМУЛЯТОРЫ ПРОСТАТЫ","ДНЯ НЕГО / СТИМУЛЯТОРЫ ПРОСТАТЫ",12
wolt,МИНИ САМСА СЛОЕНАЯ,МИНИ САМСА СЛОЕНАЯ,12
wolt,МИНИ АЛКОГОЛЬ,МИНИ АЛКОГОЛЬ,12
wolt,Милк - Шейки,Милк - Шейки,12
wolt,МИКС БУКЕТЫ 💐,МИКС БУКЕТЫ 💐,12
wolt,💫COSMO RING💫,💫COSMO RING💫,12
wolt,МЕДИЦИНСКИЕ ИЗДЕЛИЯ И МЕДТЕХНИКА💉 / Перчатки медицинские,МЕДИЦИНСКИЕ ИЗДЕЛИЯ И МЕДТЕХНИКА💉 / Перчатки медицинские,12
wolt,ДОПОЛНИТЕЛЬНО К БУКЕТУ,ДОПОЛНИТЕЛЬНО К БУКЕТУ,12
wolt,ФАСТФУД,ФАСТФУД,12
wolt,"МЕДИЦИНСКИЕ ИЗДЕЛИЯ И МЕДТЕХНИКА💉 / Маски, шапочки, бахилы, накидки","МЕДИЦИНСКИЕ ИЗДЕЛИЯ И МЕДТЕХНИКА💉 / Маски, шапочки, бахилы, накидки",12
wolt,МЕДИЦИНСКИЕ ИЗДЕЛИЯ И МЕДТЕХНИКА💉 / Аппараты и устройства терапевтические,МЕДИЦИНСКИЕ ИЗДЕЛИЯ И МЕДТЕХНИКА💉 / Аппараты и устройства терапевтические,12
wolt,Фито кальцевит  / собаки,Фито кальцевит  / собаки,12
wolt,Медицинская техника тонометры,Медицинская техника тонометры,12
wolt,МАТЧА ЧАЙ 🍵,МАТЧА ЧАЙ 🍵,12
wolt,ФОНАРИ,ФОНАРИ,12
wolt,МАССАЖЕРЫ. КРАСОТА И ЗДОРОВЬЕ / БИГУДИ,МАССАЖЕРЫ. КРАСОТА И ЗДОРОВЬЕ / БИГУДИ,12
wolt,Фруктовый Корзины,Фруктовый Корзины,12
wolt,"ДУХИ ФЕРОМОНЫ ДЛЯ ЖЕНЩИН							","ДУХИ ФЕРОМОНЫ ДЛЯ ЖЕНЩИН							",12
wolt,"МАСЛО, СЫР, ЯЙЦА 🧀 / Сыр","МАСЛО, СЫР, ЯЙЦА 🧀 / Сыр",12
wolt,"ЖЕНСКИЕ ИГРУШКИ / ВАКУУМНЫЙ ВИБРАТОР","ЖЕНСКИЕ ИГРУШКИ / ВАКУУМНЫЙ ВИБРАТОР",12
wolt,ЗАЖИГАЛКА,ЗАЖИГАЛКА,12
wolt,ЗАКУСКИ / АКВАРИУМ,ЗАКУСКИ / АКВАРИУМ,12
wolt,ЗАКУСКИ / Антипасти Casa Marrazzo,ЗАКУСКИ / Антипасти Casa Marrazzo,12
wolt,ЗАКУСКИ🍟 / Другое,ЗАКУСКИ🍟 / Другое,12
wolt,"МАСЛО МАССАЖНОЕ","МАСЛО МАССАЖНОЕ",12
wolt,ФРУКТЫ 🍎 / ЛАЙМ,ФРУКТЫ 🍎 / ЛАЙМ,12
wolt,ФРУКТЫ 🍎 / МАРАКУЙЯ ,ФРУКТЫ 🍎 / МАРАКУЙЯ ,12
wolt,БАКАЛЕЯ  / ПРЕСЕРВЫ,БАКАЛЕЯ  / ПРЕСЕРВЫ,12
wolt,КОРЕЙСКИЙ МАЙОНЕЗ🥫,КОРЕЙСКИЙ МАЙОНЕЗ🥫,12
wolt,Фунгивит,Фунгивит,12
wolt,МАСЛА И СОУСЫ / Хумус,МАСЛА И СОУСЫ / Хумус,12
wolt,ФУТЛЯРЫ ДЛЯ ОЧКОВ 🕶️ / Футляр MO,ФУТЛЯРЫ ДЛЯ ОЧКОВ 🕶️ / Футляр MO,12
wolt,МАКИЯЖ💄 / Хайлайтеры,МАКИЯЖ💄 / Хайлайтеры,12
wolt,МАКИЯЖ💄 / Пудра,МАКИЯЖ💄 / Пудра,12
wolt,МАКИЯЖ💄 / Кушоны,МАКИЯЖ💄 / Кушоны,12
wolt,МАКИЯЖ💄 / BB-кремы и CC-кремы,МАКИЯЖ💄 / BB-кремы и CC-кремы,12
wolt,ЗАКУСКИ / СЕТЫ,ЗАКУСКИ / СЕТЫ,12
wolt,Косметика / Средства для сняия макияжа,Косметика / Средства для сняия макияжа,12
wolt,ЛОТКИ ДЛЯ КОШЕК🚽🐱 / ВАКА🐱,ЛОТКИ ДЛЯ КОШЕК🚽🐱 / ВАКА🐱,12
wolt,ЛОТКИ ДЛЯ КОШЕК🚽🐱 / ZOOPLAST🐱,ЛОТКИ ДЛЯ КОШЕК🚽🐱 / ZOOPLAST🐱,12
wolt,ЛОТКИ ДЛЯ КОШЕК🚽🐱 / M-PETS😸,ЛОТКИ ДЛЯ КОШЕК🚽🐱 / M-PETS😸,12
wolt,ЗАМОРОЖЕННАЯ ПРОДУКЦИЯ❄️ / Сырники,ЗАМОРОЖЕННАЯ ПРОДУКЦИЯ❄️ / Сырники,12
wolt,ЛИМИТИРОВАННАЯ НОВОГОДНЯЯ КОЛЛЕКЦИЯ,ЛИМИТИРОВАННАЯ НОВОГОДНЯЯ КОЛЛЕКЦИЯ,12
wolt,КОРМА ДЛЯ КОШЕК 🐱 / Best Breeder (Бэст бридер),КОРМА ДЛЯ КОШЕК 🐱 / Best Breeder (Бэст бридер),12
wolt,Лечение сахарного диабета / Сахарный диабет,Лечение сахарного диабета / Сахарный диабет,12
wolt,ЗДОРОВЬЕ ➕,ЗДОРОВЬЕ ➕,12
wolt,Хозяйственные товары / Лампочки и удленители,Хозяйственные товары / Лампочки и удленители,12
wolt,Хозяйственные товары / Приготовление и упаковка для пищи,Хозяйственные товары / Приготовление и упаковка для пищи,12
wolt,☀️ЛЕТО🌴 / Мелки,☀️ЛЕТО🌴 / Мелки,12
wolt,Холодный чай,Холодный чай,12
wolt,"ЛЕКАРСТВЕННЫЕ СРЕДСТВА 💊 / ТРАВМЫ, УШИБЫ","ЛЕКАРСТВЕННЫЕ СРЕДСТВА 💊 / ТРАВМЫ, УШИБЫ",12
wolt,Лекарственные средства / Средства при прорезывании зубов,Лекарственные средства / Средства при прорезывании зубов,12
wolt,ЗУБНЫЕ ЩЕТКИ 🪥,ЗУБНЫЕ ЩЕТКИ 🪥,12
wolt,ИГРУШКИ / АНТИСТРЕСС-ИГРУШКИ,ИГРУШКИ / АНТИСТРЕСС-ИГРУШКИ,12
wolt,Лекарственные средства / Препараты для желчного пузыря,Лекарственные средства / Препараты для желчного пузыря,12
wolt,ИДЕИ ДЛЯ ПОДАРКОВ🎁,ИДЕИ ДЛЯ ПОДАРКОВ🎁,12
wolt,"Чаи, кофе, какао, каши / КАШИ ЗАВТРАКИ","Чаи, кофе, какао, каши / КАШИ ЗАВТРАКИ",12
wolt,"ИМН,ПРЕДМЕТЫ УХОДА ЗА БОЛЬНЫМИ","ИМН,ПРЕДМЕТЫ УХОДА ЗА БОЛЬНЫМИ",12
wolt,Bioderma / Cicabio,Bioderma / Cicabio,12
wolt,Косметика / Маски ,Косметика / Маски ,12
wolt,Baraka / масло,Baraka / масло,12
wolt,Baraka / бады,Baraka / бады,12
wolt,Attila Элит / Сухой корм для кошек,Attila Элит / Сухой корм для кошек,12
wolt,Attila Элит / Влажный корм для кошек,Attila Элит / Влажный корм для кошек,12
wolt,КАЛЬЦИЕВО-ФОСФОРНОГО ОБМЕНА РЕГУЛЯТОР.,КАЛЬЦИЕВО-ФОСФОРНОГО ОБМЕНА РЕГУЛЯТОР.,12
wolt,Камеры (Видоекамеры),Камеры (Видоекамеры),12
wolt,Лекарственные средства / Лекарства от боли в почках,Лекарственные средства / Лекарства от боли в почках,12
wolt,Капли,Капли,12
wolt,КИСЛОТЫ🧴,КИСЛОТЫ🧴,12
wolt,КИШ🥧,КИШ🥧,12
wolt,"ЧАЧА, ГРАППА","ЧАЧА, ГРАППА",12
wolt,ЧЕБУРЕКИ🥟,ЧЕБУРЕКИ🥟,12
wolt,КОРМА ДЛЯ СОБАК 🐶 / Purina One,КОРМА ДЛЯ СОБАК 🐶 / Purina One,12
wolt,ЛЕКАРСТВА И БАДЫ💊 / Для иммунитета,ЛЕКАРСТВА И БАДЫ💊 / Для иммунитета,12
wolt,"ЧИАБАТТА","ЧИАБАТТА",12
wolt,Чизкейк,Чизкейк,12
wolt,ЛЕД,ЛЕД,12
wolt,ЧИЗКЕЙКИ НА ПАЛОЧКЕ🍮,ЧИЗКЕЙКИ НА ПАЛОЧКЕ🍮,12
wolt,Лед,Лед,12
wolt,Лакто-Стоп🐶🐱,Лакто-Стоп🐶🐱,12
wolt,ЛАКОМСТВА ДЛЯ СОБАК🐕 / Green Qzin TRUE LOVE ,ЛАКОМСТВА ДЛЯ СОБАК🐕 / Green Qzin TRUE LOVE ,12
wolt,ЛАКОМСТВА ДЛЯ СОБАК 🐕,ЛАКОМСТВА ДЛЯ СОБАК 🐕,12
wolt,ЛАКОМСТВА ДЛЯ КОШЕК😻 / Травка,ЛАКОМСТВА ДЛЯ КОШЕК😻 / Травка,12
wolt,ЛАКОМСТВА ДЛЯ КОШЕК😻 / Мята,ЛАКОМСТВА ДЛЯ КОШЕК😻 / Мята,12
wolt,"Чипсы, орехи, снэки / Кукурузные палочки","Чипсы, орехи, снэки / Кукурузные палочки",12
wolt,КОМБО❤️,КОМБО❤️,12
wolt,Комбо Клубника и Игрушка ❤️,Комбо Клубника и Игрушка ❤️,12
wolt,КОМБО МЕНЮ,КОМБО МЕНЮ,12
wolt,ЛАКОМСТВА ДЛЯ КОШЕК 😻 / TRIOL🐱,ЛАКОМСТВА ДЛЯ КОШЕК 😻 / TRIOL🐱,12
wolt,КОМБО СЕТЫ,КОМБО СЕТЫ,12
wolt,КУКИС С НАЧИНКОЙ 🍪,КУКИС С НАЧИНКОЙ 🍪,12
wolt,Шампунь,Шампунь,12
wolt,КРЕПКИЙ АЛКОГОЛЬ 🥃 / ТЕКИЛА 🍹,КРЕПКИЙ АЛКОГОЛЬ 🥃 / ТЕКИЛА 🍹,12
wolt,СУХИЕ КОРМА ДЛЯ КОШЕК (ВЕСОВЫЕ) / Royal Canin ,СУХИЕ КОРМА ДЛЯ КОШЕК (ВЕСОВЫЕ) / Royal Canin ,12
wolt,СУХИЕ КОРМА ДЛЯ КОШЕК (ВЕСОВЫЕ) / Whiskas,СУХИЕ КОРМА ДЛЯ КОШЕК (ВЕСОВЫЕ) / Whiskas,12
wolt,СУХИЕ КОРМА ДЛЯ КОШЕК (ВЕСОВЫЕ) / REFLEX,СУХИЕ КОРМА ДЛЯ КОШЕК (ВЕСОВЫЕ) / REFLEX,12
wolt,СУХИЕ КОРМА ДЛЯ КОШЕК (ВЕСОВЫЕ) / MR. CAT ,СУХИЕ КОРМА ДЛЯ КОШЕК (ВЕСОВЫЕ) / MR. CAT ,12
wolt,СУХИЕ КОРМА ДЛЯ КОШЕК (ВЕСОВЫЕ) / Fitmin ,СУХИЕ КОРМА ДЛЯ КОШЕК (ВЕСОВЫЕ) / Fitmin ,12
wolt,КРЕПКИЙ АЛКОГОЛЬ 🥃 / ДЖИН 🍸,КРЕПКИЙ АЛКОГОЛЬ 🥃 / ДЖИН 🍸,12
wolt,СУХИЕ КОРМА ДЛЯ СОБАК (ВЕСОВЫЕ) / Royal Canin,СУХИЕ КОРМА ДЛЯ СОБАК (ВЕСОВЫЕ) / Royal Canin,12
wolt,АНАЛЬГЕЗИРУЮЩЕЕ НЕНАРКОТИЧЕСКОЕ СРЕДСТВО,АНАЛЬГЕЗИРУЮЩЕЕ НЕНАРКОТИЧЕСКОЕ СРЕДСТВО,12
wolt,АНАЛЬГЕЗИРУЮЩЕЕ СРЕДСТВО КОМБИНИРОВАННОЕ,АНАЛЬГЕЗИРУЮЩЕЕ СРЕДСТВО КОМБИНИРОВАННОЕ,12
wolt,СУПЕРФУДЫ 🍎,СУПЕРФУДЫ 🍎,12
wolt,"СУПЕРФУД, ПРОТЕИН.","СУПЕРФУД, ПРОТЕИН.",12
wolt,АНТАЦИДНОЕ,АНТАЦИДНОЕ,12
wolt,АНТИАГРЕГАНТНОЕ СРЕДСТВО,АНТИАГРЕГАНТНОЕ СРЕДСТВО,12
wolt,АНТИБИОТИК-ПЕНИЦИЛЛ.ПОЛУСИНТ.+БЛА ИНГИБ.,АНТИБИОТИК-ПЕНИЦИЛЛ.ПОЛУСИНТ.+БЛА ИНГИБ.,12
wolt,СТРОИТЕЛЬСТВО И РЕМОНТ / ШЛИФОВАЛЬНЫЕ МАШИНЫ ПО БЕТОНУ,СТРОИТЕЛЬСТВО И РЕМОНТ / ШЛИФОВАЛЬНЫЕ МАШИНЫ ПО БЕТОНУ,12
wolt,СТРОИТЕЛЬСТВО И РЕМОНТ / ШЛИФОВАЛЬНАЯ БУМАГА,СТРОИТЕЛЬСТВО И РЕМОНТ / ШЛИФОВАЛЬНАЯ БУМАГА,12
wolt,СТРОИТЕЛЬСТВО И РЕМОНТ / ТОНКОГУБЦЫ И КРУГЛОГУБЦЫ,СТРОИТЕЛЬСТВО И РЕМОНТ / ТОНКОГУБЦЫ И КРУГЛОГУБЦЫ,12
wolt,СТРОИТЕЛЬСТВО И РЕМОНТ / ОТВЕРТКИ-ВОРОТКИ,СТРОИТЕЛЬСТВО И РЕМОНТ / ОТВЕРТКИ-ВОРОТКИ,12
wolt,СТРОИТЕЛЬСТВО И РЕМОНТ / НАБОРЫ ЭЛЕКТРОИНСТРУМЕНТА,СТРОИТЕЛЬСТВО И РЕМОНТ / НАБОРЫ ЭЛЕКТРОИНСТРУМЕНТА,12
wolt,СТРОИТЕЛЬСТВО И РЕМОНТ / ЛЕНТОЧНЫЕ ШЛИФМАШИНЫ,СТРОИТЕЛЬСТВО И РЕМОНТ / ЛЕНТОЧНЫЕ ШЛИФМАШИНЫ,12
wolt,СТРОИТЕЛЬСТВО И РЕМОНТ / КАБЕЛЕРЕЗЫ,СТРОИТЕЛЬСТВО И РЕМОНТ / КАБЕЛЕРЕЗЫ,12
wolt,АНТИКОАГ.СР-ВО ПРЯМОГО Д-Я+ПРОЧИЕ ПРЕП.,АНТИКОАГ.СР-ВО ПРЯМОГО Д-Я+ПРОЧИЕ ПРЕП.,12
wolt,Стоп Зуд / суспензия,Стоп Зуд / суспензия,12
wolt,архив,архив,12
wolt,Стаканчики с начинкой,Стаканчики с начинкой,12
wolt,СТАКАН,СТАКАН,12
wolt,Средство для уборки🐱🐶,Средство для уборки🐱🐶,12
wolt,СУХОЙ КОРМ ДЛЯ КОШЕК (В УПАКОВКЕ) 🐈 / ACANA😸,СУХОЙ КОРМ ДЛЯ КОШЕК (В УПАКОВКЕ) 🐈 / ACANA😸,12
wolt,БАКАЛЕЯ 🥫,БАКАЛЕЯ 🥫,12
wolt,СРЕДСТВА ЛИЧНОЙ ГИГИЕНЫ 🧽 / Кондиционеры,СРЕДСТВА ЛИЧНОЙ ГИГИЕНЫ 🧽 / Кондиционеры,12
wolt,СРЕДСТВА ЛИЧНОЙ ГИГИЕНЫ 🧽 / Зубные Нити,СРЕДСТВА ЛИЧНОЙ ГИГИЕНЫ 🧽 / Зубные Нити,12
wolt,СРЕДСТВА ЛИЧНОЙ ГИГИЕНЫ 🧽 / АКСЕССУАРЫ ДЛЯ ДУША,СРЕДСТВА ЛИЧНОЙ ГИГИЕНЫ 🧽 / АКСЕССУАРЫ ДЛЯ ДУША,12
wolt,БАКАЛЕЯ / Добавки,БАКАЛЕЯ / Добавки,12
wolt,😺СУХОЙ КОРМ ДЛЯ КОШЕК (В УПАКОВКЕ) 🐈 / APRO🐾,😺СУХОЙ КОРМ ДЛЯ КОШЕК (В УПАКОВКЕ) 🐈 / APRO🐾,12
wolt,"БАКАЛЕЯ  / КРЕВЕТКИ","БАКАЛЕЯ  / КРЕВЕТКИ",12
wolt,"БАКАЛЕЯ 🍝 / МЕД","БАКАЛЕЯ 🍝 / МЕД",12
wolt,"СРЕДСТВА ГИГИЕНЫ, ФАРМАЦЕВТИКА / ПОДГУЗНИКИ","СРЕДСТВА ГИГИЕНЫ, ФАРМАЦЕВТИКА / ПОДГУЗНИКИ",12
wolt,ГОТОВАЯ КОРЕЙСКАЯ ЕДА / САМГАКИ-ОНИГИРИ,ГОТОВАЯ КОРЕЙСКАЯ ЕДА / САМГАКИ-ОНИГИРИ,11
wolt,Здоровье / Медицинские тесты и устройства,Здоровье / Медицинские тесты и устройства,11
wolt,СУХОЙ КОРМ ДЛЯ КОШЕК (В УПАКОВКЕ) 🐈 / MONGE VETSOLUTION🐾,СУХОЙ КОРМ ДЛЯ КОШЕК (В УПАКОВКЕ) 🐈 / MONGE VETSOLUTION🐾,11
wolt,Лекарственные средства / Лекарства от зубной боли,Лекарственные средства / Лекарства от зубной боли,11
wolt,Здоровье / Первая помощь,Здоровье / Первая помощь,11
wolt,СУХОЙ КОРМ ДЛЯ СОБАК (В УПАКОВКЕ)🐶 / ДИЛЛИ🐕‍🦺,СУХОЙ КОРМ ДЛЯ СОБАК (В УПАКОВКЕ)🐶 / ДИЛЛИ🐕‍🦺,11
wolt,"Мясо и птица / Котлеты, тефтели","Мясо и птица / Котлеты, тефтели",11
wolt,СУХОЙ КОРМ ДЛЯ КОШЕК (В УПАКОВКЕ) 🐈 / GEMON🐾,СУХОЙ КОРМ ДЛЯ КОШЕК (В УПАКОВКЕ) 🐈 / GEMON🐾,10
wolt,😺СУХОЙ КОРМ ДЛЯ КОШЕК (НА РАЗВЕС) 🐈 / MONGE😺,😺СУХОЙ КОРМ ДЛЯ КОШЕК (НА РАЗВЕС) 🐈 / MONGE😺,10
wolt,СЕРЬГИ,СЕРЬГИ,10
wolt,СУХОЙ КОРМ ДЛЯ КОШЕК (НА РАЗВЕС) 🐈 / REFLEX😺,СУХОЙ КОРМ ДЛЯ КОШЕК (НА РАЗВЕС) 🐈 / REFLEX😺,10
wolt,"Национальная кухня / Айран, катык","Национальная кухня / Айран, катык",10
wolt,ЛЁД,ЛЁД,10
wolt,"Мёд и варенье / Джемы","Мёд и варенье / Джемы",10
wolt," Lavazza Blue • Капсулы / GIMOKA"," Lavazza Blue • Капсулы / GIMOKA",10
wolt,СУХОЙ КОРМ ДЛЯ КОШЕК (В УПАКОВКЕ) 🐈 / REFLEX🐾,СУХОЙ КОРМ ДЛЯ КОШЕК (В УПАКОВКЕ) 🐈 / REFLEX🐾,10
wolt,СУХОЙ КОРМ ДЛЯ СОБАК (В УПАКОВКЕ)🐶 / REFLEX🐕‍🦺,СУХОЙ КОРМ ДЛЯ СОБАК (В УПАКОВКЕ)🐶 / REFLEX🐕‍🦺,10
wolt,СУХОЙ КОРМ ДЛЯ СОБАК (В УПАКОВКЕ)🐶 / PRO PLAN🐕‍🦺,СУХОЙ КОРМ ДЛЯ СОБАК (В УПАКОВКЕ)🐶 / PRO PLAN🐕‍🦺,10
wolt,СУХОЙ КОРМ ДЛЯ КОШЕК (В УПАКОВКЕ) 🐈 / KITEKAT🐾,СУХОЙ КОРМ ДЛЯ КОШЕК (В УПАКОВКЕ) 🐈 / KITEKAT🐾,10
wolt,Dolce Gusto • Капсульные кофемашины,Dolce Gusto • Капсульные кофемашины,10
wolt,"Дом, дача, авто / Все для авто","Дом, дача, авто / Все для авто",10
wolt,СЕНДВИЧИ И ФАСТФУД 🥪 / РИМСКАЯ ПИЦЦА,СЕНДВИЧИ И ФАСТФУД 🥪 / РИМСКАЯ ПИЦЦА,10
wolt,"Фрукты и ягоды / Персик, Косточковые фрукты","Фрукты и ягоды / Персик, Косточковые фрукты",10
wolt,"Ветспокоин противорвотное,успокающие средство","Ветспокоин противорвотное,успокающие средство",10
wolt,🐶СУХОЙ КОРМ ДЛЯ СОБАК (НА РАЗВЕС)🐶😋 / ALPHAPET🐶,🐶СУХОЙ КОРМ ДЛЯ СОБАК (НА РАЗВЕС)🐶😋 / ALPHAPET🐶,10
wolt,СУХОЙ КОРМ ДЛЯ СОБАК (В УПАКОВКЕ)🐶 / FORZA🐕‍🦺,СУХОЙ КОРМ ДЛЯ СОБАК (В УПАКОВКЕ)🐶 / FORZA🐕‍🦺,10
wolt,"Автоматические кофемашины / CECOTEC","Автоматические кофемашины / CECOTEC",10
wolt,😺СУХОЙ КОРМ ДЛЯ КОШЕК (НА РАЗВЕС) 🐈 / KITEKAT😺,😺СУХОЙ КОРМ ДЛЯ КОШЕК (НА РАЗВЕС) 🐈 / KITEKAT😺,10
wolt,😺СУХОЙ КОРМ ДЛЯ КОШЕК (В УПАКОВКЕ) 🐈 / TRENDLINE🐾,😺СУХОЙ КОРМ ДЛЯ КОШЕК (В УПАКОВКЕ) 🐈 / TRENDLINE🐾,10
wolt,ОТ УКУСОВ КОМАРОВ,ОТ УКУСОВ КОМАРОВ,10
wolt,😺СУХОЙ КОРМ ДЛЯ КОШЕК (НА РАЗВЕС) 🐈 / УШАСТЫЙ ПИЛОТ😺,😺СУХОЙ КОРМ ДЛЯ КОШЕК (НА РАЗВЕС) 🐈 / УШАСТЫЙ ПИЛОТ😺,10
wolt,ДИАБЕТИЧЕСКИЕ ПРОДУКТЫ / ЦИКОРИЙ,ДИАБЕТИЧЕСКИЕ ПРОДУКТЫ / ЦИКОРИЙ,10
wolt,ВСЕ ДЛЯ ВЫПЕЧКИ / КРАХМАЛ,ВСЕ ДЛЯ ВЫПЕЧКИ / КРАХМАЛ,10
wolt,Лекарственные средства / Препараты для улучшения памяти,Лекарственные средства / Препараты для улучшения памяти,10
wolt,ДИАБЕТИЧЕСКИЕ ПРОДУКТЫ / САХАРОЗАМЕНИТЕЛИ,ДИАБЕТИЧЕСКИЕ ПРОДУКТЫ / САХАРОЗАМЕНИТЕЛИ,10
wolt,"Капельные кофеварки / CECOTEC","Капельные кофеварки / CECOTEC",10
wolt,"Вода и напитки / Спортивные напитки","Вода и напитки / Спортивные напитки",9
wolt, Lavazza Blue • Капсулы / GIMOKA, Lavazza Blue • Капсулы / GIMOKA,9
wolt,СУХОЙ КОРМ ДЛЯ КОШЕК (В УПАКОВКЕ) 🐈 / ELATO🐾,СУХОЙ КОРМ ДЛЯ КОШЕК (В УПАКОВКЕ) 🐈 / ELATO🐾,9
wolt,Корм для питомцев / для кошек,Корм для питомцев / для кошек,9
wolt,АЛКОГОЛЬ / Текила,АЛКОГОЛЬ / Текила,9
wolt,КОНФЕТЫ И СЛАДОСТИ ,КОНФЕТЫ И СЛАДОСТИ ,9
wolt,Dolce Gusto • Капсулы / MILKY WAY,Dolce Gusto • Капсулы / MILKY WAY,9
wolt,СУХОЙ КОРМ ДЛЯ КОШЕК (НА РАЗВЕС) 🐈 / СНЕЖОК😺,СУХОЙ КОРМ ДЛЯ КОШЕК (НА РАЗВЕС) 🐈 / СНЕЖОК😺,8
wolt,СУХОЙ КОРМ ДЛЯ КОШЕК (НА РАЗВЕС) 🐈 / EMINENT😺,СУХОЙ КОРМ ДЛЯ КОШЕК (НА РАЗВЕС) 🐈 / EMINENT😺,8
wolt,ПРОТИВОВИРУСНОЕ СРЕДСТВО,ПРОТИВОВИРУСНОЕ СРЕДСТВО,8
wolt,СУХОЙ КОРМ ДЛЯ КОШЕК (НА РАЗВЕС) 🐈 / YUMMI😺,СУХОЙ КОРМ ДЛЯ КОШЕК (НА РАЗВЕС) 🐈 / YUMMI😺,8
wolt,СУХОЙ КОРМ ДЛЯ СОБАК (НА РАЗВЕС)🐶😋 / BELCANDO🐶,СУХОЙ КОРМ ДЛЯ СОБАК (НА РАЗВЕС)🐶😋 / BELCANDO🐶,8
wolt,МАСЛА 🌻,МАСЛА 🌻,8
wolt,АЛКОГОЛЬ 🥃 / Виски,АЛКОГОЛЬ 🥃 / Виски,8
wolt,ДОНАТЫ,ДОНАТЫ,8
wolt,СУХОЙ КОРМ ДЛЯ КОШЕК (В УПАКОВКЕ) 🐈 / LEONARDO🐾,СУХОЙ КОРМ ДЛЯ КОШЕК (В УПАКОВКЕ) 🐈 / LEONARDO🐾,8
wolt,Энтерозоо,Энтерозоо,8
wolt,Лежанки ,Лежанки ,8
wolt,СУХОЙ КОРМ ДЛЯ СОБАК (НА РАЗВЕС)🐶😋 / REFLEX🐶,СУХОЙ КОРМ ДЛЯ СОБАК (НА РАЗВЕС)🐶😋 / REFLEX🐶,8
wolt,"ДИЕТИЧЕСКИЕ ПРОДУКТЫ🥗 / Хлебцы","ДИЕТИЧЕСКИЕ ПРОДУКТЫ🥗 / Хлебцы",8
wolt,СУХОЙ КОРМ ДЛЯ КОШЕК (НА РАЗВЕС) 🐈 / ALPHAPET😺,СУХОЙ КОРМ ДЛЯ КОШЕК (НА РАЗВЕС) 🐈 / ALPHAPET😺,8
wolt,СУХОЙ КОРМ ДЛЯ КОШЕК (В УПАКОВКЕ) 🐈 / ДЕРЕВЕНСКИЕ ЛАКОМСТВА🐾,СУХОЙ КОРМ ДЛЯ КОШЕК (В УПАКОВКЕ) 🐈 / ДЕРЕВЕНСКИЕ ЛАКОМСТВА🐾,8
wolt,СУХОЙ КОРМ ДЛЯ КОШЕК (НА РАЗВЕС) 🐈 / ACANA/ORIJEN😺,СУХОЙ КОРМ ДЛЯ КОШЕК (НА РАЗВЕС) 🐈 / ACANA/ORIJEN😺,8
wolt,СУХОЙ КОРМ ДЛЯ СОБАК (В УПАКОВКЕ)🐶 / FARMINA🐕‍🦺,СУХОЙ КОРМ ДЛЯ СОБАК (В УПАКОВКЕ)🐶 / FARMINA🐕‍🦺,7
wolt,КОСМЕТИКА💄 / Декоративная косметика ,КОСМЕТИКА💄 / Декоративная косметика ,7
wolt,"МЕДИЦИНСКИЕ ИЗДЕЛИЯ И МЕДТЕХНИКА💉 / Очки, линзы и растворы для линз","МЕДИЦИНСКИЕ ИЗДЕЛИЯ И МЕДТЕХНИКА💉 / Очки, линзы и растворы для линз",7
wolt,ГИГИЕНА И БЫТОВАЯ ХИМИЯ 🧴 / ПРИГОТОВЛЕНИЕ И ХРАНЕНИЕ ,ГИГИЕНА И БЫТОВАЯ ХИМИЯ 🧴 / ПРИГОТОВЛЕНИЕ И ХРАНЕНИЕ ,6
wolt,ГИГИЕНА И БЫТОВАЯ ХИМИЯ 🧴 / САЛФЕТКИ И ПЛАТОЧКИ БУМАЖНЫЕ ,ГИГИЕНА И БЫТОВАЯ ХИМИЯ 🧴 / САЛФЕТКИ И ПЛАТОЧКИ БУМАЖНЫЕ ,6
wolt,ТОНОМЕТР,ТОНОМЕТР,6
wolt,СУХИЕ КОРМА ДЛЯ КОШЕК (ВЕСОВЫЕ) / Me-O,СУХИЕ КОРМА ДЛЯ КОШЕК (ВЕСОВЫЕ) / Me-O,6
wolt,ТОПИНГ,ТОПИНГ,6
wolt,СУХИЕ КОРМА ДЛЯ СОБАК / Royal Canin,СУХИЕ КОРМА ДЛЯ СОБАК / Royal Canin,6
wolt,Monge / Консервы для кошек,Monge / Консервы для кошек,6
wolt,"ОВОЩИ, ГРИБЫ И ЗЕЛЕНЬ  / Редька, рис, сельдерей","ОВОЩИ, ГРИБЫ И ЗЕЛЕНЬ  / Редька, рис, сельдерей",6
wolt,ГИГИЕНА И БЫТОВАЯ ХИМИЯ 🧴 / ТУАЛЕТНАЯ БУМАГА,ГИГИЕНА И БЫТОВАЯ ХИМИЯ 🧴 / ТУАЛЕТНАЯ БУМАГА,6
wolt," Торты 1,5кг🎂"," Торты 1,5кг🎂",6
wolt,Лекарственные средства / Согревающие мази,Лекарственные средства / Согревающие мази,6
wolt,ТОРТЫ И ПИРОГИ 🥧 / ПИРОГИ,ТОРТЫ И ПИРОГИ 🥧 / ПИРОГИ,6
wolt,Лекарственные средства / Прочие средства,Лекарственные средства / Прочие средства,6
wolt,Спрей от ожогов / Спрей от ожогов,Спрей от ожогов / Спрей от ожогов,6
wolt,ГИГИЕНА И БЫТОВАЯ ХИМИЯ 🧼 / Уход за бельем,ГИГИЕНА И БЫТОВАЯ ХИМИЯ 🧼 / Уход за бельем,6
wolt,гинекология и урология / Лечение геморроя,гинекология и урология / Лечение геморроя,6
wolt,Обложки на документы,Обложки на документы,6
wolt,Трава для кошек,Трава для кошек,6
wolt,гинекология и урология / мужское здоровье,гинекология и урология / мужское здоровье,6
wolt,ТРАВКА ПРОРОЩЕННАЯ🌿,ТРАВКА ПРОРОЩЕННАЯ🌿,6
wolt,ТРАВКА ПРОРОЩЕННАЯ😸🐶🐇🦜,ТРАВКА ПРОРОЩЕННАЯ😸🐶🐇🦜,6
wolt,СУХИЕ КОРМА ДЛЯ СОБАК (ВЕСОВЫЕ) / Fitmin Dog For Life,СУХИЕ КОРМА ДЛЯ СОБАК (ВЕСОВЫЕ) / Fitmin Dog For Life,6
wolt,ТРАЙФЛЫ🥮,ТРАЙФЛЫ🥮,6
wolt,MASCOT  / сухой корм для кошек ,MASCOT  / сухой корм для кошек ,6
wolt,КОНФЕТЫ И СЛАДОСТИ / ДИАБЕТИЧЕС.КОНФЕТЫ,КОНФЕТЫ И СЛАДОСТИ / ДИАБЕТИЧЕС.КОНФЕТЫ,6
wolt,Краски для волос,Краски для волос,6
wolt,гинекология и урология / противомикробные препараты,гинекология и урология / противомикробные препараты,6
wolt,КОФЕ / ЧАЙ / ЛИМОНАДЫ🥤 / ГОРЯЧИЙ КОФЕ,КОФЕ / ЧАЙ / ЛИМОНАДЫ🥤 / ГОРЯЧИЙ КОФЕ,6
wolt,Лекарственные средства / Препараты от кольпита,Лекарственные средства / Препараты от кольпита,6
wolt,LOVERAMICS,LOVERAMICS,6
wolt,гинекология и урология / тест на овуляцию,гинекология и урология / тест на овуляцию,6
wolt,ТРИММЕРЫ,ТРИММЕРЫ,6
wolt,ТРУБОЧКА,ТРУБОЧКА,6
wolt,КОНФЕТЫ И СЛАДОСТИ / конфеты,КОНФЕТЫ И СЛАДОСТИ / конфеты,6
wolt,Обеды / Обеды,Обеды / Обеды,6
wolt,Обед,Обед,6
wolt,ГИПОГЛИК.СР-ВО ГР.СУЛЬФОНИЛМОЧ.III ПОК,ГИПОГЛИК.СР-ВО ГР.СУЛЬФОНИЛМОЧ.III ПОК,6
wolt,ГИПОЛИПИДЕМ.СР-ВО-ГМГ-КОА-РЕДУКТ.ИНГИБ.,ГИПОЛИПИДЕМ.СР-ВО-ГМГ-КОА-РЕДУКТ.ИНГИБ.,6
wolt,НООТРОПНОЕ СРЕДСТВО,НООТРОПНОЕ СРЕДСТВО,6
wolt,Новый год 🎄 / Клубничные композиции,Новый год 🎄 / Клубничные композиции,6
wolt,НОВЫЙ ГОД ,НОВЫЙ ГОД ,6
wolt,ИГРУШКИ 🐻,ИГРУШКИ 🐻,6
wolt,БЕЗАЛКОГОЛЬНОЕ ВИНО🥂,БЕЗАЛКОГОЛЬНОЕ ВИНО🥂,6
wolt,ГИПОТЕНЗИВНОЕ СРЕДСТВО ЦЕНТРАЛЬНОГО Д-Я.,ГИПОТЕНЗИВНОЕ СРЕДСТВО ЦЕНТРАЛЬНОГО Д-Я.,6
wolt,ЦВЕТЫ В ГОРШОЧКЕ 🌺,ЦВЕТЫ В ГОРШОЧКЕ 🌺,6
wolt,ГИСТАМИНА ПРЕПАРАТ,ГИСТАМИНА ПРЕПАРАТ,6
wolt,НОВИНКИ,НОВИНКИ,6
wolt,ИГРУШКИ ДЛЯ ЖИВОТНЫХ,ИГРУШКИ ДЛЯ ЖИВОТНЫХ,6
wolt,НЕ ТРОГАТЬ !!!!!!!,НЕ ТРОГАТЬ !!!!!!!,6
wolt,УБОРКА ДЛЯ ДОМА 🧼 / Капсулы для стирки,УБОРКА ДЛЯ ДОМА 🧼 / Капсулы для стирки,6
wolt,УБОРКА ДЛЯ ДОМА 🧼 / Освежители воздуха,УБОРКА ДЛЯ ДОМА 🧼 / Освежители воздуха,6
wolt,ГЛЮКОКОРТИКОСТЕР.+КЕРАТОЛИТИЧЕСКОЕ ,ГЛЮКОКОРТИКОСТЕР.+КЕРАТОЛИТИЧЕСКОЕ ,6
wolt,ГЛЮКОКОРТИКОСТЕРОИД,ГЛЮКОКОРТИКОСТЕРОИД,6
wolt,ГЛЮКОМЕТРЫ,ГЛЮКОМЕТРЫ,6
wolt,УБОРКА ДЛЯ ДОМА 🧼 / Уход за обувью,УБОРКА ДЛЯ ДОМА 🧼 / Уход за обувью,6
wolt,ГОЛУБЦЫ🥟,ГОЛУБЦЫ🥟,6
wolt,СУХИЕ КОРМА ДЛЯ КОШЕК (ВЕСОВЫЕ) / CAT CHOW ,СУХИЕ КОРМА ДЛЯ КОШЕК (ВЕСОВЫЕ) / CAT CHOW ,6
wolt,BLOOM DECOR,BLOOM DECOR,6
wolt,ЛЕКАРСТВЕННЫЕ СРЕДСТВА 💊 / ОНКОЛОГИЧЕСКИЕ ПРЕПАРАТЫ,ЛЕКАРСТВЕННЫЕ СРЕДСТВА 💊 / ОНКОЛОГИЧЕСКИЕ ПРЕПАРАТЫ,6
wolt,LED ЛАМПЫ,LED ЛАМПЫ,6
wolt,СТАЙЛЕРЫ,СТАЙЛЕРЫ,6
wolt,НАУШНИКИ🎧	,НАУШНИКИ🎧	,6
wolt,ЛЕКАРСТВЕННЫЕ СРЕДСТВА 💊 / НЕВРОЛОГИЯ ИЛИ ПСИХИАТРИЯ,ЛЕКАРСТВЕННЫЕ СРЕДСТВА 💊 / НЕВРОЛОГИЯ ИЛИ ПСИХИАТРИЯ,6
wolt,ИММУНЕЛЬ,ИММУНЕЛЬ,6
wolt,УЛИТКИ 🥐,УЛИТКИ 🥐,6
wolt,УМНЫЕ ЗАМКИ,УМНЫЕ ЗАМКИ,6
wolt,УМНЫЕ ШТОРЫ И ЭЛЕКТРОКАРНИЗЫ,УМНЫЕ ШТОРЫ И ЭЛЕКТРОКАРНИЗЫ,6
wolt,ГОРТЕНЗИ🌾,ГОРТЕНЗИ🌾,6
wolt,Натуральные Лакомства 🐶,Натуральные Лакомства 🐶,6
wolt,УПАКОВОЧНЫЙ МАТЕРИАЛ 🎀,УПАКОВОЧНЫЙ МАТЕРИАЛ 🎀,6
wolt,"ИМН,ПЕРЕВЯЗОЧНЫЕ СРЕДСТВА","ИМН,ПЕРЕВЯЗОЧНЫЕ СРЕДСТВА",6
wolt,СУХИЕ КОРМА ДЛЯ КОШЕК (ВЕСОВЫЕ) / APRO,СУХИЕ КОРМА ДЛЯ КОШЕК (ВЕСОВЫЕ) / APRO,6
wolt,УСЛОВИЯ❗️,УСЛОВИЯ❗️,6
wolt,СУХИЕ КОРМА ДЛЯ СОБАК / ДАРЛИНГ,СУХИЕ КОРМА ДЛЯ СОБАК / ДАРЛИНГ,6
wolt,настойки,настойки,6
wolt,СУХИЕ КОРМА ДЛЯ КОШЕК / REFLEX,СУХИЕ КОРМА ДЛЯ КОШЕК / REFLEX,6
wolt,НАПОЛНИТЕЛИ ТРДЕЛЬНИКИ🍓,НАПОЛНИТЕЛИ ТРДЕЛЬНИКИ🍓,6
wolt,Утка / Утка филе копченая,Утка / Утка филе копченая,6
wolt,СУХОЙ КОРМ ДЛЯ КОШЕК (В УПАКОВКЕ) 🐈 / OPTISAFE,СУХОЙ КОРМ ДЛЯ КОШЕК (В УПАКОВКЕ) 🐈 / OPTISAFE,6
wolt,JMsolution / Маски,JMsolution / Маски,6
wolt,JMsolution / Disney,JMsolution / Disney,6
wolt,КОРМА ДЛЯ СОБАК 🐶 / Other,КОРМА ДЛЯ СОБАК 🐶 / Other,6
wolt,beaphar ошейник от блох / Ошейник для кошек,beaphar ошейник от блох / Ошейник для кошек,6
wolt,"ИНГАЛЯТОРЫ, НЕБУЛАЙЗЕРЫ И ГЛЮКОМЕТРЫ","ИНГАЛЯТОРЫ, НЕБУЛАЙЗЕРЫ И ГЛЮКОМЕТРЫ",6
wolt,"КОМПОЗИЦИИ / Композиция №27","КОМПОЗИЦИИ / Композиция №27",6
wolt,"КОМПОЗИЦИИ / Композиция №22","КОМПОЗИЦИИ / Композиция №22",6
wolt,Грелки ,Грелки ,6
wolt,Интернет,Интернет,6
wolt,УХОД ДЛЯ ЛИЦА 😊 / ДЛЯ УПРУГОСТИ ,УХОД ДЛЯ ЛИЦА 😊 / ДЛЯ УПРУГОСТИ ,6
wolt,АНАЛЬНЫЕ СМАЗКИ,АНАЛЬНЫЕ СМАЗКИ,6
wolt,ДЕЗИНФИЦИРУЮЩИЕ СРЕДСТВА,ДЕЗИНФИЦИРУЮЩИЕ СРЕДСТВА,6
wolt,Уход для лица / Маски,Уход для лица / Маски,6
wolt,УХОД ДЛЯ ЛИЦА / МАСКИ,УХОД ДЛЯ ЛИЦА / МАСКИ,6
wolt,УХОД ДЛЯ ЛИЦА / НАБОРЫ,УХОД ДЛЯ ЛИЦА / НАБОРЫ,6
wolt,"КОМПОЗИЦИИ / Композиция №23","КОМПОЗИЦИИ / Композиция №23",6
wolt,Attila Элит / Влажные корм для собак,Attila Элит / Влажные корм для собак,6
wolt,ДЕКОРАТИВНАЯ КОСМЕТИКА,ДЕКОРАТИВНАЯ КОСМЕТИКА,6
wolt,СРЕДСТВА ОТ ТАРАКАНОВ 🪳,СРЕДСТВА ОТ ТАРАКАНОВ 🪳,6
wolt,НАПИТКИ 🥤 / ТОНИКИ,НАПИТКИ 🥤 / ТОНИКИ,6
wolt,БАДЫ💊 / Биологически активные добавки,БАДЫ💊 / Биологически активные добавки,6
wolt,ДЕКОРАТИВНАЯ КОСМЕТИКА / ТОН,ДЕКОРАТИВНАЯ КОСМЕТИКА / ТОН,6
wolt,НАПИТКИ РОЗЛИВ / Морс,НАПИТКИ РОЗЛИВ / Морс,6
wolt,НАПИТКИ РОЗЛИВ / Безалкогольное пиво,НАПИТКИ РОЗЛИВ / Безалкогольное пиво,6
wolt,НАПИТКИ РАЗЛИВНЫЕ 🍐🍋,НАПИТКИ РАЗЛИВНЫЕ 🍐🍋,6
wolt,H2-ГИСТАМИНОВЫХ РЕЦЕПТОРОВ БЛОКАТОР.,H2-ГИСТАМИНОВЫХ РЕЦЕПТОРОВ БЛОКАТОР.,6
wolt,КАМЕРЫ ДЛЯ УМНОГО ДОМА,КАМЕРЫ ДЛЯ УМНОГО ДОМА,6
wolt,Лекарственные средства / Лекарства для повышения давления,Лекарственные средства / Лекарства для повышения давления,6
wolt,ЛЕКАРСТВЕННЫЕ СРЕДСТВА 💊 / ЖАРОПОНИЖАЮЩИЕ,ЛЕКАРСТВЕННЫЕ СРЕДСТВА 💊 / ЖАРОПОНИЖАЮЩИЕ,6
wolt,ДЕРМАТОПРОТЕКТОРНОЕ СРЕДСТВО,ДЕРМАТОПРОТЕКТОРНОЕ СРЕДСТВО,6
wolt,НАПИТКИ🥤 / ЛЕДЯНЫЕ КУБИКИ,НАПИТКИ🥤 / ЛЕДЯНЫЕ КУБИКИ,6
wolt,Бады / Сиропы,Бады / Сиропы,6
wolt,"Капли параэнтральные,пироз / Капли для приема внутрь","Капли параэнтральные,пироз / Капли для приема внутрь",6
wolt,БЕЛЫЕ ВИНА / ГЕРМАНИЯ,БЕЛЫЕ ВИНА / ГЕРМАНИЯ,6
wolt,НАПИТКИ И ЛИМОНАДЫ🍹,НАПИТКИ И ЛИМОНАДЫ🍹,6
wolt,КАРТА ПАМЯТИ📼,КАРТА ПАМЯТИ📼,6
wolt,НАПИТКИ БЕЗАЛКОГОЛЬНЫЕ🥤,НАПИТКИ БЕЗАЛКОГОЛЬНЫЕ🥤,6
wolt,ЛЕКАРСТВЕННЫЕ СРЕДСТВА 💊 / ГОРМАОНАЛЬНЫЕ ПРЕПАРАТЫ,ЛЕКАРСТВЕННЫЕ СРЕДСТВА 💊 / ГОРМАОНАЛЬНЫЕ ПРЕПАРАТЫ,6
wolt,ДЕТСКОЕ ПИТАНИЕ И ГИГИЕНА / ДЕТСКАЯ ГИГИЕНА,ДЕТСКОЕ ПИТАНИЕ И ГИГИЕНА / ДЕТСКАЯ ГИГИЕНА,6
wolt,"КЕСАДИЛЬЯ","КЕСАДИЛЬЯ",6
wolt,ДЕТСКОЕ ПИТАНИЕ И ГИГИЕНА👶🏻 / Подгузники,ДЕТСКОЕ ПИТАНИЕ И ГИГИЕНА👶🏻 / Подгузники,6
wolt,НАГГЕТСЫ🥟,НАГГЕТСЫ🥟,6
wolt,ЧАЙНАЯ ПРОДУКЦИЯ / ОРГАНИЧЕСКИЙ САХАР THNOT,ЧАЙНАЯ ПРОДУКЦИЯ / ОРГАНИЧЕСКИЙ САХАР THNOT,6
wolt,ЧАЙНИКИ ДЛЯ ПЛИТЫ,ЧАЙНИКИ ДЛЯ ПЛИТЫ,6
wolt,НАБОРЫ ДЕСЕРТОВ🎁,НАБОРЫ ДЕСЕРТОВ🎁,6
wolt,БАНАН В ШОКОЛАДЕ,БАНАН В ШОКОЛАДЕ,6
wolt,АНТИБИОТИК+АНТИСЕПТИЧЕСКОЕ,АНТИБИОТИК+АНТИСЕПТИЧЕСКОЕ,6
wolt,Джин,Джин,6
wolt,МЯСО🥩 / Мясо верблюда,МЯСО🥩 / Мясо верблюда,6
wolt,УХОД ЗА ВОЛОСАМИ💇🏻 / КРАСКИ,УХОД ЗА ВОЛОСАМИ💇🏻 / КРАСКИ,6
wolt,Энергичный детоксицирующий прикорм,Энергичный детоксицирующий прикорм,6
wolt,"КОНЬЯК","КОНЬЯК",6
wolt,КОРМА ДЛЯ СОБАК 🐶 / Probalance,КОРМА ДЛЯ СОБАК 🐶 / Probalance,6
wolt,МЯСНЫЕ ДЕЛИКАТЕСЫ 🥓 / ВЕТЧИНА И БЕКОН,МЯСНЫЕ ДЕЛИКАТЕСЫ 🥓 / ВЕТЧИНА И БЕКОН,6
wolt,"МЯСНЫЕ ДЕЛИКАТЕСЫ  🥓 / Ветчина, бекон","МЯСНЫЕ ДЕЛИКАТЕСЫ  🥓 / Ветчина, бекон",6
wolt,Лекарственные средства / Аминокислоты,Лекарственные средства / Аминокислоты,6
wolt,Мягкие игрушки,Мягкие игрушки,6
wolt,"КЛУБНИКА И БАНАН","КЛУБНИКА И БАНАН",6
wolt,КОВРИКИ ДЛЯ МЫШКИ,КОВРИКИ ДЛЯ МЫШКИ,6
wolt,УХОД ЗА КОЖЕЙ ЛИЦА🧖‍♀️ / ЗАЩИТА ОТ СОЛНЦА ДЛЯ ЛИЦА,УХОД ЗА КОЖЕЙ ЛИЦА🧖‍♀️ / ЗАЩИТА ОТ СОЛНЦА ДЛЯ ЛИЦА,6
wolt,МФУ,МФУ,6
wolt,УХОД ЗА КОЖЕЙ ЛИЦА🧖‍♀️ / МУЖСКОЕ,УХОД ЗА КОЖЕЙ ЛИЦА🧖‍♀️ / МУЖСКОЕ,6
wolt,АЛЬТЕРНАТИВЫ ПАКЕТАМ 👜 / СКЛАДНЫЕ СУМКИ (УДОБНО БРАТЬ С СОБОЙ),АЛЬТЕРНАТИВЫ ПАКЕТАМ 👜 / СКЛАДНЫЕ СУМКИ (УДОБНО БРАТЬ С СОБОЙ),6
wolt,ЛЕКАРСТВЕННОЕ РАСТИТЕЛЬНОЕ СЫРЬЕ,ЛЕКАРСТВЕННОЕ РАСТИТЕЛЬНОЕ СЫРЬЕ,6
wolt,"БДСМ / ПЛЁТКИ","БДСМ / ПЛЁТКИ",6
wolt,УХОД ЗА КОЖЕЙ ЛИЦА🧖‍♀️ / ТОЧЕЧНОГО НАНЕСЕНИЯ,УХОД ЗА КОЖЕЙ ЛИЦА🧖‍♀️ / ТОЧЕЧНОГО НАНЕСЕНИЯ,6
wolt,ЛЕКАРСТВА И БАДЫ💊 / От алкоголизма и табакокурения,ЛЕКАРСТВА И БАДЫ💊 / От алкоголизма и табакокурения,6
wolt,ENGLISH TEA 🫖 / 72шт,ENGLISH TEA 🫖 / 72шт,6
wolt,Дирофен / грызуны,Дирофен / грызуны,6
wolt,Дирофен / кошка-собака,Дирофен / кошка-собака,6
wolt,ДИУРЕТИЧЕСКОЕ КАЛИЙСБЕРЕГАЮЩЕЕ СРЕДСТВО,ДИУРЕТИЧЕСКОЕ КАЛИЙСБЕРЕГАЮЩЕЕ СРЕДСТВО,6
wolt,ENGLISH TEA / 100шт,ENGLISH TEA / 100шт,6
wolt,УХОД ЗА ЛИЦОМ💆🏻‍♀️ / Кремы для шеи,УХОД ЗА ЛИЦОМ💆🏻‍♀️ / Кремы для шеи,6
wolt,СНЭКИ 🥜 / ФИСТАШКИ,СНЭКИ 🥜 / ФИСТАШКИ,6
wolt,Колбасные изделия и деликатесы / Деликатесы,Колбасные изделия и деликатесы / Деликатесы,6
wolt,БУКЕТЫ В КОРОБОЧКЕ 🎁 / Other,БУКЕТЫ В КОРОБОЧКЕ 🎁 / Other,6
wolt,СНЭКИ И ОРЕХИ🥔 / ЧИПСЫ (Hunters Gourmet),СНЭКИ И ОРЕХИ🥔 / ЧИПСЫ (Hunters Gourmet),6
wolt,СНЭКИ И ОРЕХИ🥔 / КРУТОНЫ,СНЭКИ И ОРЕХИ🥔 / КРУТОНЫ,6
wolt,ДЛЯ БАНИ,ДЛЯ БАНИ,6
wolt,Буррата,Буррата,6
wolt,СУХОЙ КОРМ ДЛЯ КОШЕК (НА РАЗВЕС) 🐈 / CAT CHOW😺,СУХОЙ КОРМ ДЛЯ КОШЕК (НА РАЗВЕС) 🐈 / CAT CHOW😺,6
wolt,"МУЖСКИЕ ИГРУШКИ / ЭЛЕКТРОННАЯ ПОМПА","МУЖСКИЕ ИГРУШКИ / ЭЛЕКТРОННАЯ ПОМПА",6
wolt,"БЫТОВАЯ ХИМИЯ И СРЕДСТВА ГИГИЕНЫ 🫧 / КРЕМ  ДЛЯ ТЕЛА","БЫТОВАЯ ХИМИЯ И СРЕДСТВА ГИГИЕНЫ 🫧 / КРЕМ  ДЛЯ ТЕЛА",6
wolt,"    Бытовая химия /         Капсулы для стирки","    Бытовая химия /         Капсулы для стирки",6
wolt,Бытовая химия / Кондиционер для белья,Бытовая химия / Кондиционер для белья,6
wolt,МУЖСКИЕ-ЖЕНСКИЕ БАДЫ / ВОЗБУЖДАЮЩЕЕ СРЕДСТВО,МУЖСКИЕ-ЖЕНСКИЕ БАДЫ / ВОЗБУЖДАЮЩЕЕ СРЕДСТВО,6
wolt,БАКАЛЕЯ  / СПРЕДЫ,БАКАЛЕЯ  / СПРЕДЫ,6
wolt,СУХОЙ КОРМ ДЛЯ КОШЕК (НА РАЗВЕС) 🐈 / FORZA😺,СУХОЙ КОРМ ДЛЯ КОШЕК (НА РАЗВЕС) 🐈 / FORZA😺,6
wolt,"СНЕКИ​🥓 / ЧЕЧИЛ","СНЕКИ​🥓 / ЧЕЧИЛ",6
wolt,"МОРОЖЕНОЕ В СТАКАНЧИКАХ","МОРОЖЕНОЕ В СТАКАНЧИКАХ",6
wolt,СНЕКИ / РЫБНЫЕ СНЕКИ,СНЕКИ / РЫБНЫЕ СНЕКИ,6
wolt,АЛКОГОЛЬНЫЕ ТОВАРЫ🍺 / Ликер,АЛКОГОЛЬНЫЕ ТОВАРЫ🍺 / Ликер,6
wolt,Бытовая химия / Пятновыводитель,Бытовая химия / Пятновыводитель,6
wolt,СУХОЙ КОРМ ДЛЯ КОШЕК (НА РАЗВЕС) 🐈 / MELWIN😺,СУХОЙ КОРМ ДЛЯ КОШЕК (НА РАЗВЕС) 🐈 / MELWIN😺,6
wolt,КОСМЕТИЧЕСКИЕ И ГИГИЕНИЧЕСКИЕ СРЕДСТВА💄 / Уход за ногами,КОСМЕТИЧЕСКИЕ И ГИГИЕНИЧЕСКИЕ СРЕДСТВА💄 / Уход за ногами,6
wolt,УХОД ЗА ЛИЦОМ💆🏻‍♀️ / Уход за полостью рта,УХОД ЗА ЛИЦОМ💆🏻‍♀️ / Уход за полостью рта,6
wolt,"ПАРНЫЕ ИГРУШКИ / МУЛЬТИ ВИБРАТОР","ПАРНЫЕ ИГРУШКИ / МУЛЬТИ ВИБРАТОР",6
wolt,ТОВАРЫ ДЛЯ ЖИВОТНЫХ 🐾 / Для собак,ТОВАРЫ ДЛЯ ЖИВОТНЫХ 🐾 / Для собак,6
wolt,"КОСМЕТИКА💄 / СКРАБ, ПИЛЛИНГИ","КОСМЕТИКА💄 / СКРАБ, ПИЛЛИНГИ",6
wolt,Спрей для сердца / Спрей для сердца,Спрей для сердца / Спрей для сердца,6
wolt,ПАКЕТ 🛍,ПАКЕТ 🛍,6
wolt,ЗАМОРОЗКА / Лёд и кое-что ещё,ЗАМОРОЗКА / Лёд и кое-что ещё,6
wolt,ТОВАРЫ ДЛЯ ЖИВОТНЫХ 🐾 / Наполнители,ТОВАРЫ ДЛЯ ЖИВОТНЫХ 🐾 / Наполнители,6
wolt,"СУХИЕ КОРМА ДЛЯ КОШЕК / ДАРЛИНГ","СУХИЕ КОРМА ДЛЯ КОШЕК / ДАРЛИНГ",6
wolt,Пакет,Пакет,6
wolt,ПАЗЛЫ / 80 элементов,ПАЗЛЫ / 80 элементов,6
wolt,QAZAQSALT etno stores ✍🏻 / ЗОНТЫ,QAZAQSALT etno stores ✍🏻 / ЗОНТЫ,6
wolt,QAZAQSALT etno stores ✍🏻 / ЗЕРКАЛА,QAZAQSALT etno stores ✍🏻 / ЗЕРКАЛА,6
wolt,ОЧКОВАЯ ОПТИКА И СРЕДСТВА УХОДА ЗА НЕЙ,ОЧКОВАЯ ОПТИКА И СРЕДСТВА УХОДА ЗА НЕЙ,6
wolt,"ЛИКЕР","ЛИКЕР",6
wolt,ОЧКИ 👓 / Защитные для работы с гаджетами ,ОЧКИ 👓 / Защитные для работы с гаджетами ,6
wolt,QAZAQSALT etno stores ✍🏻 / ЕЖЕДНЕВНИКИ,QAZAQSALT etno stores ✍🏻 / ЕЖЕДНЕВНИКИ,6
wolt,QAZAQSALT etno stores ✍🏻 / БЕЙСБОЛКИ,QAZAQSALT etno stores ✍🏻 / БЕЙСБОЛКИ,6
wolt,ЭКСТРЕННАЯ КОНТРАЦЕПЦИЯ,ЭКСТРЕННАЯ КОНТРАЦЕПЦИЯ,6
wolt,БАУРСАКИ  🫓,БАУРСАКИ  🫓,6
wolt,АУКС,АУКС,6
wolt,лечение почек,лечение почек,6
wolt,"ОЧИЩАЮЩЕЕ СРЕДСТВО ДЛЯ ИГРУШЕК","ОЧИЩАЮЩЕЕ СРЕДСТВО ДЛЯ ИГРУШЕК",6
wolt,ТОВАРЫ ДЛЯ КУХНИ 🏡 / Овощечистки,ТОВАРЫ ДЛЯ КУХНИ 🏡 / Овощечистки,6
wolt,ОТКРЫТКИ 💞 / Дополнительно,ОТКРЫТКИ 💞 / Дополнительно,6
wolt,ГИГИЕНА И БЫТОВАЯ ХИМИЯ 🧴 / ДЛЯ ОДЕЖДЫ И БЕЛЬЯ,ГИГИЕНА И БЫТОВАЯ ХИМИЯ 🧴 / ДЛЯ ОДЕЖДЫ И БЕЛЬЯ,6
wolt,ЗАЩИТА ОТ НАСЕКОМЫХ И ВРЕДИТЕЛЕЙ,ЗАЩИТА ОТ НАСЕКОМЫХ И ВРЕДИТЕЛЕЙ,6
wolt,Pro Plan / К;онсервы для кошек,Pro Plan / К;онсервы для кошек,6
wolt,ЗДОРОВЫЙ ОБРАЗ ЖИЗНИ / Без лактозы,ЗДОРОВЫЙ ОБРАЗ ЖИЗНИ / Без лактозы,6
wolt,ЭЛЕКТРОБРИТВЫ,ЭЛЕКТРОБРИТВЫ,6
wolt,ТОВАРЫ ДЛЯ МАЛЫШЕЙ / Мобили,ТОВАРЫ ДЛЯ МАЛЫШЕЙ / Мобили,6
wolt,СУХИЕ КОРМА ДЛЯ КОШЕК (ВЕСОВЫЕ) / PRO PLAN,СУХИЕ КОРМА ДЛЯ КОШЕК (ВЕСОВЫЕ) / PRO PLAN,6
wolt,ОРУЖИЕ / Мечи,ОРУЖИЕ / Мечи,6
wolt,Товары для машин,Товары для машин,6
wolt,ГИГИЕНА И БЫТОВАЯ ХИМИЯ 🧴 / ДЛЯ ПРОЧИСТКИ ТРУБ,ГИГИЕНА И БЫТОВАЯ ХИМИЯ 🧴 / ДЛЯ ПРОЧИСТКИ ТРУБ,6
wolt,ОРЗ И ПРОСТУДЫ,ОРЗ И ПРОСТУДЫ,6
wolt,ГИГИЕНА И БЫТОВАЯ ХИМИЯ 🧴 / ДЛЯ СТЕКОЛ И ЗЕРКАЛ ,ГИГИЕНА И БЫТОВАЯ ХИМИЯ 🧴 / ДЛЯ СТЕКОЛ И ЗЕРКАЛ ,6
wolt,ГИГИЕНА И БЫТОВАЯ ХИМИЯ 🧴 / ДЛЯ УБОРКИ ДОМА,ГИГИЕНА И БЫТОВАЯ ХИМИЯ 🧴 / ДЛЯ УБОРКИ ДОМА,6
wolt,ProBalance / Влажный корм для собак ,ProBalance / Влажный корм для собак ,6
wolt,СУХИЕ КОРМА ДЛЯ КОШЕК (ВЕСОВЫЕ) / MurKel,СУХИЕ КОРМА ДЛЯ КОШЕК (ВЕСОВЫЕ) / MurKel,6
wolt,"Pet Food , Pancho  / Для кошек ","Pet Food , Pancho  / Для кошек ",6
wolt,☀️ЛЕТО🌴 / Плавание,☀️ЛЕТО🌴 / Плавание,6
wolt,ГИГИЕНА И БЫТОВАЯ ХИМИЯ 🧼 / Игрушки,ГИГИЕНА И БЫТОВАЯ ХИМИЯ 🧼 / Игрушки,6
wolt,стаканчик одноразовые,стаканчик одноразовые,6
wolt,СУХИЕ КОРМА ДЛЯ СОБАК / PERFECT FIT ,СУХИЕ КОРМА ДЛЯ СОБАК / PERFECT FIT ,6
wolt,☀️ЛЕТО🌴 / Игры на свежем воздухе,☀️ЛЕТО🌴 / Игры на свежем воздухе,6
wolt,Pedigree / сухой корм для собак,Pedigree / сухой корм для собак,6
wolt,"ТОВАРЫ ДЛЯ ТВОРЧЕСТВА","ТОВАРЫ ДЛЯ ТВОРЧЕСТВА",6
wolt,ОЛИВКОВЫЕ МАСЛА / ПРОЧЕЕ,ОЛИВКОВЫЕ МАСЛА / ПРОЧЕЕ,6
wolt,Natrol Solgar Витамины,Natrol Solgar Витамины,6
wolt,ТОКПОКИ🥢,ТОКПОКИ🥢,6
wolt,ГИГИЕНА И БЫТОВАЯ ХИМИЯ 🧼 / Наборы,ГИГИЕНА И БЫТОВАЯ ХИМИЯ 🧼 / Наборы,6
wolt,ХОЛОДНЫЕ ЧАИ КОРЕЙСКИЕ🧋,ХОЛОДНЫЕ ЧАИ КОРЕЙСКИЕ🧋,6
wolt,ГИГИЕНА И БЫТОВАЯ ХИМИЯ 🧴 / ОПОЛАСКИВАТЕЛИ,ГИГИЕНА И БЫТОВАЯ ХИМИЯ 🧴 / ОПОЛАСКИВАТЕЛИ,6
wolt,КРАСОТА И ГИГИЕНА 🧴 / ГИГИЕНА ПОЛОЧТИ РТА,КРАСОТА И ГИГИЕНА 🧴 / ГИГИЕНА ПОЛОЧТИ РТА,6
wolt,Крендель 🪺,Крендель 🪺,6
wolt,ГИГИЕНА И БЫТОВАЯ ХИМИЯ 🧴 / ОСВЕЖИТЕЛИ ВОЗДУХА,ГИГИЕНА И БЫТОВАЯ ХИМИЯ 🧴 / ОСВЕЖИТЕЛИ ВОЗДУХА,6
wolt,"ЛЕК.ПРЕП.,ЛЕКАРСТВЕННЫЕ СРЕДСТВА","ЛЕК.ПРЕП.,ЛЕКАРСТВЕННЫЕ СРЕДСТВА",6
wolt,"ОДЕЖДА, НИЖНЕЕ БЕЛЬЕ, ТАПОЧКИ  / Зонтики ","ОДЕЖДА, НИЖНЕЕ БЕЛЬЕ, ТАПОЧКИ  / Зонтики ",6
wolt,ТОНЕРЫ ДЛЯ ЛИЦА 💎,ТОНЕРЫ ДЛЯ ЛИЦА 💎,6
wolt,"ГИГИЕНА И БЫТОВАЯ ХИМИЯ 🧴 / ПИЛИНГ, СКРАБЫ","ГИГИЕНА И БЫТОВАЯ ХИМИЯ 🧴 / ПИЛИНГ, СКРАБЫ",6
wolt,Лекарственные средства / Ушные капли для детей,Лекарственные средства / Ушные капли для детей,6
wolt,Спрей назальный,Спрей назальный,6
wolt,ЗАКУСКИ ,ЗАКУСКИ ,6
wolt,ВЛАЖНЫЙ КОРМ ДЛЯ СОБАК🐶 / Прохвост,ВЛАЖНЫЙ КОРМ ДЛЯ СОБАК🐶 / Прохвост,6
wolt,ЧИСТЯЩИЕ СРЕДСТВА 🧼  / Чернитель шин,ЧИСТЯЩИЕ СРЕДСТВА 🧼  / Чернитель шин,6
wolt,"КОМПОЗИЦИИ / Композиция №14","КОМПОЗИЦИИ / Композиция №14",6
wolt,КРАСОТА И УХОД 🥰 / Уход за полостью рта,КРАСОТА И УХОД 🥰 / Уход за полостью рта,6
wolt,"КОМПОЗИЦИИ / Композиция №15","КОМПОЗИЦИИ / Композиция №15",6
wolt,ВОДА ГАЗИРОВАНАЯ,ВОДА ГАЗИРОВАНАЯ,6
wolt,ВОДА 💧 / Минеральная,ВОДА 💧 / Минеральная,6
wolt,ВОДА 🧊 / МИНЕРАЛЬНАЯ,ВОДА 🧊 / МИНЕРАЛЬНАЯ,6
wolt,КУЛИНАРИЯ / Супы и бульоны,КУЛИНАРИЯ / Супы и бульоны,6
wolt,CHRISTIAN DIOR / Dior Homme Parfum 2025,CHRISTIAN DIOR / Dior Homme Parfum 2025,6
wolt,Масло ГХИ,Масло ГХИ,6
wolt,ТОВАРЫ ДЛЯ ДОМА 🏠 / ЖИДКОСТЬ ДЛЯ МЫТЬЯ ПОЛОВ,ТОВАРЫ ДЛЯ ДОМА 🏠 / ЖИДКОСТЬ ДЛЯ МЫТЬЯ ПОЛОВ,6
wolt,"КОМПОЗИЦИИ / Композиция №16","КОМПОЗИЦИИ / Композиция №16",6
wolt,Масло,Масло,6
wolt,Автоматические кофемашины / MELITTA,Автоматические кофемашины / MELITTA,6
wolt,Празицид  / Суспензия для собак ,Празицид  / Суспензия для собак ,6
wolt,КУКЛЫ / Коляски для кукол,КУКЛЫ / Коляски для кукол,6
wolt,"ВОДКА, НАСТОЙКИ 🍶 / Самогон.Настойки","ВОДКА, НАСТОЙКИ 🍶 / Самогон.Настойки",6
wolt,АЛЬТЕРНАТИВНЫЕ ОТРУБА🫘,АЛЬТЕРНАТИВНЫЕ ОТРУБА🫘,6
wolt,ТОВАРЫ ДЛЯ ДОМА 🏠 / МУСОРНЫЕ МЕШКИ,ТОВАРЫ ДЛЯ ДОМА 🏠 / МУСОРНЫЕ МЕШКИ,6
wolt,КОРМ ДЛЯ ПИТОМЦЕВ 🐶 / ДЛЯ СОБАК,КОРМ ДЛЯ ПИТОМЦЕВ 🐶 / ДЛЯ СОБАК,6
wolt,ПОНЧИКИ🍩,ПОНЧИКИ🍩,6
wolt,АБСЕНТ 🍸,АБСЕНТ 🍸,6
wolt,КРАСОТА И УХОД 🥰 / Бритье и удаление волос,КРАСОТА И УХОД 🥰 / Бритье и удаление волос,6
wolt,Масла пищевые,Масла пищевые,6
wolt,ПОЛУФАБРИКАТЫ 🥟 / Тефтели,ПОЛУФАБРИКАТЫ 🥟 / Тефтели,6
wolt,КРЫШКИ ДЛЯ ПОСУДЫ,КРЫШКИ ДЛЯ ПОСУДЫ,6
wolt,"    Товары для дома /         Пакеты, майки отрывные","    Товары для дома /         Пакеты, майки отрывные",6
wolt,"    Полуфабрикаты /         Манты, хинкали, равиоли","    Полуфабрикаты /         Манты, хинкали, равиоли",6
wolt,ПОЛУФАБРИКАТЫ 🥟 / МАНТЫ И ХИНКАЛИ,ПОЛУФАБРИКАТЫ 🥟 / МАНТЫ И ХИНКАЛИ,6
wolt,"    Полуфабрикаты /         Котлеты, перец, голубцы","    Полуфабрикаты /         Котлеты, перец, голубцы",6
wolt,"КРУАССАНЫ🥐 И ВЫПЕЧКА🥨 ОЧЕНЬ СВЕЖИЕ,КУПИТЕ ПЖ😁","КРУАССАНЫ🥐 И ВЫПЕЧКА🥨 ОЧЕНЬ СВЕЖИЕ,КУПИТЕ ПЖ😁",6
wolt,МАСЛА И СОУСЫ 🥫 / ХУМУС,МАСЛА И СОУСЫ 🥫 / ХУМУС,6
wolt,"КОМПОЗИЦИИ / Композиция №26","КОМПОЗИЦИИ / Композиция №26",6
wolt,Спрей вагиннальный / Спрей вагиннальный,Спрей вагиннальный / Спрей вагиннальный,6
wolt,ПОДСВЕЧНИКИ🪔,ПОДСВЕЧНИКИ🪔,6
wolt,"КОМПОЗИЦИИ / Композиция №17","КОМПОЗИЦИИ / Композиция №17",6
wolt,КОРЗИНЫ ВДОХНОВЕНИЯ,КОРЗИНЫ ВДОХНОВЕНИЯ,6
wolt,"МАСЛА И СОУСЫ 🥫 / ДРЕССИНГИ, ЗАПРАВКИ","МАСЛА И СОУСЫ 🥫 / ДРЕССИНГИ, ЗАПРАВКИ",6
wolt,Спрей для носа / нос ,Спрей для носа / нос ,6
wolt,МАСКИ ДЛЯ ЛИЦА 🧏🏻 / ДЛЯ ЧУВСТВИТЕЛЬНОЙ И СУХОЙ КОЖИ,МАСКИ ДЛЯ ЛИЦА 🧏🏻 / ДЛЯ ЧУВСТВИТЕЛЬНОЙ И СУХОЙ КОЖИ,6
wolt,МАСКИ ДЛЯ ЛИЦА 🧏🏻 / ДЛЯ ЖИРНОЙ И КОМБИНИРОВАННОЙ КОЖИ,МАСКИ ДЛЯ ЛИЦА 🧏🏻 / ДЛЯ ЖИРНОЙ И КОМБИНИРОВАННОЙ КОЖИ,6
wolt,МАСКИ ДЛЯ ЛИЦА 🧏🏻 / ANTI AGE,МАСКИ ДЛЯ ЛИЦА 🧏🏻 / ANTI AGE,6
wolt,ВСЕ ДЛЯ ДОМА И БЫТА,ВСЕ ДЛЯ ДОМА И БЫТА,6
wolt,Подарочные пакеты 🛍,Подарочные пакеты 🛍,6
wolt,"ХЛЕБ","ХЛЕБ",6
wolt,Spectrum,Spectrum,6
wolt,Подарочные наборы / Рамадан ,Подарочные наборы / Рамадан ,6
wolt,КРАСОТА И ГИГИЕНА 🧴 / УХОД ДЛЯ ВОЛОС,КРАСОТА И ГИГИЕНА 🧴 / УХОД ДЛЯ ВОЛОС,6
wolt,Something special,Something special,6
wolt,Косметика / Сыворотки,Косметика / Сыворотки,6
wolt,ВСЕ ДЛЯ ПРАЗДНИКА🎊 / ВЫПИСКА,ВСЕ ДЛЯ ПРАЗДНИКА🎊 / ВЫПИСКА,6
wolt,ПЛОЙКИ,ПЛОЙКИ,6
wolt,ЗАКУСКИ / ПИНЧОС,ЗАКУСКИ / ПИНЧОС,6
wolt,Малина в шоколаде ,Малина в шоколаде ,6
wolt,Маковый рулет 🧈,Маковый рулет 🧈,6
wolt,Chappi  / сухой корм для собак,Chappi  / сухой корм для собак,6
wolt,"КОМПОЗИЦИИ / Композиция №18","КОМПОЗИЦИИ / Композиция №18",6
wolt,ВСЕ ДЛЯ СТИРКИ / ЖИДКОСТИ И ГЕЛИ,ВСЕ ДЛЯ СТИРКИ / ЖИДКОСТИ И ГЕЛИ,6
wolt,МАКИЯЖ💄 / Туши для ресниц,МАКИЯЖ💄 / Туши для ресниц,6
wolt,БЕЛЫЕ ВИНА / ЮАР,БЕЛЫЕ ВИНА / ЮАР,6
wolt,МАКИЯЖ💄 / Тинты для губ,МАКИЯЖ💄 / Тинты для губ,6
wolt,"КОМПОЗИЦИИ / Композиция №19","КОМПОЗИЦИИ / Композиция №19",6
wolt,АПТЕЧНЫЕ ИЗДЕЛИЯ🩹,АПТЕЧНЫЕ ИЗДЕЛИЯ🩹,6
wolt,ЗАКУСКИ 🥙 / Свиные ушки ,ЗАКУСКИ 🥙 / Свиные ушки ,6
wolt,Гель для интимной гигиены,Гель для интимной гигиены,6
wolt,"КОМПОЗИЦИИ / Композиция №2","КОМПОЗИЦИИ / Композиция №2",6
wolt,Royal Canin / Вет линейка,Royal Canin / Вет линейка,6
wolt,КРЕПКИЙ АЛКОГОЛЬ 🥃 / РОМ 🏴‍☠️,КРЕПКИЙ АЛКОГОЛЬ 🥃 / РОМ 🏴‍☠️,6
wolt,"МАКАРОНЫ, КРУПЫ И КАШИ 🍚 / ГРЕЧКА","МАКАРОНЫ, КРУПЫ И КАШИ 🍚 / ГРЕЧКА",6
wolt,Хобби и отдых,Хобби и отдых,6
wolt,"Гельминтал капли,сироп / Сироп для кошек","Гельминтал капли,сироп / Сироп для кошек",6
wolt,МАКАРОНСЫ🍡,МАКАРОНСЫ🍡,6
wolt,ГЕМОСТАТИЧЕСКОЕ СРЕДСТВО,ГЕМОСТАТИЧЕСКОЕ СРЕДСТВО,6
wolt,"КОМПОЗИЦИИ / Композиция №20","КОМПОЗИЦИИ / Композиция №20",6
wolt,ЛУБРИКАНТЫ  / ЧИСТЯЩЕЕ СРЕДСТВА ДЛЯ ИГРУШЕК,ЛУБРИКАНТЫ  / ЧИСТЯЩЕЕ СРЕДСТВА ДЛЯ ИГРУШЕК,6
wolt,ЗАМОРОЖЕННАЯ ПРОДУКЦИЯ❄️ / Остальная замороженная продукция,ЗАМОРОЖЕННАЯ ПРОДУКЦИЯ❄️ / Остальная замороженная продукция,6
wolt,ЛОТКИ ДЛЯ КОШЕК🚽🐱 / СИБИРСКАЯ КОШКА🐱,ЛОТКИ ДЛЯ КОШЕК🚽🐱 / СИБИРСКАЯ КОШКА🐱,6
wolt,Крепкий алкоголь / Кальвадос,Крепкий алкоголь / Кальвадос,6
wolt,QAZAQSALT etno stores ✍🏻 / ЧЕХЛЫ ДЛЯ ТЕЛЕФОНА,QAZAQSALT etno stores ✍🏻 / ЧЕХЛЫ ДЛЯ ТЕЛЕФОНА,6
wolt,"КОМПОЗИЦИИ / Композиция №21","КОМПОЗИЦИИ / Композиция №21",6
wolt,ЛОТКИ ДЛЯ КОШЕК🚽🐱 / SAVIC🐱,ЛОТКИ ДЛЯ КОШЕК🚽🐱 / SAVIC🐱,6
wolt,АРМАНЬЯК 🥃,АРМАНЬЯК 🥃,6
wolt,ЛОТКИ ДЛЯ КОШЕК🚽🐱 / GAMMA,ЛОТКИ ДЛЯ КОШЕК🚽🐱 / GAMMA,6
wolt,"ГИГИЕНА И БЫТОВАЯ ХИМИЯ 🧴 / БАЛЬЗАМЫ, КОНДИЦИОНЕРЫ, МАСКИ","ГИГИЕНА И БЫТОВАЯ ХИМИЯ 🧴 / БАЛЬЗАМЫ, КОНДИЦИОНЕРЫ, МАСКИ",6
wolt,КОРМ ДЛЯ КОШЕК,КОРМ ДЛЯ КОШЕК,6
wolt,ДЛЯ ВОЛОС🌹 / МАСКИ И СЫВОРОТКИ,ДЛЯ ВОЛОС🌹 / МАСКИ И СЫВОРОТКИ,6
wolt,СУХОЙ КОРМ ДЛЯ КОШЕК (НА РАЗВЕС) 🐈 / MURKEL😺,СУХОЙ КОРМ ДЛЯ КОШЕК (НА РАЗВЕС) 🐈 / MURKEL😺,6
wolt,"МОРЕПРОДУКТЫ 🍤  / ВОНГОЛЕ","МОРЕПРОДУКТЫ 🍤  / ВОНГОЛЕ",6
wolt,СНЕКИ И ПЕРЕКУСЫ 🥜 / Туалетная бумага,СНЕКИ И ПЕРЕКУСЫ 🥜 / Туалетная бумага,6
wolt,СНЕКИ И ПЕРЕКУСЫ 🥜 / Пастила,СНЕКИ И ПЕРЕКУСЫ 🥜 / Пастила,6
wolt,СНЕКИ И ПЕРЕКУСЫ 🥜 / Освежители воздуха,СНЕКИ И ПЕРЕКУСЫ 🥜 / Освежители воздуха,6
wolt,"АЛКОГОЛЬНЫЕ НАПИТКИ / ТЕКИЛА","АЛКОГОЛЬНЫЕ НАПИТКИ / ТЕКИЛА",6
wolt,"СНЕКИ И ПЕРЕКУСЫ 🥜 / Кондиционеры, ополаскиватели","СНЕКИ И ПЕРЕКУСЫ 🥜 / Кондиционеры, ополаскиватели",6
wolt,СНЕКИ И ПЕРЕКУСЫ 🥜 / Для стекол и зеркал,СНЕКИ И ПЕРЕКУСЫ 🥜 / Для стекол и зеркал,6
wolt,СНЕКИ И ПЕРЕКУСЫ 🥜 / Для ванной и туалетов,СНЕКИ И ПЕРЕКУСЫ 🥜 / Для ванной и туалетов,6
wolt,"ЧИЗКЕЙК","ЧИЗКЕЙК",6
wolt,СНЕКИ И ПЕРЕКУСЫ 🥜 / Губки для дома,СНЕКИ И ПЕРЕКУСЫ 🥜 / Губки для дома,6
wolt,БЕЗАЛКОГОЛЬНЫЙ ВИННЫЙ НАПИТОК 🫗,БЕЗАЛКОГОЛЬНЫЙ ВИННЫЙ НАПИТОК 🫗,6
wolt,СНЕКИ И ПЕРЕКУСЫ 🥜 / Бумажные полотенца,СНЕКИ И ПЕРЕКУСЫ 🥜 / Бумажные полотенца,6
wolt,СУХОЙ КОРМ ДЛЯ КОШЕК (НА РАЗВЕС) 🐈 / WHISKAS😺,СУХОЙ КОРМ ДЛЯ КОШЕК (НА РАЗВЕС) 🐈 / WHISKAS😺,6
wolt,Бытовая химия / Средство для мытья посуды,Бытовая химия / Средство для мытья посуды,6
wolt,ЛЕД ПИЩЕВОЙ / Лед,ЛЕД ПИЩЕВОЙ / Лед,6
wolt,КОСМЕТИЧЕСКИЕ И ГИГИЕНИЧЕСКИЕ СРЕДСТВА💄 / Уход за волосами,КОСМЕТИЧЕСКИЕ И ГИГИЕНИЧЕСКИЕ СРЕДСТВА💄 / Уход за волосами,6
wolt,СМАРТФОНЫ,СМАРТФОНЫ,6
wolt,"КОМПОЗИЦИИ / Композиция №24","КОМПОЗИЦИИ / Композиция №24",6
wolt,СУХОЙ КОРМ ДЛЯ СОБАК 🐩 / Fitmin,СУХОЙ КОРМ ДЛЯ СОБАК 🐩 / Fitmin,6
wolt,КОСМЕТИЧЕСКИЕ И ГИГИЕНИЧЕСКИЕ СРЕДСТВА💄 / Прочее,КОСМЕТИЧЕСКИЕ И ГИГИЕНИЧЕСКИЕ СРЕДСТВА💄 / Прочее,6
wolt,СУХОЙ КОРМ ДЛЯ СОБАК 🐶 / Forza🇮🇹,СУХОЙ КОРМ ДЛЯ СОБАК 🐶 / Forza🇮🇹,6
wolt,ШВЕЙНЫЕ МАШИНЫ,ШВЕЙНЫЕ МАШИНЫ,6
wolt,"8 Марта 🌷 / Сеты","8 Марта 🌷 / Сеты",6
wolt,ВАТНЫЕ ДИСКИ ☁️,ВАТНЫЕ ДИСКИ ☁️,6
wolt,Ватные палочки и диски,Ватные палочки и диски,6
wolt,СУХОЙ КОРМ ДЛЯ СОБАК 🐩 / Reflex,СУХОЙ КОРМ ДЛЯ СОБАК 🐩 / Reflex,6
wolt,СУХОЙ КОРМ ДЛЯ СОБАК 🐩 / Royal Canin,СУХОЙ КОРМ ДЛЯ СОБАК 🐩 / Royal Canin,6
wolt,"СЛОЙКА","СЛОЙКА",6
wolt,СТРОИТЕЛЬСТВО И РЕМОНТ / СВАРОЧНЫЕ ЗАЖИМЫ,СТРОИТЕЛЬСТВО И РЕМОНТ / СВАРОЧНЫЕ ЗАЖИМЫ,6
wolt,"КОМПОЗИЦИИ / Композиция №3","КОМПОЗИЦИИ / Композиция №3",6
wolt,ВЕРТИКАЛЬНЫЕ ОТПАРИВАТЕЛИ,ВЕРТИКАЛЬНЫЕ ОТПАРИВАТЕЛИ,6
wolt,ВЕСНА С CACTUS ❤︎,ВЕСНА С CACTUS ❤︎,6
wolt,СЛАДОСТИ / Сладости Plaza Del Sol,СЛАДОСТИ / Сладости Plaza Del Sol,6
wolt,СЛАДОСТИ / Сладости Le Bonta,СЛАДОСТИ / Сладости Le Bonta,6
wolt,"СЛАДОСТИ, ПОДАРКИ 🎀","СЛАДОСТИ, ПОДАРКИ 🎀",6
wolt,Соджу,Соджу,6
wolt,СЛАДОСТИ 🍰 / MACARONS,СЛАДОСТИ 🍰 / MACARONS,6
wolt,СТРОИТЕЛЬСТВО И РЕМОНТ / ПРЯМОШЛИФОВАЛЬНЫЕ МАШИНЫ,СТРОИТЕЛЬСТВО И РЕМОНТ / ПРЯМОШЛИФОВАЛЬНЫЕ МАШИНЫ,6
wolt,КРЕМ ДЛЯ РУК 🧴,КРЕМ ДЛЯ РУК 🧴,6
wolt,АЛКОГОЛЬНЫЕ НАПИТКИ 🥂 / ЛИКЕРЫ 🥃,АЛКОГОЛЬНЫЕ НАПИТКИ 🥂 / ЛИКЕРЫ 🥃,6
wolt,ВЕТРОГОННОЕ СРЕДСТВО,ВЕТРОГОННОЕ СРЕДСТВО,6
wolt,Сладкие подарки,Сладкие подарки,6
wolt,ДЛЯ МАМЫ И МАЛЫША 👶 / ДЕТСКАЯ ПОСУДА,ДЛЯ МАМЫ И МАЛЫША 👶 / ДЕТСКАЯ ПОСУДА,6
wolt,ВЗЯТЬ С СОБОЙ / В ПОЕЗДКУ/ПОХОД,ВЗЯТЬ С СОБОЙ / В ПОЕЗДКУ/ПОХОД,6
wolt,"ШОКОЛАД","ШОКОЛАД",6
wolt,"Молочные продукты / Растительное молоко","Молочные продукты / Растительное молоко",6
wolt,ВЗЯТЬ С СОБОЙ / ЛАНЧБОКСЫ,ВЗЯТЬ С СОБОЙ / ЛАНЧБОКСЫ,6
wolt,СУХОЙ КОРМ ДЛЯ СОБАК (НА РАЗВЕС)🐶😋 / ACANA/ORIJEN🐶,СУХОЙ КОРМ ДЛЯ СОБАК (НА РАЗВЕС)🐶😋 / ACANA/ORIJEN🐶,6
wolt,ДЛЯ МАМЫ И МАЛЫША 👶 / ЗУБНЫЕ ПАСТЫ И ЩЁТКИ,ДЛЯ МАМЫ И МАЛЫША 👶 / ЗУБНЫЕ ПАСТЫ И ЩЁТКИ,6
wolt,ДЛЯ МАМЫ И МАЛЫША 👶 / ПОДГУЗНИКИ,ДЛЯ МАМЫ И МАЛЫША 👶 / ПОДГУЗНИКИ,6
wolt,ВИННАЯ ЛИТЕРАТУРА,ВИННАЯ ЛИТЕРАТУРА,6
wolt,БИОСТИМУЛИРУЮЩЕЕ СР-ВО ПРИР. ПРОИСХ,БИОСТИМУЛИРУЮЩЕЕ СР-ВО ПРИР. ПРОИСХ,6
wolt,ДЛЯ МАМЫ И РЕБЕНКА 👩🏻‍🍼 / ПРИСЫПКИ,ДЛЯ МАМЫ И РЕБЕНКА 👩🏻‍🍼 / ПРИСЫПКИ,6
wolt,"СРЕДСТВА ГИГИЕНЫ, ФАРМАЦЕВТИКА / Other","СРЕДСТВА ГИГИЕНЫ, ФАРМАЦЕВТИКА / Other",6
wolt,CКИДКИ / ЛИКЕР,CКИДКИ / ЛИКЕР,6
wolt,СКИДКИ ДО -50%,СКИДКИ ДО -50%,6
wolt,СУХОЙ КОРМ ДЛЯ КОШЕК (В УПАКОВКЕ) 🐈 / WELLEMENT🐾,СУХОЙ КОРМ ДЛЯ КОШЕК (В УПАКОВКЕ) 🐈 / WELLEMENT🐾,6
wolt,ВИСКИ / ЯПОНИЯ,ВИСКИ / ЯПОНИЯ,6
wolt,ВИТАМИННЫЕ ПРЕПАРАТЫ,ВИТАМИННЫЕ ПРЕПАРАТЫ,6
wolt,КОРЕЙСИЕ КИРИЕШКИ,КОРЕЙСИЕ КИРИЕШКИ,6
wolt,СТРОИТЕЛЬСТВО И РЕМОНТ / НАБОРЫ БИТ,СТРОИТЕЛЬСТВО И РЕМОНТ / НАБОРЫ БИТ,6
wolt,Сироп от лечения острых и хранический синуситов / Сироп,Сироп от лечения острых и хранический синуситов / Сироп,6
wolt,"КОМПОЗИЦИИ / Композиция №4","КОМПОЗИЦИИ / Композиция №4",6
wolt,СУШИЛКИ ДЛЯ ОБУВИ,СУШИЛКИ ДЛЯ ОБУВИ,6
wolt,ДЛЯ СТИРКИ и МЫТЬЯ,ДЛЯ СТИРКИ и МЫТЬЯ,6
wolt,КОЛОНКИ📻,КОЛОНКИ📻,6
wolt,СЫВОРОТКИ 💊 / ANTI AGE,СЫВОРОТКИ 💊 / ANTI AGE,6
wolt,СЫВОРОТКИ 💊 / ДЛЯ РОВНОГО ТОНА И ПРОТИВ ПИГМЕНТАЦИИ,СЫВОРОТКИ 💊 / ДЛЯ РОВНОГО ТОНА И ПРОТИВ ПИГМЕНТАЦИИ,6
wolt,УХОД ЗА ТЕЛОМ🧴 / Масла и шиммеры,УХОД ЗА ТЕЛОМ🧴 / Масла и шиммеры,6
wolt,СТРОИТЕЛЬСТВО И РЕМОНТ / ВИНТОВЕРТЫ,СТРОИТЕЛЬСТВО И РЕМОНТ / ВИНТОВЕРТЫ,6
wolt,"КОМПОЗИЦИИ / Композиция №5","КОМПОЗИЦИИ / Композиция №5",6
wolt,СЫРНИКИ🥞,СЫРНИКИ🥞,6
wolt,СЫРНИКИ🧀,СЫРНИКИ🧀,6
wolt,"МОЛОКО, ЯЙЦА, МАСЛО, СЫР🥛 / КУРТ ","МОЛОКО, ЯЙЦА, МАСЛО, СЫР🥛 / КУРТ ",6
wolt,СЫРНЫЕ ПАЛОЧКИ,СЫРНЫЕ ПАЛОЧКИ,6
wolt,молоко  / Молочные продукты ,молоко  / Молочные продукты ,6
wolt,Страчателла ,Страчателла ,6
wolt,СЭНДВИЧИ,СЭНДВИЧИ,6
wolt,УХОД ЗА ТЕЛОМ🧴 / Соли и эссенции для ванн,УХОД ЗА ТЕЛОМ🧴 / Соли и эссенции для ванн,6
wolt,СЕРДЕЧНО-СОСУДИСТЫЕ,СЕРДЕЧНО-СОСУДИСТЫЕ,6
wolt,МОЛОКО ДЛЯ ВСКАРМЛЕВАНИЕ ,МОЛОКО ДЛЯ ВСКАРМЛЕВАНИЕ ,6
wolt,БЕНТО-ТОРТЫ ,БЕНТО-ТОРТЫ ,6
wolt,МОЗГОВОЙ КРОВОТОК УЛУЧШАЮЩЕЕ СРЕДСТВО,МОЗГОВОЙ КРОВОТОК УЛУЧШАЮЩЕЕ СРЕДСТВО,6
wolt,ЛАКОМСТВА ДЛЯ КОШЕК😻 / Другое,ЛАКОМСТВА ДЛЯ КОШЕК😻 / Другое,6
wolt,"Табачная продукци / Спички, зажигалки","Табачная продукци / Спички, зажигалки",6
wolt,Мираторг  / Сухой корм для собак,Мираторг  / Сухой корм для собак,6
wolt,Мираторг  / Сухой корм для кошек ,Мираторг  / Сухой корм для кошек ,6
wolt,СЕКС ИГРУШКИ ДЛЯ ДВОИХ  / ЮВЕЛИРНЫЕ ПРОБКИ,СЕКС ИГРУШКИ ДЛЯ ДВОИХ  / ЮВЕЛИРНЫЕ ПРОБКИ,6
wolt,СЕКС ИГРУШКИ ДЛЯ ДВОИХ  / УКРАШЕНИЯ,СЕКС ИГРУШКИ ДЛЯ ДВОИХ  / УКРАШЕНИЯ,6
wolt,ВЛАЖНЫЕ КОРМА ДЛЯ КОШЕК / Royal Canin ветеринарная линейка,ВЛАЖНЫЕ КОРМА ДЛЯ КОШЕК / Royal Canin ветеринарная линейка,6
wolt,СЕКС ИГРУШКИ ДЛЯ ДВОИХ  / АНАЛЬНЫЕ ЦЕПОЧКИ,СЕКС ИГРУШКИ ДЛЯ ДВОИХ  / АНАЛЬНЫЕ ЦЕПОЧКИ,6
wolt,Комбо с бенто тортом ,Комбо с бенто тортом ,6
wolt,МИЛЫЙ КОМПЛИМЕНТ / ИГРУШКА+ЦВЕТЫ,МИЛЫЙ КОМПЛИМЕНТ / ИГРУШКА+ЦВЕТЫ,6
wolt,ЛАКОМСТВА ДЛЯ КОШЕК 😻 / WELLEMENT😸❤️,ЛАКОМСТВА ДЛЯ КОШЕК 😻 / WELLEMENT😸❤️,6
wolt,МЕДИЦИНСКИЕ ИЗДЕЛИЯ И МЕДТЕХНИКА💉 / Устройства для промывания носа,МЕДИЦИНСКИЕ ИЗДЕЛИЯ И МЕДТЕХНИКА💉 / Устройства для промывания носа,6
wolt,ВЛАЖНЫЕ КОРМА ДЛЯ СОБАК / Chappi,ВЛАЖНЫЕ КОРМА ДЛЯ СОБАК / Chappi,6
wolt,МЕДИЦИНСКИЕ ИЗДЕЛИЯ И МЕДТЕХНИКА💉 / Процедурные изделия,МЕДИЦИНСКИЕ ИЗДЕЛИЯ И МЕДТЕХНИКА💉 / Процедурные изделия,6
wolt,ЛАКОМСТВА ДЛЯ КОШЕК / WELLEMENT,ЛАКОМСТВА ДЛЯ КОШЕК / WELLEMENT,6
wolt,АПЕРОЛЬ 🍸,АПЕРОЛЬ 🍸,6
wolt,ВЛАЖНЫЕ КОРМА ДЛЯ СОБАК / LoveGav,ВЛАЖНЫЕ КОРМА ДЛЯ СОБАК / LoveGav,6
wolt,АЛКОГОЛЬ 🍾 / ДЖИН,АЛКОГОЛЬ 🍾 / ДЖИН,6
wolt,АЛКОГОЛЬ / Джин,АЛКОГОЛЬ / Джин,6
wolt,СВЕТИЛЬНИКИ,СВЕТИЛЬНИКИ,6
wolt,ВЛАЖНЫЕ КОРМА ДЛЯ СОБАК / Monge,ВЛАЖНЫЕ КОРМА ДЛЯ СОБАК / Monge,6
wolt,ВЛАЖНЫЕ КОРМА ДЛЯ СОБАК / Nature's Protection,ВЛАЖНЫЕ КОРМА ДЛЯ СОБАК / Nature's Protection,6
wolt,АЛКОГОЛЬ 🍾 / ВИСКИ 🥃,АЛКОГОЛЬ 🍾 / ВИСКИ 🥃,6
wolt,💗COSMO LOVE💗,💗COSMO LOVE💗,6
wolt,КОСМЕТИЧЕСКИЕ И ГИГИЕНИЧЕСКИЕ СРЕДСТВА💄 / Для ванны и душа,КОСМЕТИЧЕСКИЕ И ГИГИЕНИЧЕСКИЕ СРЕДСТВА💄 / Для ванны и душа,6
wolt,"    Рыба, морепродукты, икра /         Слабосолёная рыба","    Рыба, морепродукты, икра /         Слабосолёная рыба",6
wolt,"    Рыба, морепродукты, икра /         Крабовые палочки, мясо крабовое","    Рыба, морепродукты, икра /         Крабовые палочки, мясо крабовое",6
wolt,"КОМПОЗИЦИИ / Композиция №25","КОМПОЗИЦИИ / Композиция №25",6
wolt,"КОМПОЗИЦИИ / Композиция №6","КОМПОЗИЦИИ / Композиция №6",6
wolt,РОЛЛЫ,РОЛЛЫ,6
wolt,РОЗЫ РОЗЫ РОЗЫ 🌹,РОЗЫ РОЗЫ РОЗЫ 🌹,6
wolt,ТАРТАЛЕТКИ 🍮,ТАРТАЛЕТКИ 🍮,6
wolt,ФЕНЫ,ФЕНЫ,6
wolt,ВЛАЖНЫЕ КОРМА ДЛЯ СОБАК / Вкусмяcина,ВЛАЖНЫЕ КОРМА ДЛЯ СОБАК / Вкусмяcина,6
wolt,РЕПАРАЦИИ ТКАНЕЙ СТИМУЛЯТОР ПРИР.ПРОИСХ.,РЕПАРАЦИИ ТКАНЕЙ СТИМУЛЯТОР ПРИР.ПРОИСХ.,6
wolt,АКЦИЯ🎀,АКЦИЯ🎀,6
wolt,РЕПАРАЦИИ ТКАНЕЙ СТИМУЛЯТОР,РЕПАРАЦИИ ТКАНЕЙ СТИМУЛЯТОР,6
wolt,Косметика / Дезодорант,Косметика / Дезодорант,6
wolt,"КОМПОЗИЦИИ / Композиция №7","КОМПОЗИЦИИ / Композиция №7",6
wolt,КОРЕЙСКИЕ БАТОНЧИКИ🍫,КОРЕЙСКИЕ БАТОНЧИКИ🍫,6
wolt,"МЕДИЦИНСКИЕ ИЗДЕЛИЯ И МЕДТЕХНИКА💉 / Глюкометры, комплектующие","МЕДИЦИНСКИЕ ИЗДЕЛИЯ И МЕДТЕХНИКА💉 / Глюкометры, комплектующие",6
wolt,ФИБРИНОЛИТИЧЕСК.СР-ВО-АКТ-Р ПЛАЗМИНОГЕНА,ФИБРИНОЛИТИЧЕСК.СР-ВО-АКТ-Р ПЛАЗМИНОГЕНА,6
wolt,РАСТИТЕЛЬНОЕ МОЛОКО 🥛,РАСТИТЕЛЬНОЕ МОЛОКО 🥛,6
wolt,ТЕКИЛА ,ТЕКИЛА ,6
wolt,"КОМПОЗИЦИИ / Композиция №28","КОМПОЗИЦИИ / Композиция №28",6
wolt,АКСЕССУАРЫ 🕶️ / Стоперы для очков,АКСЕССУАРЫ 🕶️ / Стоперы для очков,6
wolt,ТЕКИЛА🌵,ТЕКИЛА🌵,6
wolt,КОРЕЙСКИЙ КАНЧО,КОРЕЙСКИЙ КАНЧО,6
wolt,СОУСЫ / СОУСЫ CONDITO ,СОУСЫ / СОУСЫ CONDITO ,6
wolt,ФИРМЕННЫЕ БОКАЛЫ,ФИРМЕННЫЕ БОКАЛЫ,6
wolt,"БДСМ / БДСМ НАБОРЫ","БДСМ / БДСМ НАБОРЫ",6
wolt,ЛАКОМСТВА ДЛЯ КОШЕК / PERFECT FIT,ЛАКОМСТВА ДЛЯ КОШЕК / PERFECT FIT,6
wolt,"КРЕМА-ГЕЛИ-ДУХИ С ФЕРОМОНАМИ							","КРЕМА-ГЕЛИ-ДУХИ С ФЕРОМОНАМИ							",6
wolt,ВЛАЖНЫЙ КОРМ ДЛЯ КОШЕК 🐈‍⬛ / Edel Cat,ВЛАЖНЫЙ КОРМ ДЛЯ КОШЕК 🐈‍⬛ / Edel Cat,6
wolt,РАЗМЕРЫ,РАЗМЕРЫ,6
wolt,РАВИОЛИ🥟,РАВИОЛИ🥟,6
wolt,Пуэр,Пуэр,6
wolt,ВЛАЖНЫЙ КОРМ ДЛЯ КОШЕК 🐈‍⬛ / Leonardo ,ВЛАЖНЫЙ КОРМ ДЛЯ КОШЕК 🐈‍⬛ / Leonardo ,6
wolt,Композиции в корзинках,Композиции в корзинках,6
wolt,ТЕРМОСЫ,ТЕРМОСЫ,6
wolt,КОМПОЗИЦИИ ИЗ ГИПСОФИЛЫ 🌾,КОМПОЗИЦИИ ИЗ ГИПСОФИЛЫ 🌾,6
wolt,"КОМПОЗИЦИИ / Композиция №8","КОМПОЗИЦИИ / Композиция №8",6
wolt,Противопаразитарные ошейники,Противопаразитарные ошейники,6
wolt,ПРОТИВОМИКРОБНОЕ СРЕДСТВО - ХИНОКСАЛИН,ПРОТИВОМИКРОБНОЕ СРЕДСТВО - ХИНОКСАЛИН,6
wolt,ФРЕНЧ ДОГ 🌭,ФРЕНЧ ДОГ 🌭,6
wolt,ТЕФТЕЛИ🧆,ТЕФТЕЛИ🧆,6
wolt,ТИРЕОИДНОЕ,ТИРЕОИДНОЕ,6
wolt,ТИРОКСИНА СИНТЕЗА РЕГУЛЯТОР-ЙОДА ПРЕПАР.,ТИРОКСИНА СИНТЕЗА РЕГУЛЯТОР-ЙОДА ПРЕПАР.,6
wolt,ТОВАР ИЗ ПЕРЕРАБОТАННОГО ПЛАСТИКА / АКСЕССУАРЫ,ТОВАР ИЗ ПЕРЕРАБОТАННОГО ПЛАСТИКА / АКСЕССУАРЫ,6
wolt,Матча (Маття),Матча (Маття),6
wolt,ПРОТИВОКЛИМАКТ.СР-ВО (ЭСТРОГЕН+ГЕСТАГЕН),ПРОТИВОКЛИМАКТ.СР-ВО (ЭСТРОГЕН+ГЕСТАГЕН),6
wolt,Аксессуары / Бумажные фильтры для кофе,Аксессуары / Бумажные фильтры для кофе,6
wolt,ПРОТЕИНОВЫЕ БАТОНЧИКИ И ПЕЧЕНЬЕ,ПРОТЕИНОВЫЕ БАТОНЧИКИ И ПЕЧЕНЬЕ,6
wolt,"КОМПОЗИЦИИ / Композиция №9","КОМПОЗИЦИИ / Композиция №9",6
wolt,"КОМПОЗИЦИИ / Композиция №1","КОМПОЗИЦИИ / Композиция №1",6
wolt,МАССАЖЕРЫ,МАССАЖЕРЫ,6
wolt,ВЛАЖНЫЙ КОРМ ДЛЯ КОШЕК 🐈 / Sirius,ВЛАЖНЫЙ КОРМ ДЛЯ КОШЕК 🐈 / Sirius,6
wolt,"МАСЛО, СЫР, ЯЙЦА 🧀 / Яйца","МАСЛО, СЫР, ЯЙЦА 🧀 / Яйца",6
wolt,"КОМПОЗИЦИИ / Композиция №10","КОМПОЗИЦИИ / Композиция №10",6
wolt,ТОВАРЫ ДЛЯ ВОСТОЧНОЙ КУХНИ,ТОВАРЫ ДЛЯ ВОСТОЧНОЙ КУХНИ,6
wolt,ПРИНТЕР,ПРИНТЕР,6
wolt,ВЛАЖНЫЙ КОРМ ДЛЯ КОШЕК 🐈‍⬛ / Ночной охотник ,ВЛАЖНЫЙ КОРМ ДЛЯ КОШЕК 🐈‍⬛ / Ночной охотник ,6
wolt,ПРИГОТОВЛЕНИЕ НАПИТКОВ🍸,ПРИГОТОВЛЕНИЕ НАПИТКОВ🍸,6
wolt,"КОМПОЗИЦИИ / Композиция №11","КОМПОЗИЦИИ / Композиция №11",6
wolt,ВЛАЖНЫЙ КОРМ ДЛЯ СОБАК 🐕 / GEMON,ВЛАЖНЫЙ КОРМ ДЛЯ СОБАК 🐕 / GEMON,6
wolt,СОУСЫ / СОУСЫ KUHNE,СОУСЫ / СОУСЫ KUHNE,6
wolt,ЭКО КУХНЯ 🍴 / АКСЕССУАРЫ ДЛЯ ГОТОВКИ,ЭКО КУХНЯ 🍴 / АКСЕССУАРЫ ДЛЯ ГОТОВКИ,6
wolt,ТОВАРЫ ДЛЯ ДЕТЕЙ 👶🏻 / ДЕТСКИЙ КРЕМ,ТОВАРЫ ДЛЯ ДЕТЕЙ 👶🏻 / ДЕТСКИЙ КРЕМ,6
wolt,Жал конский,Жал конский,6
wolt,ТОВАРЫ ДЛЯ ДЕТЕЙ 👶🏻 / ЗУБНЫЕ ЩЕТКИ,ТОВАРЫ ДЛЯ ДЕТЕЙ 👶🏻 / ЗУБНЫЕ ЩЕТКИ,6
wolt,ЧИСТЯЩИЕ СРЕДСТВА 🧽 / Уборка,ЧИСТЯЩИЕ СРЕДСТВА 🧽 / Уборка,6
wolt,"КОМПОЗИЦИИ / Композиция №12","КОМПОЗИЦИИ / Композиция №12",6
wolt,АВТОТРЕКИ И ПАРКОВКИ / Парковки,АВТОТРЕКИ И ПАРКОВКИ / Парковки,6
wolt,ТОВАРЫ ДЛЯ ДЕТЕЙ 👶🏻 / СТИРАЛЬНЫЕ ПОРОШКИ,ТОВАРЫ ДЛЯ ДЕТЕЙ 👶🏻 / СТИРАЛЬНЫЕ ПОРОШКИ,6
wolt,СПЕЦИАЛЬНОЕ ПРЕДЛОЖЕНИЕ / ВИСКИ,СПЕЦИАЛЬНОЕ ПРЕДЛОЖЕНИЕ / ВИСКИ,6
wolt,ВЛАЖНЫЙ КОРМ ДЛЯ СОБАК 🐕 / ВЕТДИЕТА,ВЛАЖНЫЙ КОРМ ДЛЯ СОБАК 🐕 / ВЕТДИЕТА,6
wolt,"ЖЕНСКИЕ ИГРУШКИ / СТРАПОН ЖЕНСКИЙ","ЖЕНСКИЕ ИГРУШКИ / СТРАПОН ЖЕНСКИЙ",6
wolt,"КОМПОЗИЦИИ / Композиция №13","КОМПОЗИЦИИ / Композиция №13",6
wolt,"Замороженная продукция / Рыбные полуфабрикаты","Замороженная продукция / Рыбные полуфабрикаты",5
wolt,🐶СУХОЙ КОРМ ДЛЯ СОБАК (НА РАЗВЕС)🐶😋 / FITMIN🐶,🐶СУХОЙ КОРМ ДЛЯ СОБАК (НА РАЗВЕС)🐶😋 / FITMIN🐶,5
wolt,МЯСО И ПТИЦА 🥩 / Мясо на кости,МЯСО И ПТИЦА 🥩 / Мясо на кости,5
wolt,Dolce Gusto • Капсулы / SNICKERS,Dolce Gusto • Капсулы / SNICKERS,5
wolt,СУХОЙ КОРМ ДЛЯ КОШЕК (В УПАКОВКЕ) 🐈 / WHISKAS🐾,СУХОЙ КОРМ ДЛЯ КОШЕК (В УПАКОВКЕ) 🐈 / WHISKAS🐾,5
wolt,ЭКСКЛЮЗИВ ОТ ONIGIRI AKTOBE,ЭКСКЛЮЗИВ ОТ ONIGIRI AKTOBE,5
wolt,PALE ALE / APA / IPA / APA,PALE ALE / APA / IPA / APA,5
wolt,БЫТОВАЯ ХИМИЯ / МЫТЬЕ ПОСУДЫ,БЫТОВАЯ ХИМИЯ / МЫТЬЕ ПОСУДЫ,5
wolt,Блюда до 18:00,Блюда до 18:00,5
wolt,Dolce Gusto • Капсулы / BOUNTY,Dolce Gusto • Капсулы / BOUNTY,5
wolt,"Колбасы, сосиски, деликатесы / Колбаски и полуфабрикаты для жарки","Колбасы, сосиски, деликатесы / Колбаски и полуфабрикаты для жарки",5
wolt,"ДЕТСКОЕ ПИТАНИЕ И ГИГИЕНА / Подгузники, салфетки","ДЕТСКОЕ ПИТАНИЕ И ГИГИЕНА / Подгузники, салфетки",5
wolt,😺СУХОЙ КОРМ ДЛЯ КОШЕК (В УПАКОВКЕ) 🐈 / FORZA🐾,😺СУХОЙ КОРМ ДЛЯ КОШЕК (В УПАКОВКЕ) 🐈 / FORZA🐾,5
wolt,ВСЕ ДЛЯ ВЫПЕЧКИ / ЖЕЛАТИН,ВСЕ ДЛЯ ВЫПЕЧКИ / ЖЕЛАТИН,5
wolt,😺СУХОЙ КОРМ ДЛЯ КОШЕК (В УПАКОВКЕ) 🐈 / УШАСТЫЙ ПИЛОТ🐾,😺СУХОЙ КОРМ ДЛЯ КОШЕК (В УПАКОВКЕ) 🐈 / УШАСТЫЙ ПИЛОТ🐾,5
wolt,"Национальная кухня / Казы, шужык","Национальная кухня / Казы, шужык",5
wolt,СУХОЙ КОРМ ДЛЯ СОБАК (НА РАЗВЕС)🐶😋 / ДИЛЛИ🐶,СУХОЙ КОРМ ДЛЯ СОБАК (НА РАЗВЕС)🐶😋 / ДИЛЛИ🐶,5
wolt,Готовая еда / Кимпаб и онигири,Готовая еда / Кимпаб и онигири,5
wolt,"МАСЛО, СЫР, ЯЙЦА / Яйца","МАСЛО, СЫР, ЯЙЦА / Яйца",5
wolt,"МОЛОЧНЫЕ ПРОДУКТЫ / Растительное молоко","МОЛОЧНЫЕ ПРОДУКТЫ / Растительное молоко",5
wolt,"ДОМ, ДАЧА, АВТО / КУХОННЫЙ ИНВЕНТАРЬ","ДОМ, ДАЧА, АВТО / КУХОННЫЙ ИНВЕНТАРЬ",5
wolt,СУХОЙ КОРМ ДЛЯ КОШЕК (В УПАКОВКЕ) 🐈 / YUMMI🐾,СУХОЙ КОРМ ДЛЯ КОШЕК (В УПАКОВКЕ) 🐈 / YUMMI🐾,5
wolt,МОЛОКО И ЯЙЦО / ФЕРМЕРСКИЕ,МОЛОКО И ЯЙЦО / ФЕРМЕРСКИЕ,5
wolt,Капельные кофеварки / Melitta,Капельные кофеварки / Melitta,5
wolt,😺СУХОЙ КОРМ ДЛЯ КОШЕК (НА РАЗВЕС) 🐈 / BEWI CAT😺,😺СУХОЙ КОРМ ДЛЯ КОШЕК (НА РАЗВЕС) 🐈 / BEWI CAT😺,5
wolt,ВСЕ ДЛЯ ВЫПЕЧКИ / ЖЕЛЕ,ВСЕ ДЛЯ ВЫПЕЧКИ / ЖЕЛЕ,5
wolt,😺СУХОЙ КОРМ ДЛЯ КОШЕК (В УПАКОВКЕ) 🐈 / BEWI CAT🐾,😺СУХОЙ КОРМ ДЛЯ КОШЕК (В УПАКОВКЕ) 🐈 / BEWI CAT🐾,5
wolt,СУХОЙ КОРМ ДЛЯ КОШЕК (В УПАКОВКЕ) 🐈 / BLITZ🐾,СУХОЙ КОРМ ДЛЯ КОШЕК (В УПАКОВКЕ) 🐈 / BLITZ🐾,5
wolt,БУКЕТ НА КАЖДЫЙ ДЕНЬ 🥰,БУКЕТ НА КАЖДЫЙ ДЕНЬ 🥰,4
wolt,СУХОЙ КОРМ ДЛЯ КОШЕК (НА РАЗВЕС) 🐈 / CATLAND😺,СУХОЙ КОРМ ДЛЯ КОШЕК (НА РАЗВЕС) 🐈 / CATLAND😺,4
wolt,БАКАЛЕЯ / ОЛИВКОВОЕ МАСЛО,БАКАЛЕЯ / ОЛИВКОВОЕ МАСЛО,4
wolt,СУХОЙ КОРМ ДЛЯ СОБАК (В УПАКОВКЕ)🐶 / ACANA/ORIJEN🐕‍🦺,СУХОЙ КОРМ ДЛЯ СОБАК (В УПАКОВКЕ)🐶 / ACANA/ORIJEN🐕‍🦺,4
wolt,Пакеты для мусора и тряпки,Пакеты для мусора и тряпки,4
wolt,СУХОЙ КОРМ ДЛЯ СОБАК (В УПАКОВКЕ)🐶 / ALPHAPET🐕‍🦺,СУХОЙ КОРМ ДЛЯ СОБАК (В УПАКОВКЕ)🐶 / ALPHAPET🐕‍🦺,4
wolt,СУХОЙ КОРМ ДЛЯ СОБАК (В УПАКОВКЕ)🐶 / FITMIN🐕‍🦺,СУХОЙ КОРМ ДЛЯ СОБАК (В УПАКОВКЕ)🐶 / FITMIN🐕‍🦺,4
wolt,СУХОЙ КОРМ ДЛЯ СОБАК (В УПАКОВКЕ)🐶 / BELCANDO🐕‍🦺,СУХОЙ КОРМ ДЛЯ СОБАК (В УПАКОВКЕ)🐶 / BELCANDO🐕‍🦺,4
wolt,СУХОЙ КОРМ ДЛЯ КОШЕК (В УПАКОВКЕ) 🐈 / СНЕЖОК🐾,СУХОЙ КОРМ ДЛЯ КОШЕК (В УПАКОВКЕ) 🐈 / СНЕЖОК🐾,4
wolt,СУХОЙ КОРМ ДЛЯ КОШЕК (В УПАКОВКЕ) 🐈 / FARMINA VET LIFE🐾,СУХОЙ КОРМ ДЛЯ КОШЕК (В УПАКОВКЕ) 🐈 / FARMINA VET LIFE🐾,4
wolt,СУХОЙ КОРМ ДЛЯ СОБАК (НА РАЗВЕС)🐶😋 / MONGE🐶,СУХОЙ КОРМ ДЛЯ СОБАК (НА РАЗВЕС)🐶😋 / MONGE🐶,4
wolt,"Овощи, фрукты, зелень / Грибы","Овощи, фрукты, зелень / Грибы",4
wolt,"Lavazza Blue • Капсульные кофемашины / SGL","Lavazza Blue • Капсульные кофемашины / SGL",4
wolt,СУХОЙ КОРМ ДЛЯ КОШЕК (НА РАЗВЕС) 🐈 / GREEN HOLDER😺,СУХОЙ КОРМ ДЛЯ КОШЕК (НА РАЗВЕС) 🐈 / GREEN HOLDER😺,4
wolt,СРЕДСТВА ГИГИЕНЫ 🛁 / Бумажные полотенца,СРЕДСТВА ГИГИЕНЫ 🛁 / Бумажные полотенца,4
wolt,СУХОЙ КОРМ ДЛЯ СОБАК (НА РАЗВЕС)🐶😋 / SMARTHEART🐶,СУХОЙ КОРМ ДЛЯ СОБАК (НА РАЗВЕС)🐶😋 / SMARTHEART🐶,4
wolt,СУХОЙ КОРМ ДЛЯ КОШЕК (В УПАКОВКЕ) 🐈 / OPTISAFE🐾,СУХОЙ КОРМ ДЛЯ КОШЕК (В УПАКОВКЕ) 🐈 / OPTISAFE🐾,4
wolt,УХОД ЗА СОБАКАМИ И КОШКАМИ 🐈🐕 / Спреи,УХОД ЗА СОБАКАМИ И КОШКАМИ 🐈🐕 / Спреи,4
wolt,СУХОЙ КОРМ ДЛЯ КОШЕК (В УПАКОВКЕ) 🐈 / AJO🐾,СУХОЙ КОРМ ДЛЯ КОШЕК (В УПАКОВКЕ) 🐈 / AJO🐾,4
wolt,СУХОЙ КОРМ ДЛЯ КОШЕК (НА РАЗВЕС) 🐈 / OPTISAFE😺,СУХОЙ КОРМ ДЛЯ КОШЕК (НА РАЗВЕС) 🐈 / OPTISAFE😺,4
wolt,"Национальная кухня / Кумыс, шубат","Национальная кухня / Кумыс, шубат",3
wolt,АЛКОГОЛЬНЫЕ ТОВАРЫ🍺 / Вино,АЛКОГОЛЬНЫЕ ТОВАРЫ🍺 / Вино,3
wolt,СУХОЙ КОРМ ДЛЯ КОШЕК (В УПАКОВКЕ) 🐈 / MURKEL🐾,СУХОЙ КОРМ ДЛЯ КОШЕК (В УПАКОВКЕ) 🐈 / MURKEL🐾,3
wolt,Акции,Акции,3
wolt,СРЕДСТВА ГИГИЕНЫ / Бритвенные станки,СРЕДСТВА ГИГИЕНЫ / Бритвенные станки,3
wolt,СУХОЙ КОРМ ДЛЯ КОШЕК (В УПАКОВКЕ) 🐈 / GREEN HOLDER🐾,СУХОЙ КОРМ ДЛЯ КОШЕК (В УПАКОВКЕ) 🐈 / GREEN HOLDER🐾,3
wolt,АЛКОГОЛЬНЫЕ ТОВАРЫ🍺 / Ром,АЛКОГОЛЬНЫЕ ТОВАРЫ🍺 / Ром,3
wolt,СУХОЙ КОРМ ДЛЯ КОШЕК (В УПАКОВКЕ) 🐈 / APRO🐾,СУХОЙ КОРМ ДЛЯ КОШЕК (В УПАКОВКЕ) 🐈 / APRO🐾,3
wolt,ЛАКОМСТВА ДЛЯ КОШЕК / ZooWoW,ЛАКОМСТВА ДЛЯ КОШЕК / ZooWoW,3
wolt,СУХОЙ КОРМ ДЛЯ КОШЕК (В УПАКОВКЕ) 🐈 / EMINENT 🐾,СУХОЙ КОРМ ДЛЯ КОШЕК (В УПАКОВКЕ) 🐈 / EMINENT 🐾,3
wolt,ТАБАЧНАЯ ПРОДУКЦИЯ / Richmond,ТАБАЧНАЯ ПРОДУКЦИЯ / Richmond,3
wolt,СУХОЙ КОРМ ДЛЯ СОБАК (В УПАКОВКЕ)🐶 / EMINENT🐕‍🦺,СУХОЙ КОРМ ДЛЯ СОБАК (В УПАКОВКЕ)🐶 / EMINENT🐕‍🦺,3
wolt,СУХОЙ КОРМ ДЛЯ КОШЕК (В УПАКОВКЕ) 🐈 / MELWIN🐾,СУХОЙ КОРМ ДЛЯ КОШЕК (В УПАКОВКЕ) 🐈 / MELWIN🐾,3
wolt,ОЧЕНЬ НАДО / Другое,ОЧЕНЬ НАДО / Другое,3
wolt,СУХОЙ КОРМ ДЛЯ КОШЕК (В УПАКОВКЕ) 🐈 / CATLAND🐾,СУХОЙ КОРМ ДЛЯ КОШЕК (В УПАКОВКЕ) 🐈 / CATLAND🐾,3
wolt,КОЛБАСКИ ,КОЛБАСКИ ,3
wolt,СУХОЙ КОРМ ДЛЯ СОБАК (В УПАКОВКЕ)🐶 / PEDIGREE🐕‍🦺,СУХОЙ КОРМ ДЛЯ СОБАК (В УПАКОВКЕ)🐶 / PEDIGREE🐕‍🦺,3
wolt,СУХОЙ КОРМ ДЛЯ КОШЕК (В УПАКОВКЕ) 🐈 / CAT CHOW🐾,СУХОЙ КОРМ ДЛЯ КОШЕК (В УПАКОВКЕ) 🐈 / CAT CHOW🐾,3
wolt,Диетические продукты / Продукты без белого сахара,Диетические продукты / Продукты без белого сахара,3
wolt,СУХОЙ КОРМ ДЛЯ СОБАК (В УПАКОВКЕ)🐶 / SMARTHEART🐕‍🦺,СУХОЙ КОРМ ДЛЯ СОБАК (В УПАКОВКЕ)🐶 / SMARTHEART🐕‍🦺,3
wolt,СУХОЙ КОРМ ДЛЯ СОБАК (В УПАКОВКЕ)🐶 / УШАСТЫЙ ПИЛОТ🐕‍🦺,СУХОЙ КОРМ ДЛЯ СОБАК (В УПАКОВКЕ)🐶 / УШАСТЫЙ ПИЛОТ🐕‍🦺,3
wolt,СУХОЙ КОРМ ДЛЯ КОШЕК (НА РАЗВЕС) 🐈 / KITEKAT😺,СУХОЙ КОРМ ДЛЯ КОШЕК (НА РАЗВЕС) 🐈 / KITEKAT😺,2
wolt,СУХОЙ КОРМ ДЛЯ СОБАК (НА РАЗВЕС)🐶😋 / ALPHAPET🐶,СУХОЙ КОРМ ДЛЯ СОБАК (НА РАЗВЕС)🐶😋 / ALPHAPET🐶,2
wolt,Консервы / Мясная консервация,Консервы / Мясная консервация,2
wolt,СУХОЙ КОРМ ДЛЯ КОШЕК (НА РАЗВЕС) 🐈 / УШАСТЫЙ ПИЛОТ😺,СУХОЙ КОРМ ДЛЯ КОШЕК (НА РАЗВЕС) 🐈 / УШАСТЫЙ ПИЛОТ😺,2
wolt,"Закуски, чипсы, орехи / Чипсы","Закуски, чипсы, орехи / Чипсы",2
wolt,СЛАДОСТИ 🍰 / ПИРОГИ,СЛАДОСТИ 🍰 / ПИРОГИ,2
wolt,СУХОЙ КОРМ ДЛЯ КОШЕК (В УПАКОВКЕ) 🐈 / TRENDLINE🐾,СУХОЙ КОРМ ДЛЯ КОШЕК (В УПАКОВКЕ) 🐈 / TRENDLINE🐾,2
wolt,"ТЕКИЛА, РОМ, ЛИКЕР🥃 / Кальвадос","ТЕКИЛА, РОМ, ЛИКЕР🥃 / Кальвадос",2
wolt,СУХОЙ КОРМ ДЛЯ КОШЕК (НА РАЗВЕС) 🐈 / MONGE😺,СУХОЙ КОРМ ДЛЯ КОШЕК (НА РАЗВЕС) 🐈 / MONGE😺,2
wolt,ГРИЛЬ,ГРИЛЬ,1
wolt,"Закуски, чипсы, орехи / Сухарики, палочки и прочее","Закуски, чипсы, орехи / Сухарики, палочки и прочее",1
wolt,СУХОЙ КОРМ ДЛЯ КОШЕК (В УПАКОВКЕ) 🐈 / FORZA🐾,СУХОЙ КОРМ ДЛЯ КОШЕК (В УПАКОВКЕ) 🐈 / FORZA🐾,1
wolt,СУХОЙ КОРМ ДЛЯ КОШЕК (НА РАЗВЕС) 🐈 / BEWI CAT😺,СУХОЙ КОРМ ДЛЯ КОШЕК (НА РАЗВЕС) 🐈 / BEWI CAT😺,1
wolt,СУХОЙ КОРМ ДЛЯ КОШЕК (В УПАКОВКЕ) 🐈 / УШАСТЫЙ ПИЛОТ🐾,СУХОЙ КОРМ ДЛЯ КОШЕК (В УПАКОВКЕ) 🐈 / УШАСТЫЙ ПИЛОТ🐾,1
wolt,СУХОЙ КОРМ ДЛЯ КОШЕК (В УПАКОВКЕ) 🐈 / BEWI CAT🐾,СУХОЙ КОРМ ДЛЯ КОШЕК (В УПАКОВКЕ) 🐈 / BEWI CAT🐾,1
wolt,СРЕДСТВА ГИГИЕНЫ 🛁 / Влажные салфетки,СРЕДСТВА ГИГИЕНЫ 🛁 / Влажные салфетки,1
wolt,Консервы / Консервы из морепродуктов,Консервы / Консервы из морепродуктов,1
